patient_id,A,hf_1yr_or_death,age_at_index,yr_from_dx_to_index,sex_F,race_Asian,race_Black or African American,race_Unknown,ethnicity_Hispanic or Latino,ethnicity_Unknown,atherosclerosis,cad,chronic_liver_dz,chronic_lung_dz,ckd,cvd,t2dm,ace_arb,bb,ccb,dpp4i,insulin,loop_diuretic,metformin,mra,other_antihypertensives,statin,sulfonylurea,thiazide,tzd,Albumin,Bilirubin,Chloride,Creatinine,eGFR_MDRD,Glucose,HbA1c,Hemoglobin,Leukocytes,NT-proBNP,Potassium,Sodium,Troponin,Urea nitrogen,DBP,SBP,hf_HFpEF,hf_HFrEF,BMI,bmi_missing,Bilirubin_missing,Chloride_missing,Creatinine_missing,eGFR_MDRD_missing,Glucose_missing,HbA1c_missing,Hemoglobin_missing,Potassium_missing,Sodium_missing,Urea nitrogen_missing,SBP_missing,DBP_missing,Leukocytes_missing,NT-proBNP_missing,Troponin_missing,Albumin_missing
BwJS,0,0,68.0,0.0,False,False,False,True,True,False,0,0,0,0,0,0,0,0,1,1,0,0,1,0,0,0,1,0,1,0,2.8,0.4,95.0,0.49,120.317,111.0,6.0,10.6,16.46,10551.0,3.5,140.0,,31.0,51.0,100.0,0,0,18.2,0,0,0,0,0,0,0,0,0,0,0,0,0,0,0,1,0
BANS,0,0,56.0,3.0,False,False,False,True,True,False,0,1,0,0,0,0,0,1,0,0,0,0,0,0,0,0,1,0,0,0,,,,,,,,,,,,,,,72.0,98.0,0,1,30.56,0,1,1,1,1,1,1,1,1,1,1,0,0,1,1,1,1
BgQS,0,1,58.0,0.0,False,False,False,True,True,False,0,1,0,0,0,0,1,1,1,0,1,1,1,0,1,0,1,0,0,0,,0.5,104.0,1.07,96.1602,169.0,10.3,15.5,,581.0,4.2,140.0,,16.0,75.0,114.0,0,0,45.72,0,0,0,0,0,0,0,0,0,0,0,0,0,1,0,1,1
BARS,0,0,69.0,1.0,False,False,False,False,False,False,0,0,0,0,0,0,0,0,0,0,0,0,0,0,0,0,0,1,0,0,,,,,,,,,,,,,,,80.0,136.0,1,0,31.79,0,1,1,1,1,1,1,1,1,1,1,0,0,1,1,1,1
BQRS,0,1,77.0,0.0,False,False,False,False,False,False,0,0,0,0,0,0,1,1,1,0,0,1,1,1,1,0,1,0,0,0,,,96.0,1.15,61.8283,230.0,6.6,10.2,,4821.0,4.9,132.0,,43.0,68.0,119.0,0,1,26.53,0,1,0,0,0,0,0,0,0,0,0,0,0,1,0,1,1
BgRS,1,0,86.0,2.0,False,False,False,False,False,False,0,0,0,1,0,0,0,1,1,0,0,0,1,0,0,0,1,0,0,0,,,,,,,5.7,,,,,,,,74.0,126.0,1,0,31.47,0,1,1,1,1,1,0,1,1,1,1,0,0,1,1,1,1
BgTS,0,0,19.0,1.0,False,False,False,True,False,True,0,0,0,0,0,0,0,0,1,0,0,0,0,0,0,0,1,0,0,0,4.5,0.2,100.0,1.08,69.5096,327.0,,,,,4.7,139.0,,20.0,68.0,120.0,0,1,32.28,0,0,0,0,0,0,1,1,0,0,0,0,0,1,1,1,0
BwUS,1,0,44.0,0.0,True,False,True,False,False,False,0,1,0,1,0,0,1,0,1,1,0,1,1,1,0,1,0,0,0,0,,0.8,101.0,0.92,81.5719,181.0,6.0,15.8,,216.0,3.9,138.0,,14.0,86.0,127.0,0,0,43.77,0,0,0,0,0,0,0,0,0,0,0,0,0,1,0,1,1
BAVS,0,0,88.0,0.0,False,False,False,False,False,False,0,0,0,0,0,0,0,1,1,0,0,0,1,1,1,0,1,0,0,0,,,,,,,,,,,,,,,70.0,138.0,1,0,30.45,0,1,1,1,1,1,1,1,1,1,1,0,0,1,1,1,1
BwVS,0,0,60.0,0.0,True,False,False,False,False,False,0,1,0,0,0,0,0,1,1,1,0,0,1,0,1,0,1,0,0,0,,0.9,101.0,1.01,75.6081,128.0,6.0,14.3,,2651.0,4.0,139.0,13.0,19.0,70.0,112.0,0,1,32.48,0,0,0,0,0,0,0,0,0,0,0,0,0,1,0,0,1
BQWS,1,0,70.0,1.0,False,False,False,False,False,False,0,1,1,0,0,0,0,1,0,0,0,0,0,0,0,0,1,0,1,0,4.3,0.7,102.0,0.63,90.6944,97.0,5.9,13.6,5.6,,4.3,141.0,,13.0,68.0,122.0,1,0,32.78,0,0,0,0,0,0,0,0,0,0,0,0,0,0,1,1,0
BwWS,0,0,63.0,3.0,False,False,False,False,False,False,0,0,0,1,0,0,1,1,1,1,1,1,1,1,0,0,1,1,0,0,4.0,0.7,104.0,0.79,,136.0,6.6,12.5,,,4.1,140.0,,19.0,78.0,136.0,0,1,30.46,0,0,0,0,1,0,0,0,0,0,0,0,0,1,1,1,0
BAZS,1,0,59.0,4.0,False,False,False,False,False,False,0,0,0,0,0,0,1,0,1,0,0,0,0,0,0,0,1,0,0,0,4.6,1.0,103.0,1.11,64.9353,124.0,7.4,,,,4.6,141.0,,20.0,104.0,175.0,1,0,32.78,0,0,0,0,0,0,0,1,0,0,0,0,0,1,1,1,0
BQZS,0,0,46.0,0.0,False,False,True,False,False,False,0,0,0,0,0,0,0,0,0,0,0,1,1,0,1,0,0,0,0,0,,,,,,,,,,,,,,,79.0,124.0,0,1,37.49,0,1,1,1,1,1,1,1,1,1,1,0,0,1,1,1,1
BQaS,0,0,77.0,2.0,False,False,False,False,False,False,0,0,0,0,0,0,0,1,1,0,0,0,1,0,1,0,0,0,0,0,,0.8,103.0,1.12,64.051,95.0,5.8,14.7,,2192.0,4.2,139.0,,22.0,57.0,89.0,0,1,28.07,0,0,0,0,0,0,0,0,0,0,0,0,0,1,0,1,1
BgaS,0,0,69.0,0.0,False,False,False,False,False,False,0,1,0,0,0,0,0,1,1,1,0,0,1,0,1,1,1,0,0,0,,0.6,103.0,1.05,68.4901,96.0,5.2,13.2,,14242.0,4.0,138.0,,21.0,77.0,120.0,0,0,26.29,0,0,0,0,0,0,0,0,0,0,0,0,0,1,0,1,1
BgbS,0,1,74.0,4.0,False,False,False,False,False,False,0,0,0,0,0,0,0,1,1,1,0,0,1,0,0,0,1,0,0,0,,,103.0,0.68,84.8149,96.0,,13.8,,,4.0,142.0,,18.0,85.0,146.0,0,0,35.94,0,1,0,0,0,0,1,0,0,0,0,0,0,1,1,1,1
BwbS,0,0,72.0,1.0,False,False,True,False,False,False,0,1,0,0,0,1,0,1,1,1,0,0,1,0,1,0,1,0,0,0,4.1,0.4,100.0,1.33,38.8937,79.0,5.4,11.7,8.8,6584.0,4.2,141.0,,23.0,60.0,144.0,0,1,41.1025,0,0,0,0,0,0,0,0,0,0,0,0,0,0,0,1,0
BQdS,0,1,54.0,0.0,False,False,False,False,False,False,0,1,1,0,0,0,1,1,1,1,0,1,1,1,1,1,1,0,0,0,,1.0,101.0,1.05,79.0,155.0,6.5,13.0,,1208.0,4.8,135.0,,17.0,73.0,115.0,0,0,29.83,0,0,0,0,0,0,0,0,0,0,0,0,0,1,0,1,1
BQeS,0,0,79.0,3.0,False,False,False,False,False,False,0,1,0,0,0,0,1,1,1,0,0,0,0,0,1,0,1,0,0,0,4.5,1.2,101.0,0.88,86.9128,280.0,7.7,15.4,6.2,,4.6,137.0,,14.0,65.0,95.0,0,1,26.12,0,0,0,0,0,0,0,0,0,0,0,0,0,0,1,1,0
BgeS,0,0,71.0,0.0,False,False,False,False,False,True,0,0,0,0,0,0,0,1,1,0,1,1,0,1,0,0,1,0,0,0,,,99.0,1.5,45.8748,198.0,,12.7,,80.0,5.2,141.0,32.0,39.0,79.0,123.0,1,0,27.33,0,1,0,0,0,0,1,0,0,0,0,0,0,1,0,0,1
BweS,0,1,80.0,0.0,True,False,False,False,False,False,0,0,0,0,0,0,0,1,1,0,0,1,1,0,1,0,1,0,0,0,3.2,1.4,104.0,0.88,,,6.6,13.8,5.55,22475.0,4.2,139.0,,22.0,54.0,88.0,0,1,29.95,0,0,0,0,1,1,0,0,0,0,0,0,0,0,0,1,0
BQhS,0,1,62.0,0.0,False,False,False,False,False,False,0,0,0,0,0,0,0,1,1,0,0,0,1,0,1,0,1,0,0,0,,0.9,100.0,1.13,87.5592,99.0,5.1,14.3,,3215.0,3.8,137.0,,16.0,61.0,101.0,0,1,33.9,0,0,0,0,0,0,0,0,0,0,0,0,0,1,0,1,1
BghS,0,0,80.0,1.0,False,False,False,False,False,False,0,0,0,0,0,0,0,0,1,1,0,0,1,0,0,1,1,0,1,0,,,,,,,,,,,,,,,70.0,160.0,1,0,30.82,0,1,1,1,1,1,1,1,1,1,1,0,0,1,1,1,1
BwiS,1,0,,,False,False,False,False,False,False,0,1,0,0,1,0,1,0,0,1,1,1,0,1,0,0,1,0,0,0,,0.4,108.0,1.38,50.232,123.0,,13.8,,,4.3,143.0,,22.0,80.0,124.0,1,0,31.45,0,0,0,0,0,0,1,0,0,0,0,0,0,1,1,1,1
BAjS,0,1,89.0,2.0,False,False,True,False,False,False,1,1,0,1,0,0,1,1,1,1,0,1,1,0,1,1,1,0,0,0,,0.4,109.0,1.14,67.0,99.0,7.8,13.6,,,4.2,145.0,,17.0,82.0,145.0,0,0,28.94,0,0,0,0,0,0,0,0,0,0,0,0,0,1,1,1,1
BQjS,1,0,72.0,0.0,True,False,False,False,False,False,0,0,0,0,0,0,1,0,1,1,0,1,0,0,0,0,0,0,1,0,,,103.0,0.77,72.883,155.0,,11.7,,,4.3,141.0,,12.0,74.0,138.0,0,0,30.48,0,1,0,0,0,0,1,0,0,0,0,0,0,1,1,1,1
BgjS,0,0,81.0,2.0,True,False,False,False,False,False,0,1,0,1,0,0,1,1,1,1,1,1,1,0,0,0,1,0,0,0,,1.3,95.0,1.75,45.0,232.0,7.5,17.7,,2678.0,3.8,135.0,,23.0,66.0,123.0,0,1,43.0,0,0,0,0,0,0,0,0,0,0,0,0,0,1,0,1,1
BgkS,1,0,65.0,0.0,False,False,False,True,False,True,0,1,0,0,1,0,1,1,1,1,1,1,0,1,0,1,1,0,0,1,4.6,0.2,101.0,1.79,45.9991,234.0,9.1,10.4,11.2,374.0,4.1,136.0,,23.0,78.0,160.0,1,0,29.05,0,0,0,0,0,0,0,0,0,0,0,0,0,0,0,1,0
BgmS,0,1,46.0,1.0,True,False,True,False,False,False,0,0,0,0,0,1,1,1,1,0,0,1,1,0,0,0,0,0,0,0,,,,,,,,,,,,,,,80.0,120.0,0,0,48.81,0,1,1,1,1,1,1,1,1,1,1,0,0,1,1,1,1
BwmS,0,0,54.0,2.0,False,False,False,False,False,False,0,0,0,0,0,0,0,1,1,1,0,0,1,0,1,0,1,0,0,0,,0.5,107.0,0.92,75.469,98.0,,13.9,,322.0,4.7,140.0,10.0,12.0,55.0,103.0,0,0,30.4781,0,0,0,0,0,0,1,0,0,0,0,0,0,1,0,0,1
BwnS,0,0,70.0,0.0,False,False,False,False,False,False,0,0,0,0,0,0,1,0,1,0,0,1,1,0,1,0,1,0,0,0,,0.4,94.0,0.76,87.6741,190.0,7.5,8.7,,11257.0,4.3,133.0,56.0,14.0,53.0,105.0,0,0,35.4,0,0,0,0,0,0,0,0,0,0,0,0,0,1,0,0,1
BgoS,0,0,73.0,0.0,False,False,False,False,False,False,0,1,0,0,0,0,0,1,1,1,0,0,0,0,0,0,1,0,0,0,,,103.0,1.15,46.3829,97.0,,13.3,,,4.5,140.0,,21.0,80.0,146.0,0,1,42.45,0,1,0,0,0,0,1,0,0,0,0,0,0,1,1,1,1
BwoS,0,0,80.0,4.0,True,False,False,False,False,False,0,1,0,0,0,0,0,1,1,0,0,0,0,0,1,0,1,0,0,0,,,,,,,,,,,,,,,77.0,110.0,0,1,22.78,0,1,1,1,1,1,1,1,1,1,1,0,0,1,1,1,1
BApS,0,0,65.0,0.0,True,True,False,False,False,False,0,0,0,0,1,0,0,0,1,0,0,0,1,0,1,0,1,0,0,0,,,,,,,,,,,,,,,64.0,126.0,0,1,28.45,0,1,1,1,1,1,1,1,1,1,1,0,0,1,1,1,1
BwpS,0,0,86.0,4.0,True,False,False,False,False,False,0,0,0,0,0,0,0,0,0,0,0,0,1,0,0,0,1,0,0,0,,,,,,,,,,,,,,,86.0,138.0,0,0,,1,1,1,1,1,1,1,1,1,1,1,0,0,1,1,1,1
BQqS,0,0,58.0,1.0,False,False,False,False,False,False,0,0,0,0,0,0,0,1,1,0,0,0,1,0,1,0,1,0,0,0,,0.6,101.0,0.77,75.0,93.0,5.4,11.9,,416.0,4.6,138.0,,19.0,79.0,138.0,1,0,34.08,0,0,0,0,0,0,0,0,0,0,0,0,0,1,0,1,1
BAtS,1,0,66.0,1.0,False,False,False,False,False,False,0,0,0,0,0,0,0,0,1,0,0,0,0,0,0,0,1,0,0,0,4.2,0.5,106.0,0.89,,97.0,5.8,,,,4.7,140.0,,16.0,78.0,130.0,0,1,42.47,0,0,0,0,1,0,0,1,0,0,0,0,0,1,1,1,0
BwuS,0,0,78.0,0.0,False,False,False,False,False,False,0,0,0,0,0,0,0,0,1,1,0,1,1,0,0,1,1,0,0,0,,0.8,104.0,1.16,55.5161,156.0,6.2,12.8,,,3.9,139.0,27.0,31.0,100.0,203.0,0,0,25.71,0,0,0,0,0,0,0,0,0,0,0,0,0,1,1,0,1
BgvS,0,0,57.0,1.0,False,False,False,False,False,False,0,1,0,0,0,0,1,1,1,0,1,1,0,1,0,0,1,0,0,0,4.2,0.6,96.0,0.86,90.4076,209.0,7.6,17.2,6.7,,4.3,135.0,,19.0,70.0,106.0,0,0,29.95,0,0,0,0,0,0,0,0,0,0,0,0,0,0,1,1,0
BwvS,0,0,75.0,0.0,True,False,False,False,False,False,0,1,1,0,0,0,0,1,1,1,0,0,0,0,1,0,1,0,1,0,,0.9,104.0,0.96,81.6246,121.0,6.1,14.6,,46.0,3.8,139.0,7359.0,13.0,62.0,103.0,0,0,37.65,0,0,0,0,0,0,0,0,0,0,0,0,0,1,0,0,1
BQwS,0,0,89.0,1.0,False,False,False,False,False,False,0,1,0,1,0,0,1,1,1,0,0,1,1,1,1,1,0,1,1,0,,0.6,96.0,0.96,61.2646,216.0,8.8,11.3,,1796.0,4.2,134.0,46.0,26.0,67.0,118.0,0,0,31.31,0,0,0,0,0,0,0,0,0,0,0,0,0,1,0,0,1
BwxS,1,0,45.0,1.0,False,False,False,False,False,False,0,1,0,1,0,0,1,1,1,0,0,0,0,0,0,0,1,0,0,0,,,,,,,,11.0,7.2,,,,,,72.0,134.0,1,0,32.06,0,1,1,1,1,1,1,0,1,1,1,0,0,0,1,1,1
BgyS,0,0,72.0,5.0,False,False,False,True,False,True,1,0,0,0,1,0,1,1,1,0,0,0,0,1,0,0,1,0,0,0,4.0,0.4,102.0,0.55,99.0,169.0,5.4,10.7,,1029.0,4.4,140.0,,17.0,83.0,150.0,0,0,33.18,0,0,0,0,0,0,0,0,0,0,0,0,0,1,0,1,0
BwyS,0,0,66.0,0.0,False,False,False,True,False,True,0,0,0,0,0,0,0,1,1,1,0,0,0,0,1,0,0,0,1,0,,0.4,108.0,1.39,61.0,124.0,,12.5,,3705.0,3.8,141.0,,32.0,78.0,125.0,0,0,27.3,0,0,0,0,0,0,1,0,0,0,0,0,0,1,0,1,1
BA0S,0,0,63.0,3.0,True,False,False,False,True,False,0,0,0,1,0,0,0,1,1,0,0,0,0,0,0,0,0,0,0,0,4.5,0.8,85.0,0.79,99.385,86.0,,12.6,5.6,,2.8,132.0,,6.0,70.0,118.0,0,1,29.58,0,0,0,0,0,0,1,0,0,0,0,0,0,0,1,1,0
Bg0S,0,1,74.0,6.0,True,False,False,False,False,False,0,1,0,0,1,0,1,1,1,0,0,1,1,0,0,1,1,0,1,0,,0.9,98.0,1.05,50.6867,185.0,10.8,15.2,,794.0,3.7,139.0,,28.0,62.0,102.0,0,0,34.25,0,0,0,0,0,0,0,0,0,0,0,0,0,1,0,1,1
BQ1S,0,0,43.0,0.0,False,False,False,False,False,False,0,0,0,0,0,0,0,0,0,1,1,1,0,1,0,0,1,0,0,0,,0.3,98.0,0.46,120.0,187.0,,14.3,,,4.1,133.0,,17.0,104.0,148.0,0,0,36.33,0,0,0,0,0,0,1,0,0,0,0,0,0,1,1,1,1
Bw1S,1,0,86.0,5.0,True,False,False,False,False,False,0,1,0,0,0,0,1,1,1,0,1,0,0,1,0,0,1,1,0,1,4.5,0.6,100.0,0.86,87.9168,162.0,9.6,16.0,12.2,,4.4,137.0,,19.0,,,1,0,34.21,0,0,0,0,0,0,0,0,0,0,0,1,1,0,1,1,0
Bg2S,0,1,68.0,0.0,False,False,False,True,False,True,0,1,0,0,0,0,0,1,1,1,0,1,1,0,1,0,1,0,0,0,,0.3,100.0,1.24,62.0,130.0,5.6,10.0,,8057.0,3.7,138.0,,26.0,60.0,95.0,0,0,31.11,0,0,0,0,0,0,0,0,0,0,0,0,0,1,0,1,1
Bw2S,0,0,65.0,1.0,True,False,False,False,False,False,0,0,0,1,0,0,0,0,0,0,0,0,1,0,0,1,0,0,0,0,,,,,,,,,,,,,,,80.0,120.0,0,0,38.61,0,1,1,1,1,1,1,1,1,1,1,0,0,1,1,1,1
Bg3S,0,0,81.0,0.0,True,False,False,False,False,False,0,0,0,1,0,0,1,0,0,0,0,1,1,0,1,0,1,0,0,0,3.7,0.5,92.0,1.88,35.1579,358.0,,,,472.0,5.0,133.0,,56.0,62.0,110.0,1,0,28.32,0,0,0,0,0,0,1,1,0,0,0,0,0,1,0,1,0
Bw3S,0,1,87.0,3.0,True,False,False,False,False,False,1,1,0,1,0,0,0,0,1,1,0,0,1,0,1,0,1,0,0,0,,0.2,95.0,0.58,135.1524,94.0,,8.3,,740.0,4.8,139.0,26.0,26.0,66.0,108.0,0,1,25.49,0,0,0,0,0,0,1,0,0,0,0,0,0,1,0,0,1
BA4S,0,0,82.0,4.0,False,False,False,True,False,True,0,1,0,0,0,0,1,0,1,0,0,0,0,0,0,0,1,0,1,0,,,,,,,,,,,,,,,70.0,159.0,0,0,27.6,0,1,1,1,1,1,1,1,1,1,1,0,0,1,1,1,1
Bg5S,0,0,59.0,0.0,False,False,False,True,False,True,0,1,0,0,0,0,1,1,1,0,0,0,0,0,1,0,0,0,0,0,4.9,0.4,103.0,1.13,,,7.5,11.7,6.63,1547.0,5.5,139.0,,59.0,65.0,110.0,0,1,20.7,0,0,0,0,1,1,0,0,0,0,0,0,0,0,0,1,0
BQ6S,1,0,44.0,3.0,False,True,False,False,False,False,1,1,0,1,0,0,1,1,1,1,1,1,0,1,0,0,1,0,0,0,4.3,0.3,106.0,0.65,90.6443,69.0,9.0,14.4,8.8,,4.6,143.0,,16.0,62.0,117.0,0,0,28.97,0,0,0,0,0,0,0,0,0,0,0,0,0,0,1,1,0
Bw6S,1,0,86.0,2.0,False,False,False,True,False,False,0,1,0,0,0,0,0,0,0,0,0,1,0,0,0,0,1,0,0,0,4.1,0.6,107.0,0.72,80.5528,62.0,6.6,13.4,,,4.3,142.0,,12.0,76.0,139.0,0,0,29.83,0,0,0,0,0,0,0,0,0,0,0,0,0,1,1,1,0
BA7S,1,0,80.0,2.0,False,True,False,False,False,False,0,0,1,0,0,0,0,1,1,0,0,0,0,0,0,1,0,0,0,0,4.1,0.4,106.0,0.89,85.7868,108.0,5.7,14.6,6.4,,4.1,140.0,,17.0,75.0,151.0,0,0,35.49,0,0,0,0,0,0,0,0,0,0,0,0,0,0,1,1,0
BQ8S,1,1,74.0,0.0,False,False,False,False,False,False,0,0,0,1,0,0,1,1,1,1,0,1,1,1,0,0,1,0,0,0,,0.7,106.0,1.07,61.2675,94.0,5.9,13.2,,7794.0,4.6,143.0,,20.0,60.0,98.0,0,0,31.25,0,0,0,0,0,0,0,0,0,0,0,0,0,1,0,1,1
Bg9S,0,0,64.0,7.0,False,False,False,False,False,False,0,1,0,0,0,1,1,1,0,0,0,0,0,1,0,0,1,1,1,0,4.3,1.1,97.0,0.53,131.2749,370.0,12.9,15.8,,,4.6,135.0,,19.0,79.0,116.0,0,1,33.98,0,0,0,0,0,0,0,0,0,0,0,0,0,1,1,1,0
Bw9S,0,0,71.0,0.0,False,False,False,False,False,False,0,1,0,0,0,0,1,1,1,1,0,0,0,1,0,0,0,0,0,0,,,,,,,,,,,,,,,68.0,145.0,0,0,41.36,0,1,1,1,1,1,1,1,1,1,1,0,0,1,1,1,1
Bw_S,0,1,46.0,0.0,False,False,False,False,False,False,0,0,0,0,0,0,0,1,1,0,0,0,0,0,1,0,1,0,0,0,4.7,0.7,101.0,0.94,78.8878,130.0,5.4,,,,4.6,139.0,,19.0,76.0,118.0,0,1,31.28,0,0,0,0,0,0,0,1,0,0,0,0,0,1,1,1,0
BA#S,0,0,67.0,2.0,False,False,False,False,False,False,0,1,0,0,0,0,0,1,1,1,0,0,0,0,1,0,0,0,0,0,4.8,0.7,105.0,1.03,69.4859,104.0,,13.7,5.5,,4.1,143.0,,26.0,97.0,145.0,0,1,33.45,0,0,0,0,0,0,1,0,0,0,0,0,0,0,1,1,0
BQ#S,0,0,58.0,0.0,True,False,False,False,False,False,0,0,0,0,0,0,0,1,1,0,0,0,0,0,1,0,1,0,0,0,3.9,0.7,108.0,0.7,82.4885,82.0,5.1,12.3,6.66,562.0,4.2,140.0,,12.0,68.0,132.0,0,1,35.4,0,0,0,0,0,0,0,0,0,0,0,0,0,0,0,1,0
BgAT,0,0,62.0,0.0,False,False,False,False,False,False,0,0,0,0,0,0,0,1,1,1,0,0,1,0,1,0,1,0,1,0,,0.6,92.0,0.94,68.0,99.0,5.9,11.4,,3333.0,3.3,140.0,,22.0,54.0,110.0,0,1,38.71,0,0,0,0,0,0,0,0,0,0,0,0,0,1,0,1,1
BABT,1,0,70.0,3.0,False,False,False,False,False,False,0,1,0,0,0,0,1,1,1,1,1,1,0,1,0,0,1,1,1,0,,0.4,101.0,0.72,81.5503,84.0,6.1,12.7,,179.0,3.8,138.0,8.0,18.0,68.0,126.0,1,0,31.57,0,0,0,0,0,0,0,0,0,0,0,0,0,1,0,0,1
BgCT,0,0,63.0,0.0,True,False,False,False,False,False,0,1,0,0,0,0,1,1,1,1,1,1,0,1,0,0,1,1,1,0,,0.3,101.0,0.74,102.0,152.0,8.8,12.8,,153.0,4.1,138.0,,10.0,76.0,141.0,0,0,29.72,0,0,0,0,0,0,0,0,0,0,0,0,0,1,0,1,1
BgDT,0,0,53.0,1.0,True,False,False,False,False,False,0,0,0,0,0,0,0,1,1,0,0,0,1,1,0,0,1,0,0,0,3.9,1.2,105.0,1.21,59.2855,,5.8,13.2,6.18,846.7,4.3,142.0,,27.0,80.0,130.0,0,0,36.1495,0,0,0,0,0,1,0,0,0,0,0,0,0,0,0,1,0
BQET,0,0,48.0,0.0,False,False,False,False,False,False,1,1,0,1,1,0,1,1,1,0,1,1,1,1,1,0,1,0,0,0,4.6,0.7,100.0,0.99,75.6324,166.0,8.2,13.8,6.3,1649.0,5.0,138.0,,31.0,82.0,153.0,0,1,26.25,0,0,0,0,0,0,0,0,0,0,0,0,0,0,0,1,0
BwET,0,0,75.0,1.0,True,False,True,False,False,False,0,1,0,0,0,1,0,1,1,0,0,0,1,0,0,1,1,0,0,0,4.2,0.7,102.0,0.97,75.4512,79.0,,16.2,7.7,,5.4,140.0,,12.0,82.0,127.0,1,0,27.46,0,0,0,0,0,0,1,0,0,0,0,0,0,0,1,1,0
BQGT,0,0,63.0,2.0,False,False,False,False,False,False,0,0,0,0,0,0,1,1,0,0,0,1,0,1,0,1,1,1,1,0,4.4,0.3,102.0,0.87,88.3443,156.0,7.7,12.6,8.7,,3.6,140.0,,22.0,68.0,118.0,1,0,34.44,0,0,0,0,0,0,0,0,0,0,0,0,0,0,1,1,0
BgGT,0,0,84.0,4.0,False,False,False,True,False,False,0,1,0,0,0,0,0,1,1,0,0,0,0,0,1,0,1,0,0,0,,0.4,109.0,0.91,84.9845,102.0,5.1,13.3,,,4.7,144.0,,16.0,96.0,137.0,0,0,24.2,0,0,0,0,0,0,0,0,0,0,0,0,0,1,1,1,1
BQIT,0,0,77.0,3.0,True,False,False,False,False,False,0,1,0,0,0,0,1,1,1,0,0,0,1,1,0,0,0,1,0,0,,0.4,102.0,1.08,49.4576,140.0,,9.3,,,4.1,140.0,,23.0,74.0,177.0,0,0,35.65,0,0,0,0,0,0,1,0,0,0,0,0,0,1,1,1,1
BgIT,0,0,55.0,3.0,True,False,False,False,False,False,0,1,0,0,0,0,0,1,1,0,0,0,1,0,0,0,1,0,0,0,4.4,0.4,97.0,0.64,,121.0,5.3,11.1,8.1,,4.7,134.0,,16.0,62.0,134.0,0,0,39.06,0,0,0,0,1,0,0,0,0,0,0,0,0,0,1,1,0
BwIT,0,0,85.0,0.0,False,False,False,False,False,False,0,1,0,0,0,0,0,1,1,0,0,0,0,0,1,0,1,0,1,0,,,100.0,1.16,65.3672,158.0,5.6,15.7,,,4.9,137.0,,18.0,80.0,123.0,0,1,29.83,0,1,0,0,0,0,0,0,0,0,0,0,0,1,1,1,1
BQJT,0,1,84.0,0.0,False,False,False,False,False,False,0,0,0,0,0,0,0,0,0,0,0,1,1,0,0,0,1,0,1,0,,0.4,99.0,0.61,130.3053,129.0,6.2,10.7,,1441.0,4.3,138.0,11.0,24.0,56.0,110.0,0,0,20.1091,0,0,0,0,0,0,0,0,0,0,0,0,0,1,0,0,1
BwKT,1,0,85.0,2.0,False,False,False,False,False,False,0,0,0,0,0,0,0,1,1,0,0,0,1,0,0,0,1,0,0,0,,,,,,,,,,,,,,,68.0,110.0,1,0,46.64,0,1,1,1,1,1,1,1,1,1,1,0,0,1,1,1,1
BgLT,0,1,70.0,0.0,False,False,False,False,False,False,0,1,0,0,0,0,0,0,1,0,0,0,0,0,0,0,0,0,1,0,,0.6,76.0,0.49,118.0,111.0,4.9,14.6,,24029.0,3.2,110.0,,8.0,83.0,127.0,0,1,29.57,0,0,0,0,0,0,0,0,0,0,0,0,0,1,0,1,1
BwLT,1,0,66.0,4.0,False,False,False,False,False,True,0,1,0,0,1,0,1,1,1,0,0,1,1,0,1,0,1,0,0,0,,,104.0,1.37,51.0768,106.0,6.7,10.6,,,4.8,138.0,,34.0,57.0,171.0,0,0,,1,1,0,0,0,0,0,0,0,0,0,0,0,1,1,1,1
BgMT,0,1,75.0,1.0,False,False,False,False,False,False,1,1,0,1,0,0,0,1,1,0,0,0,1,0,1,0,1,0,0,0,,0.6,105.0,0.77,72.3125,93.0,,9.0,,1687.0,4.6,136.0,46.0,24.0,51.0,108.0,0,1,23.97,0,0,0,0,0,0,1,0,0,0,0,0,0,1,0,0,1
BwNT,1,0,63.0,2.0,False,False,True,False,False,False,0,0,0,0,0,0,1,1,0,0,0,0,0,0,0,0,1,0,0,0,4.7,0.3,100.0,0.69,90.0574,122.0,,12.8,9.6,,4.6,140.0,,10.0,80.0,104.0,1,0,36.22,0,0,0,0,0,0,1,0,0,0,0,0,0,0,1,1,0
BQOT,1,0,74.0,1.0,True,False,False,False,False,True,0,1,0,0,0,0,1,1,1,1,0,1,0,1,0,0,1,0,1,0,,0.5,103.0,0.88,85.1268,127.0,6.6,13.7,,,4.2,139.0,,24.0,60.0,98.0,0,0,28.79,0,0,0,0,0,0,0,0,0,0,0,0,0,1,1,1,1
BgOT,1,0,84.0,2.0,True,False,False,False,False,False,0,0,0,0,0,0,1,1,1,0,0,1,0,0,0,0,0,0,1,0,,0.3,105.0,1.2,44.0364,111.0,,11.5,,6400.0,4.8,140.0,11.0,24.0,82.0,136.0,1,0,29.44,0,0,0,0,0,0,1,0,0,0,0,0,0,1,0,0,1
BwOT,0,1,70.0,4.0,False,False,False,False,False,False,0,1,0,0,1,0,1,1,1,0,0,0,1,0,1,0,1,0,0,0,3.4,0.4,107.0,1.38,36.4244,108.0,,11.2,6.6,,4.2,141.0,,16.0,76.0,126.0,0,0,34.32,0,0,0,0,0,0,1,0,0,0,0,0,0,0,1,1,0
BAPT,0,0,75.0,0.0,False,False,False,False,False,True,0,0,0,0,1,0,1,1,1,1,0,0,0,1,1,0,1,1,1,1,,,,,,,,,,,,,,,77.0,126.0,0,1,,1,1,1,1,1,1,1,1,1,1,1,0,0,1,1,1,1
BQPT,0,0,72.0,0.0,False,False,False,False,False,False,0,0,0,0,0,0,1,1,1,0,0,0,1,1,1,0,1,0,0,0,,,,,,,,,,,,,,,70.0,100.0,0,0,44.63,0,1,1,1,1,1,1,1,1,1,1,0,0,1,1,1,1
BgPT,0,0,69.0,1.0,False,False,False,True,False,False,0,1,0,0,0,0,1,1,1,0,0,1,0,1,0,1,1,0,1,0,,,102.0,0.95,80.0,134.0,,13.4,,,3.9,136.0,,14.0,60.0,102.0,1,0,26.8,0,1,0,0,0,0,1,0,0,0,0,0,0,1,1,1,1
BQQT,0,1,83.0,0.0,True,False,False,False,False,False,0,0,0,1,0,0,0,1,1,1,1,0,1,0,1,0,1,0,1,0,,0.8,100.0,0.58,104.6626,147.0,5.9,14.1,,5759.0,4.0,135.0,,17.0,89.0,123.0,0,0,24.65,0,0,0,0,0,0,0,0,0,0,0,0,0,1,0,1,1
BwQT,0,0,72.0,0.0,False,False,False,False,False,False,1,0,0,0,0,0,0,1,1,0,0,0,0,0,0,0,1,0,1,0,,,105.0,0.71,107.8651,69.0,,9.6,,8796.0,4.2,137.0,,9.0,69.0,161.0,0,0,21.73,0,1,0,0,0,0,1,0,0,0,0,0,0,1,0,1,1
BgRT,0,1,81.0,0.0,True,False,False,False,False,False,0,0,1,0,0,0,0,1,1,0,0,0,0,0,1,0,0,0,0,0,,0.8,101.0,0.69,117.3608,94.0,5.2,15.4,,1318.0,4.3,136.0,,13.0,86.0,131.0,0,0,27.88,0,0,0,0,0,0,0,0,0,0,0,0,0,1,0,1,1
BAST,0,0,77.0,2.0,False,False,False,False,False,False,0,1,0,1,0,0,0,0,1,0,1,0,1,0,0,0,1,0,0,0,4.2,0.8,0.101,1.07,65.6836,87.0,5.0,14.5,7.6,,0.0048,0.137,,,50.0,92.0,0,1,22.78,0,0,0,0,0,0,0,0,0,0,1,0,0,0,1,1,0
BATT,0,0,49.0,0.0,True,False,False,False,True,False,0,1,0,0,0,0,0,1,1,1,1,1,0,1,0,0,1,0,0,0,,0.7,101.0,1.25,61.0,188.0,6.6,17.6,,541.0,4.5,141.0,,32.0,74.0,163.0,0,0,33.19,0,0,0,0,0,0,0,0,0,0,0,0,0,1,0,1,1
BwTT,0,0,68.0,0.0,True,False,False,False,False,False,0,1,0,0,0,0,0,1,1,1,0,0,0,0,1,0,1,0,1,0,4.2,0.6,105.0,0.55,107.7522,113.0,4.7,11.5,,6152.0,4.0,141.0,862.0,10.0,55.0,104.0,0,1,20.01,0,0,0,0,0,0,0,0,0,0,0,0,0,1,0,0,0
BQUT,0,0,59.0,0.0,False,False,False,False,False,True,0,0,0,0,1,0,0,1,1,1,0,0,1,0,0,1,1,0,1,0,4.5,0.5,96.0,0.89,,99.0,,10.9,6.3,4042.0,3.5,137.0,41.0,19.0,67.0,146.0,1,0,31.6,0,0,0,0,1,0,1,0,0,0,0,0,0,0,0,0,0
BAWT,1,0,80.0,0.0,False,False,False,False,True,False,0,1,0,0,0,1,1,1,1,1,1,1,1,1,0,0,1,1,0,0,,0.6,99.0,0.78,71.9991,174.0,6.9,11.7,,,3.8,135.0,,17.0,68.0,104.0,0,0,29.63,0,0,0,0,0,0,0,0,0,0,0,0,0,1,1,1,1
BwYT,0,0,62.0,3.0,False,False,False,False,False,False,0,0,0,0,0,0,0,1,1,0,0,0,1,0,1,0,1,0,1,0,,,,,,,,,,,,,,,70.0,118.0,0,0,27.82,0,1,1,1,1,1,1,1,1,1,1,0,0,1,1,1,1
BwZT,0,1,62.0,0.0,True,False,True,False,False,False,0,0,0,0,0,0,0,1,1,1,0,1,1,0,1,0,0,0,0,0,,0.3,100.0,0.84,97.9454,132.0,5.8,9.9,,200.0,4.0,133.0,11.0,44.0,56.0,96.0,0,1,30.37,0,0,0,0,0,0,0,0,0,0,0,0,0,1,0,0,1
BAbT,0,0,79.0,0.0,False,False,False,False,False,False,0,1,0,0,0,0,0,0,1,0,0,0,1,0,1,0,1,0,0,0,3.8,0.4,108.0,1.13,,97.0,,10.2,,,4.2,144.0,,14.0,60.0,120.0,0,1,25.84,0,0,0,0,1,0,1,0,0,0,0,0,0,1,1,1,0
BQbT,0,0,84.0,4.0,True,False,False,False,False,False,0,1,0,0,0,0,0,0,1,1,0,0,1,0,1,1,1,0,1,0,3.8,0.6,106.0,1.41,48.6121,,5.7,14.6,11.26,,4.0,139.0,,21.0,66.0,114.0,1,0,28.63,0,0,0,0,0,1,0,0,0,0,0,0,0,0,1,1,0
BQcT,0,0,84.0,2.0,False,False,False,False,False,False,0,0,0,0,0,0,0,0,1,1,0,0,1,0,1,0,0,0,0,0,,1.1,100.0,1.06,96.0,143.0,5.4,14.8,,7050.0,4.9,135.0,,19.0,64.0,105.0,0,1,35.8882,0,0,0,0,0,0,0,0,0,0,0,0,0,1,0,1,1
BgcT,0,0,54.0,1.0,True,False,False,False,False,False,0,0,0,0,0,0,0,1,1,1,0,0,0,0,1,0,0,0,0,0,,0.9,104.0,1.2,70.6182,167.0,,14.5,,,4.0,138.0,,17.0,94.0,148.0,0,1,45.08,0,0,0,0,0,0,1,0,0,0,0,0,0,1,1,1,1
BwcT,0,1,72.0,4.0,True,False,False,False,False,True,1,1,1,0,0,0,0,1,0,1,0,0,1,0,1,0,1,0,0,0,,1.1,107.0,1.29,52.9353,107.0,5.2,10.1,,5182.0,3.6,142.0,34.0,24.0,65.0,142.0,0,0,30.4,0,0,0,0,0,0,0,0,0,0,0,0,0,1,0,0,1
BAdT,1,0,83.0,1.0,False,False,False,False,False,False,0,0,0,0,0,0,1,1,0,1,0,1,0,1,0,0,1,0,1,0,4.0,0.5,102.0,0.61,98.7454,141.0,,12.9,,,4.1,137.0,,15.0,52.0,104.0,0,0,49.77,0,0,0,0,0,0,1,0,0,0,0,0,0,1,1,1,0
BQdT,1,0,43.0,3.0,True,False,False,False,False,False,0,0,0,0,0,0,1,0,0,0,1,0,0,1,0,0,1,1,1,0,,0.3,93.0,0.75,76.8461,146.0,,11.7,,,4.5,131.0,,16.0,80.0,131.0,1,0,38.16,0,0,0,0,0,0,1,0,0,0,0,0,0,1,1,1,1
BgdT,0,0,81.0,2.0,True,False,False,False,False,False,0,0,0,0,0,0,0,0,0,0,0,0,1,0,0,0,0,0,0,0,,,,,,,,,,,,,,,70.0,106.0,0,1,26.54,0,1,1,1,1,1,1,1,1,1,1,0,0,1,1,1,1
BAfT,1,0,76.0,0.0,True,False,False,False,False,False,0,0,0,0,0,0,0,1,0,0,0,0,0,0,0,1,1,0,1,0,4.5,0.6,102.0,0.97,76.5154,167.0,,,,,4.0,142.0,,19.0,74.0,118.0,1,0,28.21,0,0,0,0,0,0,1,1,0,0,0,0,0,1,1,1,0
BgfT,1,0,76.0,1.0,False,False,False,False,False,False,0,1,0,1,1,1,1,1,1,1,0,1,1,0,1,1,1,0,0,0,,2.0,90.0,1.87,37.9581,95.0,6.9,16.3,,4961.0,3.6,134.0,,55.0,70.0,106.0,0,0,46.69,0,0,0,0,0,0,0,0,0,0,0,0,0,1,0,1,1
BAgT,0,0,81.0,2.0,True,False,False,False,False,False,0,0,0,0,0,0,0,0,1,1,0,0,0,0,0,0,1,0,0,0,4.3,0.9,107.0,1.63,40.9116,,6.9,13.5,7.54,,5.2,140.0,,44.0,68.0,128.0,0,0,28.52,0,0,0,0,0,1,0,0,0,0,0,0,0,0,1,1,0
BQgT,0,0,73.0,2.0,False,False,False,False,False,False,0,0,0,0,0,0,1,0,0,0,0,0,0,0,0,0,0,0,0,0,2.5,0.5,109.0,1.16,63.1876,153.0,7.0,13.8,7.5,,5.1,144.0,,30.0,100.0,140.0,1,0,36.4,0,0,0,0,0,0,0,0,0,0,0,0,0,0,1,1,0
BggT,1,0,75.0,0.0,False,False,False,False,False,False,0,0,0,0,0,0,0,0,0,1,0,1,1,0,0,0,0,0,0,0,,,101.0,0.84,68.2605,80.0,,15.3,,,3.9,141.0,,20.0,73.0,101.0,0,0,37.3,0,1,0,0,0,0,1,0,0,0,0,0,0,1,1,1,1
BgiT,1,0,52.0,5.0,False,True,False,False,False,False,0,1,0,0,1,0,0,1,1,1,0,0,0,0,0,0,0,0,0,0,4.4,0.5,101.0,1.09,49.0679,96.0,,14.3,5.7,,4.8,138.0,,24.0,79.0,123.0,1,0,39.65,0,0,0,0,0,0,1,0,0,0,0,0,0,0,1,1,0
BAjT,1,0,87.0,0.0,True,False,False,False,False,True,0,0,0,0,0,0,0,1,1,0,0,0,0,1,0,0,1,0,0,0,,,,,,,,,,,,,,,90.0,138.0,1,0,44.52,0,1,1,1,1,1,1,1,1,1,1,0,0,1,1,1,1
BQjT,0,0,64.0,0.0,False,False,False,False,False,False,0,0,0,0,0,0,0,1,1,0,0,1,1,1,0,0,1,0,0,0,,1.5,100.0,1.49,34.0,287.0,7.8,15.6,,26142.0,4.9,136.0,,55.0,50.0,87.0,0,1,21.48,0,0,0,0,0,0,0,0,0,0,0,0,0,1,0,1,1
BQkT,0,0,87.0,0.0,True,False,False,False,False,False,0,0,0,0,0,0,0,1,1,0,0,0,1,0,0,0,1,0,0,0,3.3,0.8,108.0,1.06,,,,8.0,6.62,,3.8,136.0,,17.0,64.0,99.0,0,1,19.58,0,0,0,0,1,1,1,0,0,0,0,0,0,0,1,1,0
BgkT,0,0,60.0,2.0,False,False,False,False,False,False,1,0,0,0,0,0,1,1,0,1,1,0,0,1,0,0,1,0,0,0,4.0,0.4,105.0,1.65,39.9423,142.0,7.1,12.7,8.1,,4.3,145.0,,40.0,60.0,128.0,1,0,31.01,0,0,0,0,0,0,0,0,0,0,0,0,0,0,1,1,0
BAlT,0,0,78.0,0.0,False,False,False,False,False,False,0,0,0,0,0,0,0,0,1,1,0,0,0,0,0,0,1,0,0,0,,0.4,104.0,0.74,79.2652,89.0,4.8,12.9,,2935.0,3.8,140.0,7.0,15.0,52.0,102.0,1,0,31.39,0,0,0,0,0,0,0,0,0,0,0,0,0,1,0,0,1
BwlT,0,0,74.0,0.0,False,False,False,False,False,False,0,0,0,0,0,0,0,1,1,0,0,0,0,0,0,0,0,0,0,0,,0.2,101.0,1.2,62.4051,95.0,5.0,15.3,,681.0,4.3,139.0,,16.0,74.0,122.0,0,1,22.84,0,0,0,0,0,0,0,0,0,0,0,0,0,1,0,1,1
BAqT,0,1,85.0,0.0,True,False,False,True,False,True,0,0,0,0,0,1,0,1,1,1,0,0,1,0,1,0,0,0,0,0,4.1,0.4,105.0,0.76,73.4116,111.0,,13.2,6.5,22332.0,3.0,142.0,,25.0,73.0,115.0,0,1,14.04,0,0,0,0,0,0,1,0,0,0,0,0,0,0,0,1,0
BArT,1,1,78.0,1.0,False,False,False,False,False,False,0,0,0,0,0,0,1,0,1,0,0,1,0,0,1,1,0,0,0,0,,,102.0,1.09,50.3768,149.0,7.3,14.3,,,4.5,142.0,,32.0,69.0,104.0,0,1,43.02,0,1,0,0,0,0,0,0,0,0,0,0,0,1,1,1,1
BgrT,0,0,52.0,7.0,False,False,False,False,False,False,0,1,0,1,0,0,1,1,1,0,0,1,0,1,1,0,1,0,0,0,3.9,0.4,101.0,1.31,53.1988,221.0,8.8,15.9,14.26,129.0,4.5,135.0,13.0,26.0,62.0,115.0,0,1,25.44,0,0,0,0,0,0,0,0,0,0,0,0,0,0,0,0,0
BgsT,1,0,60.0,1.0,True,False,True,False,False,False,0,0,0,0,0,0,1,1,1,0,0,1,1,1,0,1,1,0,0,0,4.5,1.7,99.0,0.67,88.3345,92.0,5.8,15.4,,1487.0,4.1,137.0,,13.0,57.0,116.0,0,0,33.28,0,0,0,0,0,0,0,0,0,0,0,0,0,1,0,1,0
BAtT,0,0,46.0,5.0,True,False,False,True,True,False,0,0,0,0,0,0,0,0,0,0,0,0,0,0,0,0,0,0,0,0,,0.5,100.0,0.73,108.1705,338.0,,14.6,,,4.4,134.0,,22.0,63.0,108.0,0,0,26.44,0,0,0,0,0,0,1,0,0,0,0,0,0,1,1,1,1
BgtT,0,0,75.0,0.0,False,False,False,False,False,False,0,1,0,0,0,0,0,1,1,0,0,0,0,0,1,0,1,0,0,0,,2.0,109.0,1.04,71.8997,98.0,6.0,13.6,,3410.0,4.1,144.0,12.0,17.0,77.0,116.0,0,1,25.25,0,0,0,0,0,0,0,0,0,0,0,0,0,1,0,0,1
BwtT,0,0,83.0,5.0,False,False,False,False,False,False,0,0,0,0,0,0,0,1,0,0,0,0,1,0,1,1,0,0,0,0,4.0,0.6,101.0,1.5,61.0649,107.0,5.7,13.1,12.1,25.0,4.3,138.0,,26.0,,,0,1,41.05,0,0,0,0,0,0,0,0,0,0,0,1,1,0,0,1,0
BQuT,0,0,72.0,5.0,False,False,False,False,False,False,0,1,0,0,1,0,1,1,1,1,0,1,1,0,0,0,1,0,1,0,,0.9,100.0,1.68,43.8267,143.0,7.0,13.0,,71.0,3.8,137.0,15.0,19.0,68.0,136.0,1,0,43.22,0,0,0,0,0,0,0,0,0,0,0,0,0,1,0,0,1
BwuT,0,0,85.0,2.0,False,False,False,True,False,False,0,0,0,0,0,0,1,1,1,0,0,1,1,0,0,0,1,0,1,0,,0.8,101.0,1.23,59.0563,233.0,9.8,11.2,5.0,730.0,4.2,140.0,39.0,24.0,61.0,111.0,1,0,43.2272,0,0,0,0,0,0,0,0,0,0,0,0,0,0,0,0,1
BwwT,0,0,81.0,2.0,True,False,False,False,False,False,0,0,0,0,0,0,0,1,1,1,0,0,0,1,0,1,1,0,1,0,,,,,,,,,,,,,,,80.0,170.0,1,0,18.88,0,1,1,1,1,1,1,1,1,1,1,0,0,1,1,1,1
BAxT,0,0,76.0,0.0,False,False,False,False,False,False,0,1,0,0,0,0,1,1,1,1,0,1,0,1,1,0,1,1,1,0,,0.6,100.0,0.69,115.8084,190.0,7.7,15.9,,,4.0,139.0,,14.0,81.0,178.0,0,0,40.07,0,0,0,0,0,0,0,0,0,0,0,0,0,1,1,1,1
BQxT,0,0,60.0,2.0,False,False,False,False,False,True,0,0,0,0,0,0,0,1,1,0,0,0,0,0,1,0,0,0,0,0,,0.6,104.0,1.01,75.0982,94.0,,17.3,,,4.2,139.0,,25.0,70.0,94.0,0,0,24.18,0,0,0,0,0,0,1,0,0,0,0,0,0,1,1,1,1
BQyT,1,0,53.0,1.0,True,False,False,False,False,False,0,0,0,0,0,0,0,0,1,1,0,0,0,0,0,0,0,0,0,0,,,104.0,0.92,59.8379,117.0,6.3,13.8,7.1,,4.1,139.0,,17.0,80.0,142.0,0,0,38.94,0,1,0,0,0,0,0,0,0,0,0,0,0,0,1,1,1
BwyT,1,1,65.0,0.0,False,False,False,False,False,False,0,0,0,0,0,0,1,0,1,0,0,0,0,0,0,0,0,0,0,0,,,104.0,0.94,58.8705,96.0,,11.8,,282.0,3.9,143.0,,16.0,78.0,183.0,0,0,32.04,0,1,0,0,0,0,1,0,0,0,0,0,0,1,0,1,1
Bg1T,0,0,72.0,0.0,True,False,False,False,False,False,0,0,0,0,0,0,0,1,1,1,0,1,1,0,1,0,1,0,0,0,,0.7,93.0,1.57,42.7997,99.0,8.3,10.3,,11387.0,3.6,143.0,58.0,29.0,84.0,151.0,0,1,46.19,0,0,0,0,0,0,0,0,0,0,0,0,0,1,0,0,1
BQ2T,0,0,67.0,0.0,False,False,False,False,False,False,0,1,0,0,1,0,1,1,1,1,0,1,0,1,1,0,1,0,1,0,4.2,0.2,111.0,1.19,61.1631,74.0,8.3,9.6,,,3.9,141.0,66.0,17.0,60.0,114.0,0,1,21.28,0,0,0,0,0,0,0,0,0,0,0,0,0,1,1,0,0
BQ3T,0,0,81.0,1.0,False,False,False,False,False,False,1,1,0,0,0,0,0,1,1,0,0,0,0,0,1,0,1,0,0,0,,,104.0,1.14,62.2891,111.0,,17.1,,,4.3,141.0,,24.0,83.0,123.0,0,1,29.07,0,1,0,0,0,0,1,0,0,0,0,0,0,1,1,1,1
BQ4T,0,0,62.0,0.0,True,False,False,False,False,False,0,0,0,0,0,0,0,1,1,0,0,0,0,0,1,0,0,0,0,0,,,,,,,,,,,,,,,78.0,136.0,0,1,23.86,0,1,1,1,1,1,1,1,1,1,1,0,0,1,1,1,1
Bg4T,1,0,53.0,3.0,False,False,False,False,False,False,0,0,0,0,0,0,1,1,1,0,0,0,0,1,1,0,0,1,0,0,3.4,0.6,104.0,0.87,82.8687,196.0,10.5,12.3,10.8,,4.6,138.0,,17.0,78.0,128.0,0,0,41.88,0,0,0,0,0,0,0,0,0,0,0,0,0,0,1,1,0
Bw4T,0,0,60.0,0.0,False,True,False,False,False,False,0,1,0,0,0,0,0,1,1,1,0,0,1,0,1,0,1,0,1,0,,0.2,107.0,0.6,103.0,102.0,5.2,10.0,,2246.0,4.4,141.0,,16.0,50.0,92.0,0,0,25.5,0,0,0,0,0,0,0,0,0,0,0,0,0,1,0,1,1
BA5T,0,1,57.0,4.0,False,False,False,False,False,False,0,0,0,0,0,0,0,1,1,0,0,0,1,0,1,0,1,1,0,0,3.0,1.4,105.0,1.01,70.3757,,,13.3,8.85,6795.0,3.5,139.0,,17.0,72.0,128.0,0,0,28.73,0,0,0,0,0,1,1,0,0,0,0,0,0,0,0,1,0
Bw5T,0,0,77.0,4.0,False,False,False,False,False,False,0,0,0,0,0,0,0,1,1,0,0,0,0,0,0,0,0,0,0,0,,,99.0,1.14,49.0,143.0,,12.5,,389.0,4.0,135.0,,15.0,73.0,125.0,0,1,39.06,0,1,0,0,0,0,1,0,0,0,0,0,0,1,0,1,1
BA6T,0,0,72.0,0.0,True,False,True,False,False,False,0,0,0,0,0,0,0,1,1,0,0,0,1,0,1,0,0,0,0,0,,1.3,106.0,1.08,89.2133,100.0,,13.1,,6864.0,3.5,145.0,13.0,15.0,88.0,125.0,0,1,30.13,0,0,0,0,0,0,1,0,0,0,0,0,0,1,0,0,1
BQ6T,0,1,53.0,2.0,False,False,False,False,False,False,0,1,0,0,0,0,0,0,1,0,0,0,0,0,0,1,0,0,0,0,,,105.0,1.05,69.43,107.0,,16.5,,90.0,4.1,143.0,15.0,23.0,67.0,129.0,0,1,22.64,0,1,0,0,0,0,1,0,0,0,0,0,0,1,0,0,1
BA7T,1,0,65.0,2.0,False,False,False,False,False,False,0,1,0,0,0,0,0,1,1,0,0,0,0,0,0,0,0,0,0,0,4.6,0.9,100.0,0.89,85.2607,,7.0,16.3,4.1,,4.7,137.0,,15.0,82.0,132.0,1,0,28.41,0,0,0,0,0,1,0,0,0,0,0,0,0,0,1,1,0
BQ7T,0,0,,,True,False,False,False,False,False,0,1,0,0,0,0,0,1,1,1,0,0,0,0,1,0,1,0,0,0,,0.8,102.0,1.11,,73.0,5.3,15.7,,,4.2,140.0,34.0,22.0,75.0,117.0,0,1,31.47,0,0,0,0,1,0,0,0,0,0,0,0,0,1,1,0,1
Bw8T,0,0,68.0,0.0,False,False,False,False,False,False,0,0,0,0,0,0,0,0,1,0,0,0,1,1,1,0,1,0,0,0,,2.7,104.0,1.56,,234.0,,18.2,,2255.0,5.5,143.0,98.0,29.0,106.0,141.0,0,1,27.13,0,0,0,0,1,0,1,0,0,0,0,0,0,1,0,0,1
BA9T,0,0,60.0,0.0,False,False,False,False,False,False,0,0,0,0,0,1,0,1,1,1,0,1,1,1,0,1,1,0,0,0,,0.8,102.0,0.79,85.9895,77.0,7.2,11.4,,,3.5,137.0,,11.0,65.0,111.0,0,0,27.77,0,0,0,0,0,0,0,0,0,0,0,0,0,1,1,1,1
BAAU,0,0,70.0,6.0,True,False,False,True,False,True,0,0,0,0,0,0,0,0,1,0,0,0,0,0,0,0,1,0,0,0,,,,,,,,,,,,,,,82.0,130.0,0,1,20.3,0,1,1,1,1,1,1,1,1,1,1,0,0,1,1,1,1
BgAU,0,0,76.0,0.0,False,False,False,False,False,False,1,1,1,0,0,0,0,1,1,0,0,0,0,0,0,0,1,0,1,0,,0.3,101.0,0.63,90.6944,109.0,6.4,9.4,,426.0,3.2,138.0,12.0,16.0,63.0,158.0,1,0,27.07,0,0,0,0,0,0,0,0,0,0,0,0,0,1,0,0,1
BgBU,1,0,73.0,0.0,False,False,False,False,False,False,0,0,0,0,0,0,0,1,1,0,0,0,0,1,0,0,1,0,0,0,,,,,,,,,,,,,,,70.0,120.0,1,0,48.65,0,1,1,1,1,1,1,1,1,1,1,0,0,1,1,1,1
BQCU,0,1,80.0,1.0,False,False,False,False,False,False,0,1,0,1,0,0,0,1,1,0,0,0,0,0,1,0,1,0,1,0,,0.4,98.0,0.88,93.0133,94.0,,9.3,,8093.0,4.6,131.0,,10.0,78.0,133.0,0,1,19.26,0,0,0,0,0,0,1,0,0,0,0,0,0,1,0,1,1
BwDU,0,0,67.0,0.0,True,False,False,False,False,False,0,0,0,0,0,1,0,1,1,0,1,1,1,1,0,0,1,0,0,0,,0.7,92.0,1.26,45.7633,321.0,,9.2,,,4.2,134.0,,30.0,74.0,131.0,0,0,25.71,0,0,0,0,0,0,1,0,0,0,0,0,0,1,1,1,1
BQFU,0,0,70.0,0.0,False,False,False,False,False,False,0,1,0,0,1,0,1,1,1,1,0,1,1,0,1,1,1,0,1,0,,0.7,99.0,1.67,43.2509,97.0,6.7,14.4,,,3.9,133.0,,36.0,77.0,114.0,0,1,36.61,0,0,0,0,0,0,0,0,0,0,0,0,0,1,1,1,1
BgFU,0,0,86.0,0.0,True,False,False,False,False,False,0,1,0,0,0,0,0,1,1,0,0,0,0,0,1,0,1,0,0,0,,,107.0,0.96,,98.0,,14.3,,,4.8,145.0,,19.0,69.0,101.0,0,0,29.94,0,1,0,0,1,0,1,0,0,0,0,0,0,1,1,1,1
BwFU,0,0,58.0,2.0,False,False,False,False,False,False,0,1,0,0,0,0,0,1,1,1,0,0,0,0,0,1,1,0,0,0,,1.2,105.0,1.31,66.5562,106.0,6.0,17.3,,386.0,4.2,139.0,,17.0,86.0,137.0,0,0,33.45,0,0,0,0,0,0,0,0,0,0,0,0,0,1,0,1,1
BwGU,0,1,58.0,4.0,False,False,False,False,False,True,0,0,0,0,0,0,1,1,1,0,1,0,1,1,0,0,1,1,0,1,4.3,0.8,102.0,1.12,62.7677,135.0,7.2,,,,4.5,140.0,,24.0,50.0,102.0,0,1,24.48,0,0,0,0,0,0,0,1,0,0,0,0,0,1,1,1,0
BQIU,0,0,71.0,8.0,True,False,False,False,False,False,0,0,0,0,0,0,0,1,1,0,0,0,0,0,0,0,0,0,0,0,,,,,,,,,,,,,,,60.0,94.0,0,1,32.28,0,1,1,1,1,1,1,1,1,1,1,0,0,1,1,1,1
BwIU,0,0,76.0,0.0,True,False,False,False,False,False,0,1,0,0,1,0,1,1,1,1,0,1,0,1,0,0,1,0,1,0,4.0,1.5,105.0,1.2,63.0,106.0,6.2,12.8,11.95,,3.8,139.0,,20.0,59.0,103.0,0,1,24.19,0,0,0,0,0,0,0,0,0,0,0,0,0,0,1,1,0
BAJU,0,1,76.0,0.0,True,False,False,False,False,False,0,1,0,1,0,0,0,0,1,0,0,0,1,0,1,0,1,0,0,0,,,101.0,0.59,95.0,93.0,6.2,9.8,,8389.0,4.3,137.0,,5.0,58.0,102.0,0,1,,1,1,0,0,0,0,0,0,0,0,0,0,0,1,0,1,1
BQJU,0,1,58.0,0.0,False,False,False,False,False,False,0,1,0,0,0,0,1,1,1,1,0,0,0,0,0,0,1,0,0,0,,,105.0,0.88,95.0,143.0,,14.8,,,4.5,145.0,,17.0,95.0,167.0,0,1,29.11,0,1,0,0,0,0,1,0,0,0,0,0,0,1,1,1,1
BgJU,0,0,78.0,2.0,True,False,False,False,False,False,0,0,0,0,0,0,1,0,0,1,0,0,1,1,0,0,0,0,0,0,4.4,1.2,97.0,0.67,89.1859,114.0,6.2,13.7,3.96,,3.7,136.0,,16.0,72.0,108.0,0,0,19.8,0,0,0,0,0,0,0,0,0,0,0,0,0,0,1,1,0
BwKU,1,1,85.0,0.0,False,False,False,False,False,False,0,1,0,0,0,0,1,0,0,0,0,0,0,1,0,0,0,0,0,0,4.6,0.6,98.0,0.8,100.7387,117.0,6.2,14.2,,,4.2,139.0,,19.0,75.0,126.0,0,0,35.18,0,0,0,0,0,0,0,0,0,0,0,0,0,1,1,1,0
BwMU,0,0,66.0,3.0,False,False,False,False,False,False,0,0,0,1,0,0,0,1,1,0,0,0,1,0,0,0,1,0,0,0,4.0,1.2,105.0,1.11,63.9024,151.0,,,,,3.9,141.0,,22.0,56.0,102.0,0,1,22.31,0,0,0,0,0,0,1,1,0,0,0,0,0,1,1,1,0
BQNU,0,0,86.0,1.0,False,False,False,False,False,False,0,0,0,0,1,0,1,1,1,0,1,0,1,0,0,1,1,0,1,0,4.2,0.6,108.0,1.18,60.5106,103.0,5.7,11.1,6.8,2421.0,4.8,142.0,29.0,22.0,65.0,111.0,0,0,31.56,0,0,0,0,0,0,0,0,0,0,0,0,0,0,0,0,0
BgNU,1,0,83.0,5.0,False,False,False,False,False,False,1,0,0,1,0,0,1,0,0,1,0,0,0,0,0,0,0,0,1,0,3.8,0.4,101.0,0.74,78.7639,107.0,5.2,12.7,8.4,,4.0,142.0,,21.0,84.0,128.0,0,0,39.32,0,0,0,0,0,0,0,0,0,0,0,0,0,0,1,1,0
BgQU,0,0,53.0,0.0,False,False,False,True,True,False,1,1,0,0,0,1,0,1,1,0,0,0,1,0,1,0,1,0,0,0,,0.2,101.0,1.08,50.7579,81.0,4.9,11.7,,3665.0,3.9,137.0,,16.0,62.0,102.0,0,0,17.91,0,0,0,0,0,0,0,0,0,0,0,0,0,1,0,1,1
BwQU,1,0,42.0,0.0,True,False,False,False,False,False,0,1,0,0,0,0,0,1,1,0,0,1,0,0,1,0,1,0,1,0,,,,,,,,,,,,,,,64.0,110.0,0,1,31.66,0,1,1,1,1,1,1,1,1,1,1,0,0,1,1,1,1
BgSU,0,1,61.0,0.0,False,False,False,False,False,False,0,0,0,0,0,0,1,1,0,1,0,1,1,0,1,1,1,0,1,0,,0.2,99.0,0.83,92.9824,139.0,8.0,12.1,,1159.0,4.5,139.0,61.0,34.0,60.0,131.0,1,0,37.79,0,0,0,0,0,0,0,0,0,0,0,0,0,1,0,0,1
BAVU,1,0,60.0,0.0,True,False,False,False,False,False,0,0,0,0,0,1,0,1,1,0,1,1,0,1,0,0,1,1,1,0,,1.4,102.0,0.84,96.3348,276.0,,14.4,,,3.6,139.0,,18.0,69.0,129.0,1,0,,1,0,0,0,0,0,1,0,0,0,0,0,0,1,1,1,1
BQVU,0,0,66.0,0.0,True,False,False,True,False,False,0,0,0,0,0,0,0,1,1,0,0,0,1,0,1,0,1,0,0,0,,,,,,,,,,,,,,,78.0,134.0,1,0,41.81,0,1,1,1,1,1,1,1,1,1,1,0,0,1,1,1,1
BAWU,0,0,65.0,0.0,False,True,False,False,False,False,0,1,0,0,0,0,0,1,1,1,0,0,0,0,0,0,0,0,0,0,,,104.0,1.12,81.0,79.0,,17.9,,,4.7,142.0,,25.0,90.0,150.0,0,1,33.0,0,1,0,0,0,0,1,0,0,0,0,0,0,1,1,1,1
BQWU,0,0,57.0,2.0,True,False,False,False,False,True,0,1,0,0,0,0,1,1,1,1,0,1,0,1,0,0,1,0,0,0,,0.3,101.0,0.96,78.1275,142.0,8.1,15.3,,40.0,4.9,139.0,,18.0,80.0,128.0,1,0,27.8,0,0,0,0,0,0,0,0,0,0,0,0,0,1,0,1,1
BwWU,0,0,81.0,2.0,False,False,False,False,False,True,0,0,0,0,0,0,0,1,1,0,0,0,0,1,1,0,0,0,0,0,3.1,0.2,105.0,0.1,455.4269,,,13.4,9.92,,3.6,138.0,,14.0,74.0,120.0,0,0,27.86,0,0,0,0,0,1,1,0,0,0,0,0,0,0,1,1,0
BAYU,0,0,77.0,0.0,True,False,False,True,False,True,0,0,0,0,0,0,0,1,1,1,0,0,0,0,0,0,1,0,1,0,3.6,1.6,107.0,1.5,46.0034,,5.8,14.0,8.6,,3.5,138.0,,21.0,88.0,140.0,0,1,36.7,0,0,0,0,0,1,0,0,0,0,0,0,0,0,1,1,0
BwYU,0,0,89.0,0.0,True,False,False,False,False,False,0,0,0,0,0,0,0,1,0,0,0,0,0,0,0,0,0,0,0,0,,,,,,,,,,,,,,,76.0,118.0,0,0,41.27,0,1,1,1,1,1,1,1,1,1,1,0,0,1,1,1,1
BAZU,0,0,35.0,0.0,False,False,False,False,False,False,0,0,0,0,0,0,0,0,1,0,0,1,0,0,0,1,0,0,0,0,4.4,0.3,101.0,1.04,73.6104,,12.2,15.6,6.92,,5.1,135.0,,28.0,,,1,0,,1,0,0,0,0,1,0,0,0,0,0,1,1,0,1,1,0
BwZU,0,0,57.0,0.0,False,False,False,True,False,True,0,1,0,0,0,0,0,0,1,0,0,0,0,0,0,0,0,0,0,0,,,,,,,,,,,,,,,78.0,118.0,0,1,31.08,0,1,1,1,1,1,1,1,1,1,1,0,0,1,1,1,1
BAaU,0,0,79.0,1.0,False,False,False,False,False,True,0,1,0,0,0,0,1,1,1,1,1,1,1,1,0,0,1,0,0,0,4.6,0.7,97.0,0.79,98.1316,139.0,7.6,13.9,8.0,,5.3,136.0,,8.0,81.0,154.0,0,0,23.69,0,0,0,0,0,0,0,0,0,0,0,0,0,0,1,1,0
BAeU,0,0,59.0,2.0,True,False,False,False,False,False,0,1,0,0,0,0,1,1,1,0,0,0,1,0,0,0,1,0,0,0,4.1,0.2,100.0,,,,7.1,13.3,9.92,,4.0,140.0,,9.0,80.0,124.0,0,1,26.66,0,0,0,1,1,1,0,0,0,0,0,0,0,0,1,1,0
BQeU,0,0,50.0,2.0,True,False,False,False,False,False,0,0,0,0,0,0,1,1,1,0,0,0,1,1,0,0,1,1,0,0,4.0,0.6,0.097,1.41,,152.0,7.9,14.5,8.1,808.0,0.0038,0.141,,,80.0,118.0,0,1,32.49,0,0,0,0,1,0,0,0,0,0,1,0,0,0,0,1,0
BAfU,0,1,75.0,0.0,False,False,False,False,False,False,0,0,0,0,0,0,0,0,0,0,0,0,1,0,1,1,0,0,0,0,4.3,0.7,103.0,0.95,81.1451,87.0,5.5,13.2,,128.0,4.2,142.0,,19.0,85.0,128.0,1,0,32.11,0,0,0,0,0,0,0,0,0,0,0,0,0,1,0,1,0
BQgU,0,0,58.0,2.0,True,False,False,False,True,False,0,0,0,0,0,0,1,1,0,0,0,0,1,0,1,0,1,0,0,0,4.5,0.8,104.0,1.1,64.5732,124.0,6.6,15.0,6.1,1185.0,4.5,144.0,,19.0,83.0,137.0,1,0,38.49,0,0,0,0,0,0,0,0,0,0,0,0,0,0,0,1,0
BghU,0,0,66.0,3.0,False,False,False,False,False,False,0,1,0,0,0,0,0,1,1,1,0,0,0,0,0,0,1,0,0,0,,,105.0,0.98,81.0,91.0,,14.1,,,4.5,141.0,,16.0,65.0,119.0,1,0,30.49,0,1,0,0,0,0,1,0,0,0,0,0,0,1,1,1,1
BwhU,0,0,83.0,2.0,False,False,False,False,False,False,0,0,0,0,0,0,1,0,0,0,0,0,0,1,1,0,0,0,0,1,4.4,0.2,104.0,0.83,66.8376,,,,,213.0,5.1,140.0,,19.0,70.0,107.0,0,0,19.74,0,0,0,0,0,1,1,1,0,0,0,0,0,1,0,1,0
BgiU,0,0,68.0,0.0,True,False,False,False,False,False,0,1,0,1,0,0,0,1,1,1,0,0,0,0,0,0,1,0,1,0,,1.0,103.0,0.87,87.0054,110.0,5.8,14.7,,5315.0,3.7,139.0,434.0,15.0,89.0,140.0,0,1,32.05,0,0,0,0,0,0,0,0,0,0,0,0,0,1,0,0,1
BAjU,0,0,77.0,5.0,False,False,False,False,False,True,0,0,0,0,0,0,0,1,1,1,0,0,0,0,0,0,1,0,0,0,,,,,,,,,,,,,,,94.0,149.0,0,1,26.58,0,1,1,1,1,1,1,1,1,1,1,0,0,1,1,1,1
BgjU,0,0,83.0,0.0,False,False,False,False,False,False,0,1,0,1,0,0,1,1,1,0,0,1,1,0,1,0,1,0,0,0,,0.4,103.0,0.9,70.0,128.0,9.3,10.1,,1366.0,3.9,138.0,,28.0,58.0,101.0,0,0,30.45,0,0,0,0,0,0,0,0,0,0,0,0,0,1,0,1,1
BwkU,0,0,79.0,6.0,False,False,False,True,True,False,0,1,0,1,1,0,1,0,1,0,0,1,1,1,1,0,1,0,1,0,2.8,0.5,95.0,1.52,43.9098,104.0,4.9,9.7,8.0,4603.0,4.4,135.0,50.0,39.0,69.0,110.0,0,0,26.91,0,0,0,0,0,0,0,0,0,0,0,0,0,0,0,0,0
BglU,0,1,67.0,0.0,False,False,False,False,False,False,0,0,0,0,0,0,0,0,1,0,1,0,1,1,0,0,1,0,0,0,,0.4,108.0,1.67,39.2963,195.0,,10.8,7.66,18016.0,4.2,142.0,237.0,36.0,70.0,143.0,0,1,26.64,0,0,0,0,0,0,1,0,0,0,0,0,0,0,0,0,1
BwmU,0,0,26.0,1.0,False,False,False,True,True,False,0,0,0,0,0,0,1,1,1,0,0,0,0,1,0,0,1,0,0,0,3.7,0.4,106.0,1.0,70.6831,105.0,,11.9,3.7,,4.6,142.0,,12.0,67.0,148.0,0,0,29.12,0,0,0,0,0,0,1,0,0,0,0,0,0,0,1,1,0
BAnU,0,0,67.0,0.0,False,False,False,False,False,False,0,1,0,0,0,0,0,1,1,0,0,0,0,0,0,0,1,0,0,0,4.3,0.9,103.0,1.06,69.8985,92.0,,18.4,4.2,,3.9,143.0,,23.0,78.0,122.0,0,0,23.8,0,0,0,0,0,0,1,0,0,0,0,0,0,0,1,1,0
BAoU,0,0,86.0,0.0,False,False,False,False,False,False,0,1,0,0,0,0,0,1,0,0,0,0,1,0,0,0,1,0,0,0,,,,,,,,,,,,,,,70.0,130.0,0,0,26.34,0,1,1,1,1,1,1,1,1,1,1,0,0,1,1,1,1
BQoU,0,1,84.0,2.0,False,False,True,False,False,False,0,0,0,1,1,0,0,0,1,1,0,0,1,0,0,0,1,0,1,0,4.3,0.4,101.0,1.32,53.6217,105.0,5.9,10.6,8.1,1689.0,3.6,144.0,88.0,28.0,60.0,127.0,0,0,23.12,0,0,0,0,0,0,0,0,0,0,0,0,0,0,0,0,0
BgoU,0,0,57.0,0.0,False,False,True,False,False,False,0,1,0,0,0,0,0,0,0,0,0,1,0,1,1,0,1,0,0,0,,0.4,90.0,1.35,78.6673,417.0,7.3,10.8,,4479.0,4.7,129.0,139.0,49.0,48.0,90.0,0,0,19.02,0,0,0,0,0,0,0,0,0,0,0,0,0,1,0,0,1
BQpU,0,0,71.0,0.0,False,False,False,False,False,False,0,0,0,0,0,0,0,1,0,1,0,0,0,0,0,0,1,0,0,0,,0.2,108.0,1.06,82.772,104.0,5.6,13.3,,,4.1,141.0,,14.0,,,0,0,28.9,0,0,0,0,0,0,0,0,0,0,0,1,1,1,1,1,1
BAqU,0,0,84.0,0.0,True,False,False,False,False,False,0,0,0,0,0,0,0,1,1,1,0,0,1,0,1,0,0,0,1,0,,0.8,102.0,1.02,70.0956,111.0,6.4,15.3,,,4.1,140.0,26.0,13.0,73.0,105.0,0,1,28.8,0,0,0,0,0,0,0,0,0,0,0,0,0,1,1,0,1
BQqU,0,1,87.0,1.0,True,False,False,False,False,False,0,1,0,1,0,0,0,0,1,0,0,0,1,0,1,0,1,0,0,0,,0.7,105.0,0.68,112.7788,92.0,,9.5,,,4.1,141.0,,14.0,70.0,121.0,1,0,,1,0,0,0,0,0,1,0,0,0,0,0,0,1,1,1,1
BAtU,0,0,63.0,0.0,False,False,False,False,False,False,0,1,0,0,0,0,1,0,1,0,0,1,0,0,0,0,0,1,0,0,4.2,0.4,102.0,0.9,81.6107,167.0,7.8,,,,4.0,141.0,,17.0,81.0,122.0,1,0,33.8384,0,0,0,0,0,0,0,1,0,0,0,0,0,1,1,1,0
BQtU,0,0,71.0,0.0,False,False,False,False,False,False,0,0,0,0,0,0,0,1,1,1,0,0,1,0,1,0,1,0,0,0,,1.2,103.0,1.46,50.1281,85.0,5.6,14.2,,2965.0,5.2,137.0,34.0,18.0,77.0,159.0,0,0,23.95,0,0,0,0,0,0,0,0,0,0,0,0,0,1,0,0,1
BgtU,1,0,40.0,2.0,False,False,False,True,True,False,0,0,0,0,0,0,0,1,1,0,0,0,0,0,0,1,0,0,0,0,4.1,0.6,101.0,0.99,78.484,98.0,,14.9,6.1,87.0,4.5,136.0,,19.0,84.0,125.0,0,0,37.32,0,0,0,0,0,0,1,0,0,0,0,0,0,0,0,1,0
BguU,0,0,35.0,6.0,False,True,False,False,False,True,0,1,0,1,0,0,1,1,1,0,0,0,1,0,0,0,1,0,0,0,,0.3,98.0,1.03,54.1205,110.0,6.2,14.9,,367.0,3.6,142.0,,17.0,77.0,131.0,1,0,44.96,0,0,0,0,0,0,0,0,0,0,0,0,0,1,0,1,1
BAvU,0,1,85.0,0.0,True,False,False,False,False,False,0,1,0,1,0,0,0,1,1,1,0,0,1,0,0,0,1,0,0,0,,0.8,102.0,0.78,99.5849,103.0,,15.4,,7492.0,4.7,138.0,32.0,22.0,82.0,133.0,0,1,23.82,0,0,0,0,0,0,1,0,0,0,0,0,0,1,0,0,1
BAwU,0,0,83.0,4.0,True,False,False,False,False,False,0,0,0,1,1,0,1,1,1,0,0,1,0,0,0,1,1,0,0,0,3.6,0.4,106.0,1.49,45.041,180.0,6.7,13.0,5.7,,4.2,139.0,,27.0,74.0,134.0,0,0,28.89,0,0,0,0,0,0,0,0,0,0,0,0,0,0,1,1,0
BQxU,1,0,79.0,2.0,True,False,False,True,True,False,0,0,0,0,0,0,0,0,0,0,0,0,0,0,0,0,1,0,0,0,,,,,,,,,,,,,,,58.0,118.0,0,1,34.36,0,1,1,1,1,1,1,1,1,1,1,0,0,1,1,1,1
BgxU,0,0,65.0,1.0,False,False,False,False,False,True,0,0,0,0,0,0,1,0,0,0,0,1,0,1,0,0,1,0,0,0,4.1,0.4,103.0,0.6,,203.0,9.9,13.0,,27.0,4.4,141.0,,12.0,81.0,154.0,1,0,33.78,0,0,0,0,1,0,0,0,0,0,0,0,0,1,0,1,0
BwzU,0,0,67.0,0.0,False,False,False,False,False,False,0,0,0,0,0,1,0,1,1,1,0,0,1,0,1,0,1,0,0,0,3.0,0.7,104.0,0.83,65.4933,77.0,5.4,10.7,10.78,,4.7,141.0,,15.0,72.0,105.0,0,1,34.56,0,0,0,0,0,0,0,0,0,0,0,0,0,0,1,1,0
Bg2U,1,0,72.0,2.0,False,False,False,False,False,False,0,0,0,0,0,0,0,0,0,0,0,0,0,0,0,0,0,0,0,0,,,,,,,,,,,,,,,72.0,124.0,1,0,31.07,0,1,1,1,1,1,1,1,1,1,1,0,0,1,1,1,1
Bg3U,1,0,86.0,1.0,False,False,False,False,False,False,0,1,0,0,0,1,1,0,1,0,0,1,1,0,0,0,1,0,1,0,,0.6,107.0,0.64,94.8378,95.0,5.5,12.9,,,3.7,141.0,,15.0,70.0,116.0,1,0,41.88,0,0,0,0,0,0,0,0,0,0,0,0,0,1,1,1,1
Bw3U,0,1,77.0,5.0,True,False,False,False,False,True,0,1,0,0,0,0,0,1,1,0,0,0,1,0,1,0,1,0,0,0,4.4,0.5,97.0,0.93,57.2981,102.0,5.9,12.1,6.5,,4.3,135.0,,32.0,74.0,132.0,1,0,28.79,0,0,0,0,0,0,0,0,0,0,0,0,0,0,1,1,0
BA4U,0,1,69.0,0.0,False,False,False,False,False,False,0,1,0,0,0,0,1,1,1,1,0,1,0,0,1,0,1,0,0,0,,0.4,106.0,0.79,85.0,113.0,5.8,12.6,,1918.0,4.1,138.0,,18.0,51.0,86.0,0,1,24.65,0,0,0,0,0,0,0,0,0,0,0,0,0,1,0,1,1
Bg4U,0,0,62.0,3.0,False,False,False,True,False,False,0,0,0,0,0,0,1,0,1,0,0,1,0,0,0,0,0,0,0,0,3.9,0.5,105.0,0.81,70.1074,99.0,6.8,12.7,7.6,,4.6,141.0,,21.0,60.0,135.0,0,0,41.99,0,0,0,0,0,0,0,0,0,0,0,0,0,0,1,1,0
BQ5U,0,0,63.0,2.0,True,False,False,False,False,True,0,0,0,0,0,0,1,1,1,1,0,0,0,0,0,0,0,0,0,0,,,,,,,,,,,,,,,80.0,130.0,1,0,36.49,0,1,1,1,1,1,1,1,1,1,1,0,0,1,1,1,1
BQ6U,0,0,27.0,0.0,False,False,True,False,False,False,0,1,0,0,0,0,1,1,1,1,0,1,0,1,0,0,1,1,0,1,,0.3,96.0,0.83,91.8619,193.0,11.1,15.3,,111.0,4.6,133.0,,20.0,68.0,108.0,0,0,24.3,0,0,0,0,0,0,0,0,0,0,0,0,0,1,0,1,1
BQ9U,0,0,74.0,0.0,False,False,False,False,False,False,0,1,0,0,0,0,1,1,1,1,0,1,0,1,1,1,1,0,1,0,,1.4,101.0,0.98,80.0083,168.0,8.7,15.3,,160.0,4.2,139.0,,19.0,64.0,105.0,0,0,47.49,0,0,0,0,0,0,0,0,0,0,0,0,0,1,0,1,1
BA_U,0,0,74.0,0.0,True,False,False,False,False,False,0,0,0,0,0,0,0,0,1,1,0,0,1,0,1,0,1,0,0,0,,0.9,94.0,0.96,76.1539,115.0,,13.7,,812.0,3.9,133.0,16.0,10.0,76.0,134.0,0,1,35.27,0,0,0,0,0,0,1,0,0,0,0,0,0,1,0,0,1
BQ#U,0,0,69.0,1.0,False,False,False,False,False,False,0,1,0,0,0,0,0,1,1,0,0,0,1,0,1,0,1,0,0,0,4.0,0.5,99.0,1.1,67.3932,86.0,5.9,14.5,5.3,5570.0,5.2,135.0,,20.0,73.0,112.0,0,0,25.55,0,0,0,0,0,0,0,0,0,0,0,0,0,0,0,1,0
Bg#U,1,0,66.0,3.0,True,False,False,False,False,False,0,1,0,0,0,0,0,0,1,0,0,0,0,0,0,0,1,0,0,0,,,96.0,0.95,,296.0,,14.6,,,4.8,135.0,,16.0,82.0,134.0,1,0,29.36,0,1,0,0,1,0,1,0,0,0,0,0,0,1,1,1,1
BABV,0,0,88.0,3.0,True,False,False,False,False,False,0,0,0,0,1,0,1,1,1,0,0,0,0,0,0,0,0,0,0,0,,0.4,104.0,1.19,48.0,114.0,6.3,13.0,,,4.5,139.0,,25.0,56.0,131.0,1,0,45.1,0,0,0,0,0,0,0,0,0,0,0,0,0,1,1,1,1
BQBV,0,0,61.0,2.0,False,False,False,False,False,False,0,1,0,0,0,1,0,1,1,1,0,0,0,0,1,1,1,0,0,0,,0.4,105.0,0.84,94.184,90.0,5.1,13.8,6.7,,4.3,139.0,24.0,16.0,79.0,115.0,0,1,28.41,0,0,0,0,0,0,0,0,0,0,0,0,0,0,1,0,1
BgBV,0,0,80.0,0.0,False,False,False,False,False,False,0,1,0,0,0,0,0,0,1,1,0,0,0,0,0,0,1,0,0,0,4.4,1.3,105.0,1.18,63.0,97.0,5.2,13.7,5.5,141.0,4.8,141.0,,19.0,69.0,103.0,1,0,23.6,0,0,0,0,0,0,0,0,0,0,0,0,0,0,0,1,0
BwCV,0,0,65.0,0.0,True,False,False,False,False,False,0,0,0,0,0,0,1,1,1,1,0,1,1,1,1,0,1,0,0,0,3.5,0.3,101.0,0.32,213.6076,,12.8,14.8,6.83,90.2,4.1,134.0,,11.0,86.0,152.0,0,1,47.61,0,0,0,0,0,1,0,0,0,0,0,0,0,0,0,1,0
BwDV,0,0,64.0,1.0,False,False,False,False,False,False,0,0,0,0,0,0,1,1,0,0,1,1,0,1,0,0,1,0,0,0,,0.3,101.0,0.83,70.3628,96.0,,12.8,,,4.6,142.0,,16.0,76.0,107.0,0,1,30.64,0,0,0,0,0,0,1,0,0,0,0,0,0,1,1,1,1
BQGV,0,1,66.0,0.0,False,False,False,False,False,False,0,0,0,0,0,0,0,1,1,0,0,0,1,0,1,0,0,0,0,0,,0.3,108.0,0.8,79.0,105.0,,12.3,,4061.0,4.4,139.0,,18.0,83.0,125.0,0,1,26.92,0,0,0,0,0,0,1,0,0,0,0,0,0,1,0,1,1
BgHV,0,0,62.0,0.0,False,False,False,False,False,False,0,1,0,0,0,0,0,1,1,1,0,0,0,0,1,0,0,0,0,0,,0.5,101.0,0.75,75.1305,90.0,,12.8,,490.0,4.2,139.0,,14.0,53.0,105.0,0,0,17.36,0,0,0,0,0,0,1,0,0,0,0,0,0,1,0,1,1
BwHV,1,0,69.0,1.0,True,False,False,False,False,False,1,1,0,0,0,0,0,0,0,0,0,0,0,0,0,0,0,0,0,0,,,,,,,,,,,,,,,81.0,123.0,0,0,30.97,0,1,1,1,1,1,1,1,1,1,1,0,0,1,1,1,1
BwIV,0,0,62.0,0.0,False,False,False,False,False,False,0,0,0,0,0,0,1,1,1,1,0,1,1,1,1,0,0,0,1,0,,1.4,86.0,0.84,87.4814,136.0,7.0,12.4,,3470.0,3.3,131.0,45.0,21.0,79.0,123.0,1,0,29.1,0,0,0,0,0,0,0,0,0,0,0,0,0,1,0,0,1
BAJV,0,0,61.0,0.0,True,False,True,False,False,False,0,0,0,0,0,0,0,1,1,1,0,1,0,1,0,0,1,0,0,0,,0.3,103.0,0.94,93.5888,127.0,7.0,12.7,,1882.0,4.5,138.0,,17.0,89.0,154.0,0,1,26.64,0,0,0,0,0,0,0,0,0,0,0,0,0,1,0,1,1
BwJV,0,0,76.0,0.0,True,True,False,False,False,False,0,1,0,0,0,0,0,1,1,1,0,0,1,0,0,0,1,0,0,0,,0.9,99.0,0.86,86.0066,112.0,5.9,12.3,,,4.2,135.0,887.0,14.0,70.0,145.0,0,1,22.35,0,0,0,0,0,0,0,0,0,0,0,0,0,1,1,0,1
BALV,0,1,39.0,0.0,True,False,False,False,False,False,0,1,0,1,0,0,0,0,1,1,0,0,1,0,0,0,0,0,0,0,,0.4,102.0,1.3,52.4657,146.0,5.8,14.0,,6878.0,4.0,141.0,5296.0,19.0,56.0,115.0,0,1,24.1,0,0,0,0,0,0,0,0,0,0,0,0,0,1,0,0,1
BQLV,1,0,34.0,1.0,True,False,True,False,False,False,0,0,0,0,0,0,0,0,0,0,0,0,0,0,0,0,0,0,0,0,,,,,,,,,,,,,,,82.0,158.0,1,0,46.0952,0,1,1,1,1,1,1,1,1,1,1,0,0,1,1,1,1
BwLV,0,0,73.0,1.0,False,False,False,False,False,False,0,1,0,0,0,0,1,1,1,1,0,1,1,0,1,0,1,0,1,0,,0.6,109.0,1.14,65.9772,100.0,5.5,11.6,,1837.0,3.8,141.0,,17.0,91.0,159.0,0,0,34.77,0,0,0,0,0,0,0,0,0,0,0,0,0,1,0,1,1
BAMV,0,1,54.0,5.0,False,False,False,True,False,False,0,0,0,0,0,0,0,0,1,0,0,0,0,0,0,0,0,0,0,0,,,,,,,,,,,,,,,68.0,134.0,1,0,31.63,0,1,1,1,1,1,1,1,1,1,1,0,0,1,1,1,1
BANV,0,1,54.0,0.0,False,False,False,False,False,False,0,1,0,0,0,0,1,1,1,1,0,1,0,0,1,0,1,0,1,0,,0.3,99.0,0.77,101.7122,191.0,8.4,15.0,,,3.7,134.0,8.0,15.0,54.0,91.0,0,1,33.24,0,0,0,0,0,0,0,0,0,0,0,0,0,1,1,0,1
BAOV,0,0,74.0,0.0,True,False,False,False,False,False,0,1,0,0,0,0,0,0,1,0,0,0,1,0,0,0,1,0,0,0,,0.7,105.0,1.17,60.1358,85.0,5.8,10.6,,21856.0,4.2,140.0,75.0,32.0,76.0,145.0,0,1,18.44,0,0,0,0,0,0,0,0,0,0,0,0,0,1,0,0,1
BAQV,0,0,67.0,1.0,True,False,False,True,False,False,0,1,0,0,0,0,0,1,1,1,0,0,0,0,1,0,1,0,0,0,,0.3,105.0,1.0,89.0,108.0,5.8,13.7,,244.0,3.9,141.0,,15.0,73.0,121.0,0,0,26.85,0,0,0,0,0,0,0,0,0,0,0,0,0,1,0,1,1
BQQV,1,0,52.0,4.0,False,False,False,False,False,False,0,0,0,0,0,0,0,0,0,0,0,0,0,0,0,0,0,0,0,0,,,,,,,,,,,,,,,,,1,0,,1,1,1,1,1,1,1,1,1,1,1,1,1,1,1,1,1
BgQV,0,0,71.0,0.0,True,False,False,False,False,False,0,1,0,0,0,0,1,1,1,0,0,1,1,0,1,0,1,0,0,0,,0.3,103.0,1.3,,184.0,10.6,11.0,,7962.0,4.3,140.0,24.0,44.0,67.0,113.0,0,1,26.84,0,0,0,0,1,0,0,0,0,0,0,0,0,1,0,0,1
BwRV,0,0,71.0,2.0,True,False,False,False,False,False,0,0,0,0,0,0,0,1,1,1,0,0,1,0,0,0,1,0,0,0,,,,,,,,,,,,,,,68.0,126.0,0,1,23.4,0,1,1,1,1,1,1,1,1,1,1,0,0,1,1,1,1
BwSV,0,1,80.0,0.0,False,False,False,False,False,False,0,1,0,1,0,0,0,1,1,1,0,1,1,0,1,0,1,0,1,0,,1.1,105.0,1.05,67.9608,164.0,6.1,15.5,,572.0,4.3,143.0,38.0,32.0,80.0,144.0,0,1,33.86,0,0,0,0,0,0,0,0,0,0,0,0,0,1,0,0,1
BwTV,0,0,85.0,0.0,True,False,False,False,False,False,0,1,1,0,0,0,0,1,1,1,0,1,0,0,0,1,1,0,0,0,3.9,0.5,97.0,1.76,36.7271,68.0,5.9,9.6,7.11,4372.0,5.7,131.0,47.0,37.0,55.0,102.0,0,1,25.99,0,0,0,0,0,0,0,0,0,0,0,0,0,0,0,0,0
BAVV,0,0,72.0,0.0,True,False,False,True,True,False,0,1,0,0,0,0,0,0,0,0,0,0,0,0,1,0,1,0,0,0,,0.6,105.0,0.85,,107.0,6.2,16.6,,,4.2,139.0,13.0,20.0,61.0,90.0,1,0,23.14,0,0,0,0,1,0,0,0,0,0,0,0,0,1,1,0,1
BQVV,1,0,74.0,0.0,True,False,False,False,False,False,0,0,0,0,0,0,0,0,1,0,0,0,0,1,0,0,0,1,0,0,,,,,,,,,,,,,,,80.0,126.0,1,0,30.55,0,1,1,1,1,1,1,1,1,1,1,0,0,1,1,1,1
BgVV,0,0,75.0,0.0,True,False,False,False,False,False,0,0,0,0,0,0,0,0,1,1,0,0,1,0,1,1,0,0,1,0,,,103.0,0.88,,219.0,,14.4,,,3.6,138.0,,14.0,83.0,148.0,0,0,24.01,0,1,0,0,1,0,1,0,0,0,0,0,0,1,1,1,1
BAYV,1,0,43.0,1.0,False,False,False,False,False,False,0,0,0,1,0,0,1,0,0,0,0,0,0,1,0,0,1,0,0,0,4.8,1.0,102.0,0.72,,109.0,6.2,14.7,8.2,,4.5,141.0,,14.0,66.0,124.0,0,0,27.88,0,0,0,0,1,0,0,0,0,0,0,0,0,0,1,1,0
BgYV,1,0,76.0,0.0,False,False,False,True,True,False,0,0,0,0,0,0,1,0,0,0,1,0,0,1,0,0,1,0,0,0,4.5,0.5,99.0,0.58,104.9977,151.0,6.8,13.4,5.1,,4.3,136.0,,13.0,82.0,138.0,1,0,29.76,0,0,0,0,0,0,0,0,0,0,0,0,0,0,1,1,0
BwZV,0,1,76.0,1.0,True,False,False,False,False,False,0,1,0,1,0,0,1,1,1,1,0,1,1,1,0,0,1,1,0,0,,0.4,101.0,0.86,85.7844,96.0,5.7,8.0,,1018.0,4.3,141.0,20.0,15.0,56.0,114.0,0,1,29.84,0,0,0,0,0,0,0,0,0,0,0,0,0,1,0,0,1
BwbV,0,0,45.0,0.0,False,False,False,False,False,False,0,1,0,0,0,0,1,1,1,1,0,1,1,1,0,1,1,0,0,1,,,98.0,1.15,62.164,208.0,6.2,17.1,,,4.3,136.0,153.0,24.0,51.0,103.0,0,0,29.06,0,1,0,0,0,0,0,0,0,0,0,0,0,1,1,0,1
BAdV,0,1,81.0,2.0,False,False,False,False,False,False,0,1,0,0,0,0,1,0,1,0,0,1,1,0,0,0,1,0,0,0,,0.2,105.0,0.89,65.3737,220.0,,11.2,,7994.0,4.3,141.0,34.0,22.0,89.0,153.0,1,0,26.89,0,0,0,0,0,0,1,0,0,0,0,0,0,1,0,0,1
BAeV,0,0,74.0,0.0,False,False,False,False,False,True,0,1,1,1,0,0,0,1,1,1,0,1,1,0,1,0,1,0,1,0,4.0,0.8,90.0,1.56,43.9677,133.0,5.8,8.7,8.8,2053.0,3.8,139.0,31.0,38.0,59.0,116.0,0,1,28.8,0,0,0,0,0,0,0,0,0,0,0,0,0,0,0,0,0
BAgV,0,0,72.0,0.0,False,False,False,False,False,False,0,1,0,0,0,0,0,1,1,1,0,0,1,0,1,0,0,0,0,0,,0.4,107.0,0.9,60.8753,118.0,5.8,12.3,,1888.0,4.3,141.0,28.0,27.0,70.0,108.0,0,1,30.11,0,0,0,0,0,0,0,0,0,0,0,0,0,1,0,0,1
BwhV,0,0,71.0,4.0,False,False,False,False,False,False,0,0,0,0,0,0,0,1,0,0,0,0,0,0,0,0,0,0,0,0,,,,,,101.0,6.4,,,,,,,,84.0,122.0,0,1,41.56,0,1,1,1,1,0,0,1,1,1,1,0,0,1,1,1,1
BQjV,1,0,61.0,3.0,False,False,False,False,False,False,0,0,0,0,0,0,0,1,1,0,0,0,0,0,0,0,1,0,0,0,4.4,0.4,103.0,0.82,102.5422,112.0,5.9,,,,4.9,141.0,,17.0,80.0,130.0,0,1,45.91,0,0,0,0,0,0,0,1,0,0,0,0,0,1,1,1,0
BgjV,0,0,84.0,0.0,False,False,False,False,False,True,0,0,0,0,0,0,0,0,1,0,1,0,1,0,1,0,1,0,0,0,,,,,,,,,,,,,,,64.0,96.0,0,1,26.22,0,1,1,1,1,1,1,1,1,1,1,0,0,1,1,1,1
BwjV,0,0,83.0,2.0,True,False,False,False,False,False,0,1,0,0,0,0,0,0,0,1,0,0,0,0,0,0,0,0,0,0,,,,,,,,,,,,,,,74.0,118.0,0,0,31.77,0,1,1,1,1,1,1,1,1,1,1,0,0,1,1,1,1
BAkV,0,1,51.0,1.0,False,False,False,False,False,False,0,1,0,0,1,0,0,1,1,1,0,1,1,0,1,1,1,0,1,0,,0.7,92.0,1.7,43.4174,103.0,5.8,14.7,,6040.0,3.9,138.0,,49.0,111.0,161.0,0,1,23.72,0,0,0,0,0,0,0,0,0,0,0,0,0,1,0,1,1
BQkV,1,1,47.0,3.0,False,False,False,False,False,False,0,0,0,0,0,0,0,1,0,0,0,0,0,0,0,0,1,0,0,0,,,105.0,0.8,97.9528,90.0,,15.4,,,4.0,142.0,,17.0,65.0,98.0,0,0,35.15,0,1,0,0,0,0,1,0,0,0,0,0,0,1,1,1,1
BgkV,0,1,69.0,2.0,False,False,False,False,False,False,0,0,0,1,0,0,1,1,1,0,0,1,1,0,0,0,1,0,0,0,,0.5,96.0,1.7,48.2536,182.0,8.4,10.6,,504.0,4.9,142.0,,39.0,58.0,122.0,0,0,47.3426,0,0,0,0,0,0,0,0,0,0,0,0,0,1,0,1,1
BAlV,1,0,56.0,4.0,False,False,False,False,False,False,0,0,0,0,0,0,0,0,0,1,0,0,0,0,0,0,1,0,0,0,,,,,,,,,,,,,,,76.0,126.0,0,0,41.47,0,1,1,1,1,1,1,1,1,1,1,0,0,1,1,1,1
BQlV,1,0,72.0,0.0,False,False,False,True,False,True,0,0,0,0,0,0,1,0,1,0,0,0,1,0,0,0,0,0,0,0,4.1,0.3,101.0,0.88,86.6438,121.0,5.7,12.8,7.9,,3.9,139.0,,14.0,83.0,143.0,0,1,43.841,0,0,0,0,0,0,0,0,0,0,0,0,0,0,1,1,0
BAnV,0,0,84.0,2.0,False,False,False,False,False,False,0,1,0,0,0,0,0,1,1,0,0,0,0,0,0,1,0,0,0,0,3.8,0.3,104.0,0.7,109.0686,,,,,,5.0,140.0,,24.0,72.0,126.0,0,0,23.87,0,0,0,0,0,1,1,1,0,0,0,0,0,1,1,1,0
BgnV,0,0,87.0,1.0,True,False,False,False,False,False,0,0,0,0,0,0,0,1,1,0,0,0,1,0,1,0,0,0,0,0,,,,,,,,,,,,,,,80.0,104.0,0,1,43.4,0,1,1,1,1,1,1,1,1,1,1,0,0,1,1,1,1
BwnV,0,0,73.0,0.0,False,False,False,False,False,False,0,0,0,0,0,0,0,1,1,0,0,1,0,0,0,0,1,0,0,0,,,104.0,1.87,39.0,120.0,,12.8,9.0,,5.3,138.0,,38.0,64.0,97.0,0,1,29.57,0,1,0,0,0,0,1,0,0,0,0,0,0,0,1,1,1
BAoV,0,0,,,True,False,False,False,False,False,0,1,0,0,0,1,0,1,1,0,0,0,1,0,0,1,0,0,1,0,,0.6,105.0,1.1,68.282,110.0,5.5,11.6,,,4.1,142.0,,14.0,61.0,93.0,0,0,33.59,0,0,0,0,0,0,0,0,0,0,0,0,0,1,1,1,1
BwoV,0,0,78.0,0.0,True,False,False,False,False,False,0,0,0,0,0,0,1,1,1,0,1,1,1,1,1,0,0,0,0,0,,0.6,97.0,0.74,103.3929,106.0,5.3,13.2,,2460.0,4.0,130.0,,12.0,79.0,124.0,1,0,38.57,0,0,0,0,0,0,0,0,0,0,0,0,0,1,0,1,1
BApV,0,0,73.0,0.0,False,False,True,False,False,False,0,0,0,0,0,0,0,1,1,0,0,1,1,1,0,0,1,0,0,0,,0.5,101.0,1.26,,125.0,6.5,15.3,,,4.0,139.0,8.0,17.0,94.0,176.0,1,0,26.89,0,0,0,0,1,0,0,0,0,0,0,0,0,1,1,0,1
BQpV,0,1,55.0,0.0,False,False,False,False,False,False,0,0,0,0,0,0,0,0,1,1,0,0,1,0,1,0,0,0,0,0,4.1,0.4,92.0,0.81,91.2309,114.0,,16.6,7.9,1152.0,3.8,136.0,22.0,16.0,65.0,119.0,1,0,28.62,0,0,0,0,0,0,1,0,0,0,0,0,0,0,0,0,0
BArV,0,1,50.0,0.0,False,False,False,False,False,False,0,0,0,0,0,0,0,1,1,0,0,1,1,1,1,1,1,1,0,0,,0.6,99.0,0.74,74.0659,96.0,6.1,10.4,,1700.0,3.9,137.0,22.0,11.0,85.0,128.0,1,0,33.13,0,0,0,0,0,0,0,0,0,0,0,0,0,1,0,0,1
BAsV,0,0,77.0,0.0,True,False,False,False,False,False,0,0,0,0,0,0,0,1,1,0,0,0,1,0,0,0,1,0,0,0,,,,,,,,,,,,,,,,,0,0,29.02,0,1,1,1,1,1,1,1,1,1,1,1,1,1,1,1,1
BAtV,0,0,56.0,1.0,True,False,False,False,False,False,0,1,0,0,1,0,1,1,1,0,0,0,1,0,0,0,1,0,0,0,,,,,,,7.5,,,,,,,,70.0,130.0,0,0,33.08,0,1,1,1,1,1,0,1,1,1,1,0,0,1,1,1,1
BQtV,0,1,61.0,7.0,False,True,False,False,False,False,0,1,0,1,0,0,0,1,1,1,0,0,1,0,0,0,1,0,0,0,4.3,0.5,99.0,0.96,76.5672,93.0,5.8,13.7,5.5,4447.0,3.8,136.0,,35.0,71.0,127.0,0,0,23.83,0,0,0,0,0,0,0,0,0,0,0,0,0,0,0,1,0
BAuV,0,0,70.0,0.0,False,False,False,False,False,False,0,1,0,0,0,0,0,1,1,0,0,0,0,0,1,0,1,0,0,0,,0.7,106.0,0.95,78.8398,92.0,5.8,13.7,,246.0,4.0,140.0,14.0,17.0,68.0,104.0,0,1,27.61,0,0,0,0,0,0,0,0,0,0,0,0,0,1,0,0,1
BQuV,1,1,83.0,0.0,False,False,False,False,False,False,0,0,0,0,0,0,0,1,0,0,0,1,1,1,0,0,1,0,0,0,,,101.0,1.28,44.9591,91.0,6.5,7.7,,2637.0,4.0,143.0,,21.0,77.0,189.0,1,0,44.39,0,1,0,0,0,0,0,0,0,0,0,0,0,1,0,1,1
BQvV,1,0,55.0,0.0,False,False,False,False,False,False,0,1,0,0,0,0,1,1,1,1,0,1,0,0,0,0,1,0,0,0,,1.1,106.0,0.96,79.1099,156.0,8.4,14.7,,,4.5,139.0,,23.0,73.0,126.0,1,0,24.57,0,0,0,0,0,0,0,0,0,0,0,0,0,1,1,1,1
BgvV,0,0,73.0,0.0,False,False,False,False,False,False,0,1,0,0,1,0,0,1,1,1,0,0,1,0,1,1,0,0,0,0,,0.3,102.0,1.08,67.7923,113.0,5.1,12.4,,974.0,4.0,136.0,20.0,15.0,70.0,155.0,1,0,34.48,0,0,0,0,0,0,0,0,0,0,0,0,0,1,0,0,1
BAxV,1,0,53.0,2.0,False,False,False,True,False,True,0,1,0,0,0,0,1,1,1,0,0,1,0,1,0,0,1,1,1,0,3.9,0.8,102.0,0.96,75.365,231.0,8.4,14.9,,,4.9,137.0,,20.0,87.0,150.0,0,0,23.87,0,0,0,0,0,0,0,0,0,0,0,0,0,1,1,1,0
BAyV,1,0,70.0,2.0,False,False,False,False,False,False,0,1,0,1,0,0,1,0,0,0,0,1,1,0,0,1,1,0,1,0,,1.1,107.0,0.9,107.0,120.0,5.9,13.1,,502.0,4.5,142.0,,7.0,86.0,131.0,0,0,39.84,0,0,0,0,0,0,0,0,0,0,0,0,0,1,0,1,1
BQyV,0,0,85.0,0.0,False,False,False,False,False,False,0,0,0,0,0,0,1,0,1,0,0,1,1,0,0,0,1,0,0,0,,1.1,101.0,0.76,84.0,220.0,10.9,13.7,,1803.0,3.7,139.0,,17.0,66.0,146.0,0,1,43.32,0,0,0,0,0,0,0,0,0,0,0,0,0,1,0,1,1
BwyV,0,0,55.0,0.0,True,False,False,False,False,False,0,0,0,0,1,0,0,1,0,1,0,1,0,1,0,0,1,0,0,0,,0.5,103.0,2.03,35.1355,195.0,5.7,12.9,,,4.9,136.0,,42.0,79.0,185.0,0,0,42.1801,0,0,0,0,0,0,0,0,0,0,0,0,0,1,1,1,1
BAzV,0,0,74.0,1.0,False,False,False,True,False,True,0,1,0,0,0,1,1,1,1,1,0,1,0,1,0,1,1,0,1,0,,1.1,101.0,0.62,129.7928,164.0,7.6,13.5,,279.0,4.2,138.0,,11.0,65.0,144.0,0,1,30.48,0,0,0,0,0,0,0,0,0,0,0,0,0,1,0,1,1
BgzV,0,0,72.0,0.0,False,False,False,False,False,False,0,1,0,0,0,0,0,1,1,1,1,0,1,0,1,0,1,0,0,0,,,104.0,0.93,79.4245,95.0,,14.9,,623.0,4.4,140.0,26.0,16.0,72.0,151.0,0,1,31.82,0,1,0,0,0,0,1,0,0,0,0,0,0,1,0,0,1
BwzV,1,0,68.0,2.0,False,False,False,False,False,False,0,0,0,0,0,0,0,0,1,0,0,0,0,0,0,0,0,0,0,0,4.8,0.6,103.0,0.76,108.1291,93.0,5.6,16.2,,,4.5,140.0,,16.0,73.0,124.0,0,1,35.69,0,0,0,0,0,0,0,0,0,0,0,0,0,1,1,1,0
BA0V,0,0,87.0,3.0,False,False,False,False,False,False,0,1,0,0,1,0,0,1,1,0,0,0,1,0,1,0,1,0,0,0,,0.7,94.0,1.32,39.9037,76.0,6.4,8.9,,4194.0,3.9,135.0,32.0,29.0,52.0,115.0,1,0,,1,0,0,0,0,0,0,0,0,0,0,0,0,1,0,0,1
BQ0V,0,0,74.0,0.0,True,False,False,False,False,False,0,1,0,0,0,0,0,1,1,0,0,0,0,0,1,0,1,0,0,0,,0.3,104.0,0.79,100.7397,89.0,5.6,13.4,,1199.0,3.9,139.0,17.0,9.0,71.0,133.0,1,0,25.26,0,0,0,0,0,0,0,0,0,0,0,0,0,1,0,0,1
BA2V,0,0,71.0,3.0,False,False,False,False,False,False,0,0,0,0,0,0,0,1,0,1,0,1,1,1,0,1,0,0,1,0,3.7,0.6,95.0,1.73,46.6528,,6.4,16.8,6.86,685.0,4.1,137.0,,22.0,75.0,168.0,0,1,43.57,0,0,0,0,0,1,0,0,0,0,0,0,0,0,0,1,0
BQ3V,1,0,81.0,5.0,False,False,False,False,False,False,0,0,0,0,0,0,0,0,1,1,0,0,0,0,0,0,0,0,0,0,3.9,0.4,102.0,0.55,113.1307,,5.0,13.6,13.23,836.8,4.7,138.0,,14.0,61.0,121.0,1,0,28.58,0,0,0,0,0,1,0,0,0,0,0,0,0,0,0,1,0
Bw5V,0,0,67.0,2.0,False,False,False,False,False,True,0,1,0,1,1,1,1,1,1,1,0,1,0,0,0,0,1,0,0,0,4.4,0.6,106.0,1.22,56.8689,152.0,7.2,9.9,9.8,561.0,3.9,141.0,19.0,24.0,60.0,148.0,0,1,20.63,0,0,0,0,0,0,0,0,0,0,0,0,0,0,0,0,0
BQ6V,0,0,43.0,1.0,True,True,False,False,False,False,0,0,0,0,0,0,0,1,1,0,0,1,1,0,0,0,1,0,0,0,,,,,,,,,,,,,,,68.0,116.0,0,0,39.87,0,1,1,1,1,1,1,1,1,1,1,0,0,1,1,1,1
BQ7V,0,0,62.0,0.0,False,False,False,False,False,True,0,0,0,0,0,0,0,1,1,1,0,0,1,0,1,1,0,0,0,0,,0.5,103.0,1.05,93.879,114.0,5.8,10.6,,,4.3,143.0,,19.0,77.0,151.0,0,0,43.49,0,0,0,0,0,0,0,0,0,0,0,0,0,1,1,1,1
BA8V,0,0,77.0,0.0,True,False,False,False,False,False,0,0,0,0,0,0,0,1,1,1,0,1,1,1,1,1,0,0,0,0,,0.3,104.0,1.19,80.8659,115.0,9.0,11.7,,1131.0,3.2,142.0,,10.0,95.0,174.0,1,0,,1,0,0,0,0,0,0,0,0,0,0,0,0,1,0,1,1
BQ8V,0,1,62.0,0.0,True,False,False,False,False,False,0,1,0,1,0,0,0,1,1,1,0,0,0,0,1,1,1,0,1,0,,0.4,96.0,0.78,70.5329,93.0,5.0,10.0,,228.0,5.3,130.0,,23.0,57.0,110.0,0,1,22.59,0,0,0,0,0,0,0,0,0,0,0,0,0,1,0,1,1
Bw8V,1,0,73.0,4.0,False,False,False,False,False,False,0,1,0,0,0,0,1,1,1,0,0,0,1,0,1,0,1,0,0,0,,0.5,102.0,1.28,55.888,158.0,7.3,14.1,,,4.1,140.0,,12.0,112.0,180.0,0,0,48.83,0,0,0,0,0,0,0,0,0,0,0,0,0,1,1,1,1
BA9V,0,0,62.0,0.0,False,False,False,False,False,False,0,0,0,0,0,0,0,0,0,0,0,0,0,0,0,0,0,0,0,0,,,,,,,,,,60.0,,,14.0,,69.0,113.0,1,0,30.34,0,1,1,1,1,1,1,1,1,1,1,0,0,1,0,0,1
Bg_V,1,0,54.0,1.0,False,False,False,False,False,False,0,0,0,0,0,0,0,0,0,0,1,0,0,1,0,0,0,0,0,0,,,,,,,,,,,,,,,77.0,121.0,0,1,30.21,0,1,1,1,1,1,1,1,1,1,1,0,0,1,1,1,1
Bw_V,0,1,88.0,1.0,True,False,False,False,False,False,0,1,0,1,0,0,0,0,1,1,0,0,1,0,1,0,1,0,1,0,,0.6,88.0,0.7,81.1412,127.0,,10.5,,7256.0,3.9,131.0,15.0,14.0,59.0,90.0,0,1,22.66,0,0,0,0,0,0,1,0,0,0,0,0,0,1,0,0,1
Bw#V,0,0,53.0,0.0,False,False,False,True,False,True,0,0,0,0,0,0,0,1,1,1,0,1,0,0,1,0,0,0,0,0,,1.6,102.0,1.01,85.0732,120.0,6.7,12.5,,614.0,4.1,139.0,,21.0,72.0,123.0,0,1,45.94,0,0,0,0,0,0,0,0,0,0,0,0,0,1,0,1,1
BAAW,0,0,46.0,1.0,False,False,False,False,False,False,0,1,0,0,0,0,0,1,1,0,0,0,0,0,1,0,1,0,0,0,4.4,0.8,106.0,1.13,64.5336,103.0,,14.5,6.3,,5.6,143.0,,24.0,68.0,138.0,0,0,28.48,0,0,0,0,0,0,1,0,0,0,0,0,0,0,1,1,0
BABW,0,0,71.0,6.0,True,False,True,False,False,False,0,1,0,0,0,0,0,1,1,1,0,0,1,0,1,0,1,0,0,0,4.8,0.9,100.0,1.18,,97.0,6.0,13.0,4.6,837.0,4.8,135.0,26.0,22.0,86.0,152.0,0,0,25.74,0,0,0,0,1,0,0,0,0,0,0,0,0,0,0,0,0
BgDW,1,0,79.0,3.0,True,False,False,False,False,False,0,0,0,1,0,0,1,0,0,0,0,1,0,1,0,0,1,0,1,0,,0.5,98.0,0.95,79.3191,155.0,11.1,9.2,,,4.7,133.0,,12.0,71.0,108.0,0,0,,1,0,0,0,0,0,0,0,0,0,0,0,0,1,1,1,1
BwDW,0,0,48.0,0.0,False,False,False,True,True,False,0,0,0,0,0,0,1,1,1,1,0,1,0,0,0,1,1,0,0,0,,,91.0,0.68,174.5754,416.0,,14.1,,674.0,3.4,134.0,,13.0,59.0,131.0,1,0,44.1,0,1,0,0,0,0,1,0,0,0,0,0,0,1,0,1,1
BQEW,0,0,76.0,4.0,True,False,False,False,False,False,0,0,0,0,0,0,0,1,1,0,0,0,0,0,1,0,1,0,0,0,,,,,,,,,,,,,,,60.0,100.0,0,1,38.16,0,1,1,1,1,1,1,1,1,1,1,0,0,1,1,1,1
BgEW,0,1,67.0,5.0,False,False,False,True,True,False,0,1,0,0,0,0,1,1,1,0,1,1,0,1,1,0,1,1,0,0,,0.7,105.0,1.06,66.2418,201.0,7.4,13.0,12.94,,4.3,142.0,58.0,14.0,55.0,84.0,1,0,28.1484,0,0,0,0,0,0,0,0,0,0,0,0,0,0,1,0,1
BwEW,1,0,61.0,0.0,False,False,False,False,False,False,0,0,0,0,0,0,1,0,1,0,0,0,1,0,1,1,1,0,0,0,,,,,,,,,,,,,,,72.0,114.0,0,0,32.04,0,1,1,1,1,1,1,1,1,1,1,0,0,1,1,1,1
BQFW,1,0,76.0,2.0,True,False,False,False,False,False,0,0,0,0,0,0,1,0,0,0,0,0,0,0,0,0,1,0,0,0,,0.3,101.0,0.74,83.414,103.0,5.5,14.9,,,3.8,139.0,,7.0,99.0,187.0,0,0,38.3839,0,0,0,0,0,0,0,0,0,0,0,0,0,1,1,1,1
BgFW,0,1,70.0,2.0,False,False,False,False,False,False,0,1,0,0,0,0,1,0,1,0,0,0,1,0,1,0,1,0,0,0,,,,,,,,,,,,,,,60.0,102.0,0,0,29.76,0,1,1,1,1,1,1,1,1,1,1,0,0,1,1,1,1
BAGW,0,0,78.0,0.0,False,False,False,False,False,False,0,1,1,0,1,0,1,1,1,1,0,1,0,1,1,0,1,1,1,0,4.6,0.5,103.0,1.75,39.3143,149.0,8.8,14.1,7.7,409.0,4.9,137.0,,18.0,81.0,125.0,0,0,29.7,0,0,0,0,0,0,0,0,0,0,0,0,0,0,0,1,0
BgHW,0,1,64.0,1.0,False,False,True,False,False,False,0,0,0,0,0,0,0,0,0,0,0,0,1,0,0,1,1,0,0,0,,,102.0,1.03,68.3127,102.0,,10.0,10.0,,5.3,139.0,,24.3,72.0,135.0,0,0,19.41,0,1,0,0,0,0,1,0,0,0,0,0,0,0,1,1,1
BAIW,0,1,73.0,0.0,False,False,False,False,False,False,0,1,0,1,1,0,0,0,1,1,0,0,1,0,1,0,1,0,0,0,4.0,1.2,94.0,1.22,46.0,79.0,,12.7,5.7,783.0,4.3,141.0,,26.0,63.0,107.0,1,0,23.24,0,0,0,0,0,0,1,0,0,0,0,0,0,0,0,1,0
BQIW,0,0,86.0,1.0,False,False,False,False,False,False,0,0,0,0,0,0,0,1,1,0,0,0,0,0,1,0,0,0,0,0,,,,,,,,,,,,,,,89.0,138.0,0,0,27.12,0,1,1,1,1,1,1,1,1,1,1,0,0,1,1,1,1
BgIW,1,0,43.0,2.0,False,False,False,False,False,False,0,1,0,1,0,0,1,1,1,0,0,1,0,0,0,0,1,0,1,0,,0.5,103.0,1.22,58.3902,227.0,9.0,10.4,,443.0,4.7,141.0,,24.0,81.0,130.0,1,0,26.46,0,0,0,0,0,0,0,0,0,0,0,0,0,1,0,1,1
BQJW,1,0,56.0,2.0,False,False,False,False,False,False,0,0,0,0,0,0,0,0,0,0,0,0,0,0,0,0,0,0,0,0,,0.6,105.0,0.45,141.6488,145.0,,17.4,,,4.5,138.0,,13.0,74.0,121.0,0,0,23.2527,0,0,0,0,0,0,1,0,0,0,0,0,0,1,1,1,1
BQKW,0,1,80.0,0.0,False,False,False,False,False,False,0,1,0,1,0,0,0,1,1,1,1,0,1,0,1,1,1,0,1,0,,1.1,97.0,0.83,98.0,60.0,6.1,14.9,,6168.0,4.1,136.0,,14.0,80.0,118.0,0,0,33.95,0,0,0,0,0,0,0,0,0,0,0,0,0,1,0,1,1
BwKW,0,0,73.0,0.0,True,False,False,False,False,False,0,0,0,0,0,1,1,1,1,1,0,1,0,1,0,1,1,0,0,0,,1.1,103.0,0.81,,169.0,,15.4,,,4.5,142.0,,11.0,63.0,143.0,0,0,30.15,0,0,0,0,1,0,1,0,0,0,0,0,0,1,1,1,1
BALW,0,1,64.0,2.0,True,False,False,False,False,False,0,0,0,0,0,0,0,0,0,0,0,0,0,0,1,0,1,0,0,0,,,107.0,1.17,63.1678,89.0,,14.0,,140.0,4.1,144.0,7.0,13.0,90.0,137.0,0,1,25.51,0,1,0,0,0,0,1,0,0,0,0,0,0,1,0,0,1
BAMW,1,0,55.0,1.0,False,False,False,False,False,False,0,0,0,0,0,0,0,0,1,0,0,0,0,0,0,0,0,0,0,0,,,107.0,0.67,93.5496,68.0,,12.6,,,3.9,140.0,,12.0,81.0,116.0,0,0,26.53,0,1,0,0,0,0,1,0,0,0,0,0,0,1,1,1,1
BwMW,0,0,48.0,6.0,False,False,False,True,False,True,0,1,0,0,0,0,0,1,1,0,0,0,1,0,1,0,1,0,0,0,4.4,0.6,106.0,1.1,68.282,108.0,,,,,4.4,141.0,,21.0,69.0,111.0,0,1,25.86,0,0,0,0,0,0,1,1,0,0,0,0,0,1,1,1,0
BQNW,1,0,71.0,1.0,False,False,False,False,False,False,1,1,0,0,1,0,1,1,1,1,1,1,0,1,0,0,1,0,0,0,4.0,0.4,103.0,1.58,42.7396,145.0,8.0,15.1,6.59,,5.1,139.0,,30.0,68.0,120.0,0,0,27.59,0,0,0,0,0,0,0,0,0,0,0,0,0,0,1,1,0
BwOW,0,0,38.0,0.0,True,False,False,False,False,True,0,0,0,0,0,0,0,1,1,1,0,0,1,0,1,0,1,0,0,0,4.0,1.1,107.0,0.79,70.7579,,6.2,12.5,6.7,1850.0,3.6,145.0,,12.0,80.0,140.0,0,1,36.2,0,0,0,0,0,1,0,0,0,0,0,0,0,0,0,1,0
BAQW,0,0,77.0,4.0,False,False,False,False,False,False,0,0,0,0,1,0,0,0,1,1,0,0,1,0,0,0,0,0,0,0,,,,,,,,,,,,,,,72.0,168.0,1,0,32.9508,0,1,1,1,1,1,1,1,1,1,1,0,0,1,1,1,1
BQRW,0,0,74.0,0.0,False,False,False,False,False,False,0,1,0,0,0,0,1,1,1,0,0,1,0,1,0,0,1,0,1,0,,0.7,103.0,0.66,125.7791,366.0,9.5,16.8,,,3.8,136.0,1228.0,9.0,73.0,113.0,1,0,36.16,0,0,0,0,0,0,0,0,0,0,0,0,0,1,1,0,1
BgRW,0,0,78.0,4.0,False,False,False,False,False,False,0,0,0,0,0,0,0,1,1,0,0,0,0,0,0,0,1,0,0,0,,,,,,,,,,,,,,,60.0,114.0,0,0,26.6,0,1,1,1,1,1,1,1,1,1,1,0,0,1,1,1,1
BgSW,0,0,68.0,0.0,True,False,False,False,False,False,0,0,0,0,0,0,0,1,1,0,0,0,0,0,0,0,1,0,0,0,4.5,0.4,105.0,0.63,97.7509,,5.1,13.6,3.49,,4.3,137.0,,12.0,70.0,118.0,0,1,27.83,0,0,0,0,0,1,0,0,0,0,0,0,0,0,1,1,0
BATW,0,1,84.0,0.0,True,False,False,False,False,False,0,0,0,0,0,0,0,1,1,0,0,0,0,0,0,0,1,0,0,0,,0.4,104.0,0.74,104.2652,92.0,,13.1,,2447.0,4.9,141.0,19.0,23.0,61.0,131.0,0,1,,1,0,0,0,0,0,1,0,0,0,0,0,0,1,0,0,1
BwTW,0,0,78.0,0.0,True,False,False,False,False,False,0,0,1,0,0,0,0,1,1,1,0,0,1,0,1,0,0,0,1,0,4.1,0.5,99.0,0.85,,217.0,5.9,16.5,,,4.1,137.0,14.0,17.0,99.0,132.0,0,1,25.2,0,0,0,0,1,0,0,0,0,0,0,0,0,1,1,0,0
BAUW,1,0,40.0,2.0,True,False,False,False,True,False,0,0,1,0,0,0,0,1,0,1,0,0,0,0,0,0,0,0,1,0,4.4,0.5,101.0,0.97,56.4506,111.0,5.7,13.4,6.4,,4.2,141.0,,16.0,66.0,124.0,0,0,33.41,0,0,0,0,0,0,0,0,0,0,0,0,0,0,1,1,0
BgUW,1,0,81.0,5.0,False,False,False,True,True,False,0,0,0,0,0,0,1,1,0,0,0,0,0,1,0,0,1,1,0,0,,,,,,,6.4,,,,,,,,71.0,160.0,1,0,32.23,0,1,1,1,1,1,0,1,1,1,1,0,0,1,1,1,1
BwUW,0,1,84.0,0.0,True,False,False,False,False,False,0,0,0,0,0,0,0,1,1,0,1,0,1,1,0,0,1,1,0,0,,,,,,,,,,,,,,,82.0,137.0,1,0,,1,1,1,1,1,1,1,1,1,1,1,0,0,1,1,1,1
BAVW,0,0,66.0,0.0,False,False,True,False,False,False,0,1,0,0,1,0,0,1,1,0,0,0,1,0,1,1,0,0,0,0,,,103.0,1.7,42.5355,95.0,,11.4,,,4.3,141.0,,23.0,66.0,135.0,0,1,33.98,0,1,0,0,0,0,1,0,0,0,0,0,0,1,1,1,1
BgVW,0,0,88.0,7.0,True,False,False,False,False,False,0,1,0,1,0,1,0,0,1,1,0,0,1,0,1,1,1,0,0,0,,0.7,102.0,1.26,69.6132,129.0,5.5,9.7,,5240.0,4.7,137.0,76.0,15.0,100.0,146.0,0,1,27.96,0,0,0,0,0,0,0,0,0,0,0,0,0,1,0,0,1
BgWW,0,0,77.0,4.0,True,False,False,False,False,False,0,0,0,0,0,0,0,0,0,0,0,0,0,0,1,1,0,0,0,0,4.3,0.7,107.0,1.02,52.1423,118.0,,13.5,10.2,922.0,3.6,142.0,,22.0,70.0,122.0,1,0,37.49,0,0,0,0,0,0,1,0,0,0,0,0,0,0,0,1,0
BAXW,0,1,73.0,2.0,False,False,False,False,False,False,0,1,0,0,1,0,1,0,1,1,0,0,1,1,0,1,0,0,0,1,,,103.0,1.54,43.7946,170.0,,12.9,,,3.6,140.0,,26.0,77.0,164.0,1,0,42.52,0,1,0,0,0,0,1,0,0,0,0,0,0,1,1,1,1
BwXW,0,1,74.0,0.0,True,False,False,False,False,False,0,1,0,0,0,0,0,1,1,0,0,0,0,0,1,0,1,0,0,0,,0.4,104.0,0.86,84.3186,90.0,6.2,11.7,,,4.2,138.0,,14.0,75.0,114.0,0,1,27.82,0,0,0,0,0,0,0,0,0,0,0,0,0,1,1,1,1
BAYW,1,0,74.0,4.0,True,False,False,False,False,False,0,0,0,1,0,0,0,1,0,0,0,0,1,0,0,0,1,0,0,0,4.5,0.8,105.0,0.81,92.8985,105.0,,14.8,8.7,,4.3,141.0,,17.0,78.0,122.0,0,0,33.51,0,0,0,0,0,0,1,0,0,0,0,0,0,0,1,1,0
BgYW,0,0,68.0,0.0,False,False,False,False,False,False,0,0,0,0,0,0,0,1,1,1,0,0,1,0,0,1,1,0,0,0,,0.7,109.0,1.6,42.1236,84.0,5.6,12.2,,9648.0,4.2,144.0,21.0,30.0,66.0,123.0,0,1,26.61,0,0,0,0,0,0,0,0,0,0,0,0,0,1,0,0,1
BQZW,0,0,39.0,2.0,False,False,False,True,False,False,0,1,0,0,0,1,0,1,1,1,0,0,0,0,1,0,1,0,1,0,,,108.0,0.87,65.1432,97.0,5.0,12.5,,,4.6,141.0,,26.0,71.0,117.0,0,1,27.3243,0,1,0,0,0,0,0,0,0,0,0,0,0,1,1,1,1
BAaW,0,0,72.0,1.0,False,False,False,False,False,False,0,0,0,0,0,0,0,1,1,0,0,0,0,0,1,0,0,0,0,0,,,,,,,,,,,,,,,72.0,114.0,1,0,25.13,0,1,1,1,1,1,1,1,1,1,1,0,0,1,1,1,1
BQaW,0,1,87.0,0.0,True,False,False,False,False,False,0,0,0,0,0,0,0,0,1,0,0,1,1,0,0,0,1,0,0,0,,0.8,102.0,0.73,104.7432,236.0,6.5,12.3,,,5.7,139.0,,30.0,,,1,0,30.26,0,0,0,0,0,0,0,0,0,0,0,1,1,1,1,1,1
BgaW,1,0,63.0,0.0,True,False,False,False,False,False,0,0,0,0,0,0,1,0,0,0,0,0,0,1,0,0,1,0,0,1,,,,,,,,,,,,,,,88.0,159.0,0,0,29.95,0,1,1,1,1,1,1,1,1,1,1,0,0,1,1,1,1
BAbW,0,0,76.0,5.0,False,False,False,False,False,False,0,1,0,0,1,0,0,1,1,0,0,0,1,0,0,0,1,0,0,0,,0.3,100.0,1.4,51.0213,95.0,,13.1,6.9,69.0,4.1,136.0,,17.0,76.0,113.0,0,0,34.61,0,0,0,0,0,0,1,0,0,0,0,0,0,0,0,1,1
BQbW,0,0,79.0,0.0,True,False,False,False,False,False,0,1,0,0,0,0,1,0,1,1,1,1,0,1,0,0,1,0,0,0,,0.7,98.0,0.93,84.3558,118.0,7.1,16.2,,,4.4,138.0,,18.0,84.0,119.0,0,0,25.56,0,0,0,0,0,0,0,0,0,0,0,0,0,1,1,1,1
BgbW,1,0,74.0,2.0,False,False,True,False,False,True,0,0,0,1,0,0,1,1,0,1,0,1,1,0,0,0,1,0,0,0,4.3,0.1,106.0,0.67,85.3481,112.0,7.3,12.4,13.2,,4.0,144.0,,17.0,60.0,120.0,0,1,33.82,0,0,0,0,0,0,0,0,0,0,0,0,0,0,1,1,0
BwdW,0,0,69.0,5.0,False,False,False,False,False,False,0,0,0,0,0,0,0,1,1,0,0,0,0,0,1,0,0,0,0,0,5.0,0.3,101.0,0.94,60.7418,47.0,5.3,14.1,7.4,,4.0,142.0,,10.0,68.0,106.0,0,0,22.85,0,0,0,0,0,0,0,0,0,0,0,0,0,0,1,1,0
BAeW,0,0,62.0,4.0,True,False,True,False,False,False,0,0,0,0,0,0,0,1,1,1,1,0,1,0,0,0,1,0,0,0,3.6,0.3,106.0,1.07,65.8416,89.0,,,,,4.9,144.0,,16.0,72.0,110.0,0,1,35.35,0,0,0,0,0,0,1,1,0,0,0,0,0,1,1,1,0
BggW,1,0,70.0,7.0,False,True,False,False,False,False,0,0,0,0,0,0,0,0,0,0,0,0,0,0,0,0,0,0,0,0,,,,,,,,,,,,,,,92.0,171.0,0,1,25.25,0,1,1,1,1,1,1,1,1,1,1,0,0,1,1,1,1
BQhW,0,1,64.0,0.0,False,False,False,False,False,False,0,0,1,0,0,0,0,1,1,1,0,0,1,0,1,1,0,0,0,0,,1.9,94.0,0.74,107.5283,104.0,,15.1,,2600.0,3.6,138.0,,18.0,77.0,107.0,0,1,28.76,0,0,0,0,0,0,1,0,0,0,0,0,0,1,0,1,1
BghW,0,0,68.0,0.0,False,False,False,False,False,True,0,1,0,0,0,0,0,1,1,0,0,0,0,0,1,0,1,0,0,0,,0.4,98.0,0.65,120.0831,101.0,5.1,8.3,,,4.4,132.0,199.0,12.0,47.0,111.0,0,1,31.56,0,0,0,0,0,0,0,0,0,0,0,0,0,1,1,0,1
BwjW,0,0,63.0,2.0,False,False,False,False,False,False,0,1,0,0,0,0,0,1,1,1,0,1,0,1,0,0,1,0,1,0,,,104.0,0.85,92.9065,236.0,,14.1,,,3.7,141.0,,18.0,83.0,161.0,0,0,32.55,0,1,0,0,0,0,1,0,0,0,0,0,0,1,1,1,1
BAkW,0,0,56.0,1.0,True,False,False,False,False,False,0,0,0,0,0,0,1,1,1,0,0,0,0,1,0,0,1,0,0,0,4.9,1.3,101.0,0.79,74.2362,,7.3,13.9,6.8,,4.5,140.0,,10.0,84.0,134.0,1,0,1.14,0,0,0,0,0,1,0,0,0,0,0,0,0,0,1,1,0
BAlW,0,0,67.0,4.0,False,False,False,False,False,False,0,0,0,0,0,0,1,1,1,0,0,0,0,0,1,0,1,0,0,0,,,106.0,1.23,57.5219,118.0,,,,,4.8,138.0,,27.0,77.0,125.0,0,0,25.49,0,1,0,0,0,0,1,1,0,0,0,0,0,1,1,1,1
BwnW,0,1,71.0,0.0,True,False,False,False,False,False,0,1,0,0,0,0,0,1,1,0,0,0,0,0,1,0,1,0,1,0,,0.8,102.0,0.8,97.3235,109.0,5.6,15.4,,4952.0,3.7,135.0,3615.0,14.0,54.0,101.0,0,1,26.36,0,0,0,0,0,0,0,0,0,0,0,0,0,1,0,0,1
BApW,0,0,56.0,0.0,False,False,False,False,False,False,0,1,0,0,0,0,1,1,1,0,0,1,0,1,0,0,1,1,0,0,4.0,1.1,100.0,0.99,73.3023,164.0,9.6,12.3,,,4.0,138.0,,21.0,70.0,97.0,0,1,29.16,0,0,0,0,0,0,0,0,0,0,0,0,0,1,1,1,0
BgpW,0,0,84.0,0.0,True,False,False,False,False,False,0,1,0,0,0,0,1,1,1,1,0,1,0,1,1,0,1,1,1,0,,0.2,101.0,0.81,69.9029,102.0,10.2,12.3,,235.0,3.8,138.0,8.0,12.0,59.0,105.0,0,1,27.22,0,0,0,0,0,0,0,0,0,0,0,0,0,1,0,0,1
BAqW,0,1,80.0,1.0,True,False,False,False,False,False,0,1,0,0,0,0,0,0,0,0,0,0,0,0,0,1,1,0,0,0,,,104.0,1.25,,,,,,,4.2,139.0,,19.0,84.0,142.0,0,1,37.97,0,1,0,0,1,1,1,1,0,0,0,0,0,1,1,1,1
BQqW,0,0,51.0,0.0,False,False,False,False,False,False,0,1,0,0,0,0,1,1,1,1,0,0,0,1,0,0,1,0,0,0,5.3,0.6,99.0,1.03,72.4774,185.0,6.9,13.2,6.6,25.0,4.8,138.0,,23.0,73.0,140.0,0,0,31.83,0,0,0,0,0,0,0,0,0,0,0,0,0,0,0,1,0
BQrW,0,1,75.0,0.0,True,False,False,True,True,False,0,1,0,0,0,0,1,1,1,1,0,1,0,1,0,0,1,0,0,0,,,102.0,1.73,45.0,121.0,9.6,12.0,,7321.0,4.9,138.0,,26.0,86.0,139.0,0,1,26.99,0,1,0,0,0,0,0,0,0,0,0,0,0,1,0,1,1
BAsW,0,0,52.0,0.0,False,False,False,True,False,True,0,1,0,0,0,0,1,1,1,0,0,1,1,1,1,0,1,0,0,0,,0.4,97.0,0.85,91.9441,104.0,14.6,10.0,,3633.0,4.1,136.0,,19.0,78.0,134.0,1,0,25.99,0,0,0,0,0,0,0,0,0,0,0,0,0,1,0,1,1
BwsW,0,1,70.0,7.0,False,False,False,False,False,False,0,0,0,0,0,0,0,1,0,1,0,0,0,0,1,0,1,0,0,0,,0.5,104.0,1.0,71.1884,79.0,6.5,13.9,,97.0,4.9,136.0,,23.0,93.0,165.0,1,0,25.2,0,0,0,0,0,0,0,0,0,0,0,0,0,1,0,1,1
BguW,0,0,71.0,0.0,True,False,False,False,False,False,0,1,0,0,0,0,0,1,1,0,0,0,0,0,0,0,0,0,1,0,,0.6,107.0,1.08,67.4003,90.0,5.4,15.2,,382.0,4.3,143.0,15.0,25.0,61.0,116.0,0,1,26.76,0,0,0,0,0,0,0,0,0,0,0,0,0,1,0,0,1
BQvW,0,0,64.0,6.0,False,False,False,False,False,False,0,1,0,0,0,0,0,1,1,1,0,0,0,0,1,0,0,0,0,0,,,102.0,0.91,82.8524,94.0,,15.3,,,3.9,141.0,,17.0,92.0,150.0,1,0,27.44,0,1,0,0,0,0,1,0,0,0,0,0,0,1,1,1,1
BQwW,0,0,74.0,1.0,True,False,False,False,False,False,1,1,0,1,0,0,1,1,1,1,0,1,1,0,0,1,1,0,0,0,,1.0,103.0,1.45,51.7261,126.0,5.4,12.0,,871.0,4.3,140.0,,34.0,78.0,121.0,0,1,33.7012,0,0,0,0,0,0,0,0,0,0,0,0,0,1,0,1,1
BwwW,0,0,70.0,0.0,False,False,False,True,False,False,0,0,0,0,0,0,1,1,1,1,1,1,1,1,1,0,1,1,1,0,4.4,0.7,105.0,0.99,57.0239,94.0,8.5,10.4,10.7,1060.0,3.6,145.0,,14.0,84.0,173.0,0,0,32.17,0,0,0,0,0,0,0,0,0,0,0,0,0,0,0,1,0
BwxW,0,1,72.0,6.0,False,False,False,False,False,False,0,0,0,1,0,0,0,0,1,1,0,1,1,0,1,0,1,0,1,0,,0.6,99.0,0.95,57.1931,80.0,5.7,13.2,,1716.0,3.5,142.0,19.0,29.0,57.0,112.0,1,0,27.54,0,0,0,0,0,0,0,0,0,0,0,0,0,1,0,0,1
BAzW,0,0,23.0,0.0,False,False,False,False,False,False,0,1,0,0,0,0,0,0,1,1,0,0,1,0,1,0,1,0,0,0,,0.6,97.0,1.21,78.0,92.0,6.0,14.6,,753.0,4.1,140.0,,16.0,64.0,131.0,0,0,,1,0,0,0,0,0,0,0,0,0,0,0,0,1,0,1,1
BgzW,0,0,37.0,1.0,True,False,True,False,False,False,0,1,0,0,1,0,0,1,1,0,0,0,1,0,1,0,1,0,0,0,4.1,1.6,101.0,1.47,,101.0,,14.4,3.5,3842.0,4.8,140.0,66.0,27.0,79.0,110.0,0,1,34.82,0,0,0,0,1,0,1,0,0,0,0,0,0,0,0,0,0
BwzW,0,0,63.0,3.0,True,False,False,False,False,False,0,1,0,0,0,0,0,1,1,0,0,0,0,0,1,0,1,0,0,0,3.4,1.0,107.0,1.02,70.4523,98.0,,13.7,5.8,395.0,4.0,140.0,,23.0,72.0,110.0,0,1,24.82,0,0,0,0,0,0,1,0,0,0,0,0,0,0,0,1,0
BA0W,0,1,54.0,0.0,False,False,False,False,True,False,0,1,0,1,0,0,0,1,1,1,0,0,1,0,1,0,1,0,1,0,,0.4,99.0,1.14,48.6193,79.0,5.7,14.8,,8114.0,3.9,142.0,28.0,32.0,86.0,147.0,0,1,41.8,0,0,0,0,0,0,0,0,0,0,0,0,0,1,0,0,1
BQ0W,0,1,82.0,1.0,False,False,False,False,False,False,0,1,0,1,0,1,0,1,1,0,0,0,1,0,0,0,0,0,0,0,,0.5,98.0,0.59,130.2482,111.0,5.9,12.3,,949.0,4.6,132.0,19.0,12.0,66.0,116.0,1,0,27.4,0,0,0,0,0,0,0,0,0,0,0,0,0,1,0,0,1
BA1W,0,0,63.0,6.0,False,False,False,False,False,False,0,1,0,0,0,0,0,1,1,0,0,0,1,0,1,0,1,0,0,0,3.7,0.6,104.0,0.99,72.372,107.0,6.4,12.2,6.7,,3.9,140.0,,12.0,83.0,163.0,0,0,34.99,0,0,0,0,0,0,0,0,0,0,0,0,0,0,1,1,0
Bg1W,0,0,61.0,7.0,True,False,False,False,False,False,0,1,0,0,0,0,0,0,0,0,0,0,0,0,0,0,0,0,0,0,,,,,,,,,,,,,,,55.0,91.0,0,1,24.68,0,1,1,1,1,1,1,1,1,1,1,0,0,1,1,1,1
Bw1W,0,0,83.0,0.0,True,False,False,False,False,True,0,0,0,0,0,0,0,1,1,1,0,0,1,0,1,0,0,0,0,0,,0.6,99.0,0.77,95.0,98.0,5.5,12.5,,4097.0,3.9,141.0,,24.0,80.0,126.0,0,1,32.55,0,0,0,0,0,0,0,0,0,0,0,0,0,1,0,1,1
BA2W,0,0,82.0,0.0,False,False,False,False,False,False,0,1,0,0,0,0,0,1,1,0,0,1,1,1,0,1,1,1,0,1,,0.3,105.0,1.38,69.4635,119.0,6.3,13.7,,,4.7,141.0,,24.0,82.0,154.0,0,0,33.64,0,0,0,0,0,0,0,0,0,0,0,0,0,1,1,1,1
Bg2W,0,0,73.0,6.0,False,False,False,False,False,False,0,1,0,0,0,0,1,1,0,1,0,0,0,1,0,0,0,0,0,0,,,105.0,1.08,66.4755,91.0,,13.2,,,4.7,141.0,,35.0,66.0,155.0,0,0,25.07,0,1,0,0,0,0,1,0,0,0,0,0,0,1,1,1,1
BA3W,0,1,67.0,4.0,True,False,False,False,False,False,0,0,0,0,0,0,0,0,0,1,0,0,1,0,0,0,0,0,0,0,,,,,,,,,,,,,,,60.0,124.0,1,0,36.21,0,1,1,1,1,1,1,1,1,1,1,0,0,1,1,1,1
BA4W,1,0,77.0,2.0,False,False,False,False,False,False,0,0,0,0,1,0,1,1,1,0,0,0,1,1,1,0,1,0,0,0,4.6,0.5,97.0,1.15,61.6645,196.0,8.3,14.2,9.9,,4.8,141.0,,17.0,74.0,130.0,1,0,34.72,0,0,0,0,0,0,0,0,0,0,0,0,0,0,1,1,0
Bw4W,0,0,27.0,0.0,True,False,False,False,False,False,0,1,0,1,0,1,1,1,1,0,0,1,0,0,0,0,1,0,0,0,,0.2,97.0,0.85,68.9366,327.0,9.0,13.6,13.8,,5.1,135.0,,20.0,61.0,138.0,0,0,43.4,0,0,0,0,0,0,0,0,0,0,0,0,0,0,1,1,1
BQ5W,1,0,20.0,0.0,False,False,False,True,True,False,0,1,0,0,1,0,0,1,1,0,0,1,1,0,0,0,0,0,0,0,,0.5,104.0,1.32,53.7786,96.0,6.5,7.6,,,3.9,142.0,,17.0,66.0,121.0,0,0,31.86,0,0,0,0,0,0,0,0,0,0,0,0,0,1,1,1,1
Bg6W,0,0,66.0,0.0,False,False,False,False,False,False,0,1,0,0,0,0,0,1,1,0,0,0,1,0,1,0,1,0,0,0,,0.4,101.0,0.98,78.5574,117.0,5.2,12.7,,990.0,4.7,137.0,,18.0,58.0,91.0,0,1,20.07,0,0,0,0,0,0,0,0,0,0,0,0,0,1,0,1,1
Bg7W,0,0,72.0,6.0,True,False,False,True,False,False,1,1,0,1,1,0,1,0,0,1,1,1,1,0,0,1,1,0,0,0,4.2,0.2,98.0,1.84,,125.0,6.7,11.3,8.2,8052.0,3.8,138.0,,22.0,70.0,122.0,0,1,30.1293,0,0,0,0,1,0,0,0,0,0,0,0,0,0,0,1,0
BQ8W,0,0,63.0,0.0,True,True,False,False,False,False,0,1,0,0,0,0,0,0,1,0,0,1,1,0,0,0,1,0,0,0,,,,,,,,,,,,,,,84.0,132.0,0,1,29.28,0,1,1,1,1,1,1,1,1,1,1,0,0,1,1,1,1
Bg8W,0,0,55.0,0.0,False,False,False,False,False,False,0,0,0,0,0,1,1,1,1,1,1,1,1,0,0,1,1,0,1,0,,1.0,105.0,0.64,101.0,190.0,6.7,11.6,,,3.5,142.0,,24.0,82.0,173.0,0,0,33.24,0,0,0,0,0,0,0,0,0,0,0,0,0,1,1,1,1
BQ_W,0,0,75.0,0.0,True,False,True,False,False,False,0,0,0,0,0,0,0,1,1,1,0,0,0,0,0,1,0,0,0,0,,1.0,106.0,1.4,52.6154,84.0,5.2,14.5,,,4.1,140.0,18.0,21.0,87.0,142.0,1,0,36.52,0,0,0,0,0,0,0,0,0,0,0,0,0,1,1,0,1
Bw_W,1,0,50.0,3.0,False,False,False,False,False,False,0,0,0,1,0,0,1,0,1,1,0,1,1,0,0,0,1,0,0,0,,,101.0,0.53,162.6281,186.0,11.7,15.6,,23.0,3.8,139.0,,16.0,60.0,102.0,1,0,32.07,0,1,0,0,0,0,0,0,0,0,0,0,0,1,0,1,1
BAAX,0,0,59.0,0.0,False,False,False,False,False,False,0,1,0,0,1,0,0,0,1,1,0,1,0,1,0,0,1,0,0,0,,0.4,102.0,1.61,32.0182,111.0,,12.9,,1110.0,4.0,137.0,48.0,47.0,83.0,138.0,1,0,26.45,0,0,0,0,0,0,1,0,0,0,0,0,0,1,0,0,1
BgAX,0,0,57.0,4.0,False,False,False,False,False,False,0,1,0,1,0,0,1,0,1,0,0,1,0,0,0,1,1,0,1,0,,,100.0,1.27,43.0,162.0,6.0,11.6,,1528.0,4.2,135.0,,17.0,67.0,145.0,0,1,28.24,0,1,0,0,0,0,0,0,0,0,0,0,0,1,0,1,1
BQCX,0,0,76.0,5.0,False,False,False,False,False,False,0,1,0,0,0,0,1,1,1,0,0,0,0,0,1,0,1,0,0,0,,,,,,,,,,,,,,,77.0,136.0,0,1,30.11,0,1,1,1,1,1,1,1,1,1,1,0,0,1,1,1,1
BwCX,0,0,65.0,0.0,False,False,False,False,False,True,0,1,0,1,0,0,1,1,0,1,0,1,0,1,0,0,1,0,0,0,4.2,0.5,96.0,0.67,107.0,135.0,7.7,11.6,,,4.6,137.0,,8.0,65.0,108.0,1,0,19.59,0,0,0,0,0,0,0,0,0,0,0,0,0,1,1,1,0
BAEX,0,0,71.0,0.0,False,False,False,False,False,False,0,1,0,1,0,0,1,0,1,1,0,0,1,0,0,0,1,0,0,0,4.7,0.2,97.0,1.12,62.6134,144.0,6.9,13.6,9.4,4276.0,4.4,135.0,,38.0,54.0,94.0,0,0,21.3,0,0,0,0,0,0,0,0,0,0,0,0,0,0,0,1,0
BwEX,0,0,80.0,0.0,False,False,False,False,False,True,0,1,0,0,0,0,1,1,1,1,0,1,1,0,1,1,1,0,0,0,,0.4,101.0,0.91,84.1469,174.0,8.1,9.4,,1143.0,4.3,138.0,33.0,21.0,72.0,110.0,0,0,31.17,0,0,0,0,0,0,0,0,0,0,0,0,0,1,0,0,1
BAGX,0,0,70.0,4.0,False,False,False,False,False,False,0,0,0,0,0,0,0,0,0,0,0,0,0,0,0,0,0,0,0,0,3.9,0.6,105.0,1.04,,,7.9,15.9,7.73,,3.8,140.0,,11.0,,,0,0,,1,0,0,0,1,1,0,0,0,0,0,1,1,0,1,1,0
BQGX,1,0,63.0,6.0,True,False,False,False,False,False,0,0,0,0,0,0,0,1,1,0,0,0,0,0,0,0,0,0,0,0,,,,,,,,,,,,,,,64.0,122.0,1,0,39.48,0,1,1,1,1,1,1,1,1,1,1,0,0,1,1,1,1
BwIX,1,0,60.0,1.0,False,False,False,False,False,False,0,0,0,0,0,1,0,0,1,0,0,0,0,0,0,0,0,0,0,0,,,,,,,,,,,,,,,76.0,128.0,0,0,41.47,0,1,1,1,1,1,1,1,1,1,1,0,0,1,1,1,1
BAKX,1,1,44.0,4.0,True,False,False,False,True,False,0,1,0,0,0,0,1,1,0,0,0,1,0,0,0,0,0,0,1,0,,1.1,105.0,1.55,32.1715,133.0,6.3,6.9,,,3.4,145.0,,35.0,63.0,111.0,1,0,31.2176,0,0,0,0,0,0,0,0,0,0,0,0,0,1,1,1,1
BwKX,1,0,68.0,2.0,False,True,False,False,False,False,0,0,0,0,0,0,0,0,1,1,1,0,0,0,0,0,1,0,0,0,,,,,,,,,,,,,,,,,0,1,,1,1,1,1,1,1,1,1,1,1,1,1,1,1,1,1,1
BgLX,0,0,84.0,0.0,False,False,False,False,False,False,0,0,0,0,0,0,1,1,1,1,0,1,0,0,0,1,1,0,1,0,,0.8,100.0,2.25,,140.0,7.7,11.1,,,3.8,136.0,,42.0,62.0,126.0,0,0,31.84,0,0,0,0,1,0,0,0,0,0,0,0,0,1,1,1,1
BAMX,0,0,57.0,0.0,True,False,False,False,False,False,0,1,0,1,0,0,1,0,1,1,0,1,1,0,1,0,1,0,0,0,,0.6,96.0,0.93,84.3558,145.0,9.9,10.7,,,4.4,134.0,,16.0,54.0,93.0,0,1,22.43,0,0,0,0,0,0,0,0,0,0,0,0,0,1,1,1,1
BQNX,0,1,54.0,0.0,False,False,False,False,False,False,0,0,0,0,0,0,0,0,0,0,0,0,1,0,1,0,0,0,0,0,,2.2,100.0,1.1,49.248,83.0,,15.3,,24622.0,3.6,141.0,165.0,41.0,60.0,133.0,1,0,29.86,0,0,0,0,0,0,1,0,0,0,0,0,0,1,0,0,1
BwPX,0,0,80.0,0.0,True,False,False,False,False,True,0,1,0,0,0,0,0,1,1,0,0,0,1,0,1,0,1,0,0,0,,0.9,98.0,0.99,65.5788,107.0,5.9,15.5,,15016.0,4.7,140.0,,24.0,57.0,101.0,0,0,27.18,0,0,0,0,0,0,0,0,0,0,0,0,0,1,0,1,1
BAQX,0,0,77.0,7.0,False,False,False,False,False,True,0,0,0,0,0,0,0,0,0,0,0,0,0,0,0,0,0,0,0,0,,,,,,,,,,,,,,,78.0,134.0,0,1,39.99,0,1,1,1,1,1,1,1,1,1,1,0,0,1,1,1,1
BQQX,0,0,68.0,0.0,False,False,False,False,False,False,0,1,0,0,0,0,0,1,1,1,0,0,1,0,1,0,0,0,0,0,,0.6,100.0,1.06,55.0,146.0,5.8,14.1,,15038.0,4.5,139.0,,34.0,78.0,171.0,0,1,24.84,0,0,0,0,0,0,0,0,0,0,0,0,0,1,0,1,1
BARX,0,1,84.0,1.0,False,False,False,True,True,False,0,1,1,1,0,0,0,1,1,1,0,1,1,0,1,1,0,0,1,0,,0.6,107.0,0.86,90.3201,118.0,6.1,10.8,,10775.0,4.3,149.0,,22.0,72.0,129.0,0,0,,1,0,0,0,0,0,0,0,0,0,0,0,0,1,0,1,1
BASX,0,0,60.0,1.0,False,False,False,False,False,False,0,0,0,0,0,0,1,0,1,0,0,1,0,0,0,0,1,0,0,0,,0.7,104.0,0.75,110.2368,119.0,,15.4,,82.0,4.3,141.0,,23.0,84.0,142.0,0,1,28.77,0,0,0,0,0,0,1,0,0,0,0,0,0,1,0,1,1
BQTX,0,0,80.0,1.0,False,False,False,False,False,False,0,0,0,0,0,0,0,1,1,0,0,0,0,0,1,0,0,0,0,0,,,105.0,1.14,,89.0,5.4,,,292.0,4.4,145.0,,11.0,94.0,146.0,0,1,29.88,0,1,0,0,1,0,0,1,0,0,0,0,0,1,0,1,1
BwTX,1,0,69.0,6.0,False,False,False,True,True,False,0,1,0,0,0,0,1,1,1,0,0,0,0,0,1,0,1,0,0,0,,,,,,,,,,,,,,,53.0,109.0,0,1,,1,1,1,1,1,1,1,1,1,1,1,0,0,1,1,1,1
BgVX,0,0,82.0,0.0,True,False,False,False,False,False,0,0,0,0,0,0,0,0,0,0,0,0,1,0,1,0,0,0,0,0,,0.4,108.0,1.33,,148.0,5.5,10.8,,34622.0,3.7,141.0,,24.0,60.0,87.0,0,0,25.8,0,0,0,0,1,0,0,0,0,0,0,0,0,1,0,1,1
BwVX,0,0,75.0,0.0,False,False,False,False,False,False,0,1,0,0,0,0,0,1,1,1,0,0,0,0,0,0,1,0,0,0,4.4,0.5,104.0,0.74,111.0698,,5.5,14.6,7.49,,4.6,141.0,,15.0,106.0,182.0,0,0,24.39,0,0,0,0,0,1,0,0,0,0,0,0,0,0,1,1,0
BwWX,0,0,82.0,2.0,False,False,False,False,False,False,0,1,0,0,0,0,0,1,1,0,0,0,0,0,1,0,1,0,0,0,,,99.0,0.8,93.4925,87.0,,13.3,,396.0,4.4,132.0,,16.0,63.0,107.0,0,1,29.09,0,1,0,0,0,0,1,0,0,0,0,0,0,1,0,1,1
BwXX,0,0,40.0,3.0,False,False,False,False,False,False,0,1,0,1,0,0,1,1,1,1,0,0,1,1,1,0,1,0,0,0,3.9,0.5,109.0,0.71,86.0,105.0,6.4,13.4,10.8,1064.0,5.1,139.0,,24.0,73.0,117.0,0,0,37.65,0,0,0,0,0,0,0,0,0,0,0,0,0,0,0,1,0
BAZX,0,0,64.0,0.0,False,False,False,False,False,True,0,1,0,0,0,0,1,1,1,1,0,0,0,0,1,0,1,0,0,0,,,101.0,0.84,93.0,98.0,,13.3,,,4.1,137.0,,17.0,57.0,94.0,0,0,32.33,0,1,0,0,0,0,1,0,0,0,0,0,0,1,1,1,1
BQZX,0,1,57.0,0.0,True,False,False,False,False,False,0,1,0,0,0,0,1,1,0,1,0,1,1,0,0,0,1,0,0,0,,,103.0,0.91,81.6676,159.0,10.9,14.2,,1827.0,4.3,139.0,,20.0,69.0,106.0,0,1,28.09,0,1,0,0,0,0,0,0,0,0,0,0,0,1,0,1,1
BwZX,1,0,51.0,0.0,False,False,False,False,False,False,0,0,0,0,0,0,1,1,0,1,0,1,0,1,0,0,0,0,1,1,,,102.0,0.96,,94.0,,8.8,,,4.8,139.0,,35.0,70.0,117.0,0,1,41.26,0,1,0,0,1,0,1,0,0,0,0,0,0,1,1,1,1
BwaX,1,0,76.0,0.0,False,False,False,True,False,True,0,0,0,0,0,0,0,1,1,0,0,1,0,0,0,0,1,0,0,0,,,100.0,0.59,112.3269,253.0,8.3,12.2,12.0,,4.2,134.0,7.0,20.0,59.0,132.0,1,0,43.86,0,1,0,0,0,0,0,0,0,0,0,0,0,0,1,0,1
BAbX,1,0,81.0,2.0,False,False,False,False,False,False,0,1,0,0,0,0,0,0,1,0,0,0,0,0,0,0,1,0,0,0,4.4,0.6,101.0,0.83,91.0717,95.0,5.9,15.5,9.4,,4.9,139.0,,13.0,83.0,135.0,1,0,32.55,0,0,0,0,0,0,0,0,0,0,0,0,0,0,1,1,0
BQeX,0,0,38.0,2.0,True,False,False,False,False,False,0,0,0,0,0,0,1,0,1,1,0,0,0,0,1,0,1,0,0,0,,,,,,,,,,,,,,,70.0,112.0,0,0,41.77,0,1,1,1,1,1,1,1,1,1,1,0,0,1,1,1,1
BgfX,0,0,42.0,2.0,False,False,False,False,False,False,0,0,0,0,0,0,0,1,1,1,0,1,0,0,0,1,0,0,1,0,,,101.0,1.04,83.0,186.0,,11.4,,,3.5,139.0,,14.0,80.0,190.0,0,1,26.23,0,1,0,0,0,0,1,0,0,0,0,0,0,1,1,1,1
BwfX,1,0,77.0,1.0,True,False,False,True,False,True,0,0,0,1,0,0,1,1,1,0,1,1,1,1,0,1,1,1,0,0,4.6,0.9,103.0,0.58,102.0,270.0,9.2,13.4,8.5,270.0,5.0,140.0,,14.0,62.0,122.0,0,1,34.44,0,0,0,0,0,0,0,0,0,0,0,0,0,0,0,1,0
BAhX,1,0,73.0,1.0,False,False,False,False,False,False,0,0,0,0,0,0,0,0,0,0,0,0,0,0,0,0,0,0,0,0,,,,,,,,,,,,,,,,,1,0,27.41,0,1,1,1,1,1,1,1,1,1,1,1,1,1,1,1,1
BAiX,0,0,61.0,0.0,False,False,False,False,False,False,0,1,0,0,0,0,0,1,1,0,0,0,1,0,1,0,1,0,0,0,,1.9,105.0,0.83,95.1582,83.0,,14.5,,1662.0,4.7,139.0,29.0,17.0,100.0,145.0,0,0,26.12,0,0,0,0,0,0,1,0,0,0,0,0,0,1,0,0,1
BwiX,0,0,82.0,3.0,False,False,False,False,False,False,0,0,0,1,0,0,0,0,1,0,0,0,0,0,0,0,1,0,1,0,,0.4,99.0,0.63,92.6293,125.0,,13.1,,1405.0,3.5,137.0,23.0,25.0,59.0,96.0,1,0,49.99,0,0,0,0,0,0,1,0,0,0,0,0,0,1,0,0,1
BgjX,0,0,60.0,4.0,False,False,False,False,False,False,1,1,0,0,0,0,1,1,1,1,0,0,1,1,0,0,1,0,0,0,5.0,1.2,96.0,0.95,,163.0,7.9,15.9,8.0,,4.1,139.0,,13.0,74.0,150.0,0,1,21.9817,0,0,0,0,1,0,0,0,0,0,0,0,0,0,1,1,0
BAlX,0,0,75.0,4.0,False,False,False,False,False,False,0,0,0,0,0,0,0,1,1,1,0,0,1,0,1,0,1,0,0,0,,1.9,101.0,0.93,84.3558,151.0,,18.2,,2369.0,4.3,140.0,48.0,20.0,83.0,121.0,0,1,43.94,0,0,0,0,0,0,1,0,0,0,0,0,0,1,0,0,1
BAmX,0,0,76.0,0.0,True,False,False,False,False,False,0,0,0,0,0,0,0,1,1,1,1,1,0,1,1,0,1,0,0,0,,0.9,108.0,0.72,108.8888,109.0,7.2,14.5,,304.0,3.8,140.0,25.0,16.0,72.0,117.0,0,1,27.32,0,0,0,0,0,0,0,0,0,0,0,0,0,1,0,0,1
BgnX,1,0,63.0,5.0,True,False,False,False,False,False,0,0,0,0,0,0,0,0,1,0,1,0,0,0,0,0,1,0,0,0,4.1,0.3,107.0,0.52,117.2667,84.0,5.3,12.7,6.9,,4.2,143.0,,22.0,88.0,144.0,0,0,32.45,0,0,0,0,0,0,0,0,0,0,0,0,0,0,1,1,0
BQoX,0,0,54.0,0.0,False,False,False,False,False,False,0,0,0,0,0,0,0,1,0,1,0,0,1,0,1,0,0,0,0,0,,0.5,101.0,0.92,60.0057,102.0,5.5,13.2,,16900.0,3.9,141.0,21.0,18.0,63.0,127.0,0,1,24.99,0,0,0,0,0,0,0,0,0,0,0,0,0,1,0,0,1
BQpX,1,0,78.0,1.0,True,False,False,False,False,False,0,1,0,0,0,0,1,1,1,1,0,1,0,1,0,0,1,0,0,0,,,104.0,0.75,108.5279,144.0,6.3,13.4,,21.0,4.0,140.0,,14.0,61.0,111.0,0,1,23.53,0,1,0,0,0,0,0,0,0,0,0,0,0,1,0,1,1
BwpX,0,0,82.0,4.0,False,False,False,False,False,False,0,0,0,0,0,0,0,1,1,0,0,0,1,0,1,1,1,0,0,0,,1.5,102.0,1.3,53.5291,156.0,,13.4,,,3.8,141.0,26.0,28.0,86.0,181.0,0,1,26.3,0,0,0,0,0,0,1,0,0,0,0,0,0,1,1,0,1
BgqX,1,0,74.0,2.0,True,False,False,False,False,False,0,0,0,0,0,0,0,0,0,0,0,0,0,0,0,0,0,0,0,0,4.9,0.4,0.104,0.67,87.0155,87.0,,12.6,6.7,,0.0043,0.139,,,84.0,144.0,0,0,25.97,0,0,0,0,0,0,1,0,0,0,1,0,0,0,1,1,0
BwrX,1,0,55.0,0.0,False,False,False,True,False,True,0,1,0,1,0,0,1,0,0,0,0,0,0,0,0,0,0,0,0,0,,,,,,,,,,,,,,,63.0,137.0,0,0,31.79,0,1,1,1,1,1,1,1,1,1,1,0,0,1,1,1,1
BgsX,0,0,65.0,2.0,False,False,False,False,False,True,0,0,0,0,0,0,0,1,1,1,0,0,1,0,0,0,0,0,0,0,,,,,,,,,,,,,,,82.0,120.0,1,0,30.85,0,1,1,1,1,1,1,1,1,1,1,0,0,1,1,1,1
BwsX,1,0,68.0,0.0,False,False,False,False,False,False,0,1,0,0,0,0,0,0,1,0,0,0,1,1,0,0,0,0,0,0,,,,,,,,,,,,,,,83.0,125.0,0,1,32.89,0,1,1,1,1,1,1,1,1,1,1,0,0,1,1,1,1
BAtX,1,0,81.0,4.0,False,False,False,False,False,False,0,0,0,0,0,0,1,1,1,1,1,1,0,1,0,0,1,1,0,0,4.1,0.2,107.0,0.49,150.4596,149.0,6.7,9.2,,,3.6,143.0,,9.0,73.0,105.0,1,0,31.0,0,0,0,0,0,0,0,0,0,0,0,0,0,1,1,1,0
BQtX,0,0,80.0,6.0,True,False,False,False,False,False,0,1,0,0,0,0,1,1,1,0,0,1,0,0,0,0,1,0,0,0,,,100.0,0.95,79.8161,180.0,,,,,4.3,141.0,,13.0,,,1,0,27.61,0,1,0,0,0,0,1,1,0,0,0,1,1,1,1,1,1
BQuX,0,0,79.0,5.0,False,False,False,False,False,True,0,1,0,0,1,0,0,1,0,1,0,0,0,0,1,0,1,0,0,0,4.1,1.0,102.0,0.96,56.0638,97.0,,13.7,7.3,210.0,4.7,141.0,,29.0,78.0,121.0,1,0,34.22,0,0,0,0,0,0,1,0,0,0,0,0,0,0,0,1,0
BwuX,0,1,59.0,0.0,False,False,False,False,False,False,0,0,0,0,0,0,0,1,1,1,0,0,1,0,1,0,1,0,0,0,,1.1,103.0,0.79,97.2501,103.0,5.6,14.2,,1349.0,3.9,136.0,32.0,17.0,91.0,110.0,0,0,33.48,0,0,0,0,0,0,0,0,0,0,0,0,0,1,0,0,1
BwvX,0,0,86.0,0.0,False,False,False,False,False,False,0,1,0,0,0,0,0,1,1,1,0,0,0,0,0,0,1,0,0,0,,1.4,102.0,1.06,,100.0,5.9,13.9,,554.0,4.1,138.0,,17.0,80.0,148.0,1,0,41.78,0,0,0,0,1,0,0,0,0,0,0,0,0,1,0,1,1
BAwX,0,0,81.0,0.0,False,False,False,False,True,False,0,0,0,0,0,0,0,1,1,1,1,0,1,0,1,0,1,0,0,0,,1.5,98.0,1.01,,94.0,5.5,14.7,,5761.0,3.8,136.0,23.0,17.0,72.0,108.0,0,1,31.61,0,0,0,0,1,0,0,0,0,0,0,0,0,1,0,0,1
BwwX,0,0,58.0,1.0,False,False,True,False,False,False,0,0,0,0,0,0,0,1,1,0,0,0,0,0,1,0,0,0,0,0,4.3,0.7,98.0,0.82,70.1853,135.0,,,,,4.0,138.0,,15.0,59.0,96.0,0,1,42.44,0,0,0,0,0,0,1,1,0,0,0,0,0,1,1,1,0
BgyX,0,0,79.0,0.0,True,False,False,False,False,False,0,1,0,1,0,0,0,1,1,1,0,0,1,0,1,0,1,0,0,0,,0.3,104.0,1.36,53.0,119.0,6.5,13.3,,1319.0,3.8,141.0,,21.0,66.0,132.0,0,0,29.43,0,0,0,0,0,0,0,0,0,0,0,0,0,1,0,1,1
BAzX,1,0,64.0,0.0,True,False,False,False,False,False,0,1,0,0,0,0,0,0,1,1,0,1,0,0,0,0,0,0,0,0,,0.6,103.0,1.27,56.0652,109.0,5.2,10.3,,202.0,4.2,141.0,,29.0,75.0,150.0,1,0,34.12,0,0,0,0,0,0,0,0,0,0,0,0,0,1,0,1,1
BgzX,0,1,62.0,0.0,True,False,False,False,False,False,0,0,0,0,0,0,1,1,1,0,0,1,1,0,1,0,1,0,0,0,,1.3,91.0,0.99,77.1099,341.0,13.4,14.9,,3254.0,4.3,130.0,45.0,24.0,89.0,128.0,0,0,36.7,0,0,0,0,0,0,0,0,0,0,0,0,0,1,0,0,1
BQ2X,0,0,75.0,4.0,True,False,False,False,False,False,0,1,0,0,1,0,1,1,1,0,0,1,0,0,1,1,1,0,0,0,,0.5,107.0,1.01,55.0,88.0,6.0,13.1,,477.0,5.2,143.0,,28.0,60.0,132.0,0,0,25.49,0,0,0,0,0,0,0,0,0,0,0,0,0,1,0,1,1
Bg2X,0,0,75.0,0.0,True,False,True,False,False,False,0,0,0,0,0,1,0,1,1,1,0,0,0,0,1,0,1,0,0,0,3.9,0.6,104.0,0.76,104.2695,98.0,5.3,13.9,10.27,369.5,4.7,139.0,,16.0,56.0,98.0,0,0,26.71,0,0,0,0,0,0,0,0,0,0,0,0,0,0,0,1,0
Bw2X,0,0,67.0,4.0,False,False,False,False,False,False,0,1,0,0,1,1,1,0,0,0,0,0,1,0,1,0,1,0,0,0,,0.7,95.0,1.42,35.075,98.0,7.1,11.0,,2602.0,4.7,131.0,,43.0,61.0,101.0,1,0,20.78,0,0,0,0,0,0,0,0,0,0,0,0,0,1,0,1,1
BA3X,0,0,75.0,0.0,False,False,False,False,False,False,0,1,0,0,0,0,1,1,1,0,0,1,0,1,1,0,1,0,0,0,,0.5,107.0,1.17,59.8314,123.0,7.6,12.4,,2739.0,4.5,140.0,,25.0,58.0,107.0,0,0,30.97,0,0,0,0,0,0,0,0,0,0,0,0,0,1,0,1,1
Bw3X,0,0,82.0,0.0,False,False,False,False,False,False,0,0,0,0,0,0,0,1,1,1,1,0,1,0,1,1,1,0,1,0,3.5,0.6,107.0,1.0,52.8218,78.0,5.4,10.0,8.1,1433.0,4.3,145.0,,28.0,62.0,135.0,1,0,38.73,0,0,0,0,0,0,0,0,0,0,0,0,0,0,0,1,0
BA4X,0,0,65.0,0.0,False,False,False,False,False,False,0,0,0,0,0,0,0,0,0,0,0,1,1,1,0,0,0,0,0,0,,0.5,104.0,0.68,113.3751,132.0,7.3,14.7,,,4.1,139.0,,9.0,81.0,159.0,0,0,27.41,0,0,0,0,0,0,0,0,0,0,0,0,0,1,1,1,1
Bw4X,0,0,55.0,0.0,False,False,False,False,False,False,0,0,0,0,0,0,0,1,1,0,0,0,0,0,1,0,1,0,0,0,,,104.0,1.07,70.7369,96.0,,13.4,,,4.0,138.0,,15.0,51.0,105.0,0,1,27.61,0,1,0,0,0,0,1,0,0,0,0,0,0,1,1,1,1
BQ5X,1,0,87.0,4.0,True,False,False,False,False,False,0,1,0,0,0,0,0,1,0,0,0,0,0,0,0,0,1,0,0,0,4.4,0.3,,,,,,,,,,,,,70.0,104.0,0,0,23.17,0,0,1,1,1,1,1,1,1,1,1,0,0,1,1,1,0
Bw5X,0,1,69.0,0.0,False,False,False,False,False,False,1,1,0,0,0,0,1,1,1,0,0,1,1,0,0,0,1,0,0,0,3.1,1.2,105.0,0.93,82.0621,162.0,7.0,10.3,4.96,6567.0,3.5,138.0,,24.0,59.0,95.0,0,1,26.37,0,0,0,0,0,0,0,0,0,0,0,0,0,0,0,1,0
BA6X,0,1,53.0,6.0,False,False,False,False,False,False,0,1,0,0,0,0,0,1,1,0,0,0,1,0,1,0,1,0,0,0,4.3,0.5,104.0,1.07,66.1645,88.0,5.3,11.1,6.8,513.0,4.0,140.0,,24.0,66.0,118.0,0,1,30.29,0,0,0,0,0,0,0,0,0,0,0,0,0,0,0,1,0
Bw7X,0,0,86.0,0.0,False,False,False,False,False,False,0,1,0,0,0,0,0,0,1,1,0,1,0,0,1,0,1,1,1,0,,0.5,96.0,1.4,,182.0,9.1,12.9,,,3.8,131.0,,22.0,69.0,139.0,0,0,38.21,0,0,0,0,1,0,0,0,0,0,0,0,0,1,1,1,1
BQ8X,0,0,51.0,0.0,False,False,False,False,False,True,0,0,0,0,0,0,0,1,1,1,0,0,1,0,0,0,0,0,0,0,,1.2,100.0,1.08,72.6703,88.0,5.2,14.2,,4438.0,3.9,138.0,,16.0,72.0,114.0,0,0,27.75,0,0,0,0,0,0,0,0,0,0,0,0,0,1,0,1,1
Bg8X,0,0,62.0,0.0,True,False,False,False,False,False,0,1,0,0,0,0,0,1,1,0,0,1,1,0,1,0,0,0,0,0,,1.0,99.0,0.86,97.0,138.0,8.3,13.9,,2574.0,3.8,136.0,,19.0,93.0,129.0,0,0,26.57,0,0,0,0,0,0,0,0,0,0,0,0,0,1,0,1,1
BA9X,1,0,68.0,3.0,False,False,False,False,False,False,0,0,0,0,0,0,0,0,1,1,0,0,1,0,0,0,1,0,0,0,,,,,,,,,,,,,,,82.0,140.0,0,0,44.77,0,1,1,1,1,1,1,1,1,1,1,0,0,1,1,1,1
Bw9X,1,0,64.0,0.0,False,False,False,False,False,False,0,0,0,0,0,0,0,1,1,0,0,0,0,0,1,0,0,0,0,0,4.1,0.3,100.0,1.02,51.7541,93.0,5.9,12.3,5.0,,4.6,133.0,,19.0,59.0,134.0,0,1,37.75,0,0,0,0,0,0,0,0,0,0,0,0,0,0,1,1,0
BA_X,0,0,73.0,0.0,False,False,False,False,False,False,0,0,0,0,0,0,0,1,1,0,0,0,1,0,1,1,0,0,0,0,4.9,0.6,101.0,0.74,88.8013,77.0,,11.4,9.0,146.5,4.2,138.0,16.0,12.0,69.0,106.0,0,0,30.54,0,0,0,0,0,0,1,0,0,0,0,0,0,0,0,0,0
BQ#X,0,0,72.0,0.0,True,False,False,False,False,False,0,0,0,0,0,0,1,1,1,1,1,1,1,0,1,0,1,0,0,0,,1.6,100.0,0.9,100.0,176.0,8.4,16.1,,2713.0,4.6,138.0,,18.0,76.0,117.0,0,1,34.69,0,0,0,0,0,0,0,0,0,0,0,0,0,1,0,1,1
Bg#X,0,0,73.0,0.0,True,False,False,False,False,False,0,1,0,0,1,0,1,1,1,0,0,0,1,1,1,0,1,0,0,0,4.3,0.4,97.0,1.11,46.9425,153.0,8.0,13.6,8.2,,4.3,139.0,,40.0,56.0,120.0,1,0,35.6,0,0,0,0,0,0,0,0,0,0,0,0,0,0,1,1,0
Bw#X,1,1,73.0,0.0,True,False,False,False,False,False,0,0,0,1,1,0,1,1,0,1,1,1,0,1,0,0,1,0,1,0,3.9,0.4,109.0,1.29,52.9353,129.0,8.3,8.2,,700.0,4.0,143.0,35.0,40.0,56.0,116.0,0,0,29.3,0,0,0,0,0,0,0,0,0,0,0,0,0,1,0,0,0
BwAY,0,0,72.0,0.0,False,False,False,False,False,False,0,1,1,0,0,1,0,1,1,1,0,0,1,0,1,1,1,0,0,0,,0.6,95.0,1.1,65.436,93.0,,12.0,,6847.0,4.8,133.0,50.0,30.0,62.0,101.0,0,1,23.73,0,0,0,0,0,0,1,0,0,0,0,0,0,1,0,0,1
BABY,1,0,66.0,3.0,True,False,True,False,False,False,0,0,0,0,0,0,0,1,1,1,0,0,1,0,0,0,0,0,0,0,,,105.0,0.93,86.0038,106.0,,14.4,,,3.9,144.0,,15.0,98.0,124.0,0,1,47.42,0,1,0,0,0,0,1,0,0,0,0,0,0,1,1,1,1
BwEY,0,0,75.0,0.0,False,False,False,True,False,False,0,0,0,0,0,0,0,0,0,0,0,0,0,0,0,0,1,0,0,0,4.4,1.5,99.0,1.47,46.6999,427.0,,13.7,9.3,481.0,5.4,133.0,,35.0,55.0,116.0,1,0,29.97,0,0,0,0,0,0,1,0,0,0,0,0,0,0,0,1,0
BgGY,0,0,79.0,0.0,True,False,False,False,False,False,0,0,0,0,0,0,0,1,1,1,0,0,1,0,0,0,1,0,0,0,,2.1,92.0,1.51,46.7567,126.0,6.2,16.3,,1674.0,3.8,134.0,28.0,54.0,68.0,103.0,0,0,45.83,0,0,0,0,0,0,0,0,0,0,0,0,0,1,0,0,1
BwGY,0,0,70.0,0.0,False,False,False,False,False,False,0,0,0,0,0,0,0,1,1,0,0,0,0,0,1,0,0,0,1,0,,,,,,,,,,,,,,,75.0,110.0,0,1,45.35,0,1,1,1,1,1,1,1,1,1,1,0,0,1,1,1,1
BAHY,0,0,85.0,0.0,True,False,False,False,False,False,0,1,0,0,0,0,0,1,1,0,0,1,1,1,1,1,1,0,0,0,,0.9,100.0,0.53,92.0,115.0,4.7,9.6,,4975.0,4.2,136.0,,20.0,76.0,142.0,1,0,24.54,0,0,0,0,0,0,0,0,0,0,0,0,0,1,0,1,1
BAKY,1,0,83.0,0.0,False,True,False,False,False,True,0,1,0,1,1,0,1,0,1,1,0,1,1,0,1,1,1,0,0,0,,0.5,99.0,1.53,44.593,193.0,8.5,14.7,,204.0,4.1,142.0,,26.0,74.0,119.0,1,0,32.98,0,0,0,0,0,0,0,0,0,0,0,0,0,1,0,1,1
BALY,0,0,74.0,6.0,False,False,False,False,False,False,0,1,0,0,0,0,1,1,1,0,0,0,0,1,1,0,1,0,0,0,,,103.0,1.06,50.1353,174.0,,,,,4.2,141.0,,16.0,79.0,126.0,1,0,34.38,0,1,0,0,0,0,1,1,0,0,0,0,0,1,1,1,1
BQLY,0,1,62.0,2.0,False,False,False,False,False,True,0,1,0,0,0,0,0,1,1,1,0,1,1,0,1,1,1,0,0,0,4.4,0.6,99.0,1.44,48.2224,114.0,5.3,8.9,,5160.0,4.2,142.0,48.0,28.0,60.0,110.0,0,0,28.21,0,0,0,0,0,0,0,0,0,0,0,0,0,1,0,0,0
BAOY,0,0,73.0,0.0,False,False,False,False,False,False,0,0,0,0,0,0,1,1,1,1,1,1,1,1,0,0,1,0,1,0,4.3,0.5,106.0,0.52,112.8938,63.0,9.5,11.9,6.4,3871.0,4.2,138.0,16.0,13.0,69.0,148.0,1,0,22.93,0,0,0,0,0,0,0,0,0,0,0,0,0,0,0,0,0
BgOY,0,0,80.0,0.0,True,False,False,False,False,False,0,0,0,0,0,0,0,1,1,0,0,0,0,0,1,0,0,0,0,0,,0.6,102.0,1.09,74.5509,87.0,5.8,17.9,,39.0,5.0,142.0,43.0,17.0,69.0,155.0,0,1,34.61,0,0,0,0,0,0,0,0,0,0,0,0,0,1,0,0,1
BwPY,1,1,48.0,1.0,True,False,False,False,False,False,0,1,0,0,0,0,1,0,1,0,1,1,0,1,0,0,1,0,0,0,,,96.0,0.34,262.9395,228.0,9.4,10.3,,,3.9,135.0,,13.0,68.0,112.0,1,0,28.89,0,1,0,0,0,0,0,0,0,0,0,0,0,1,1,1,1
BAQY,0,1,75.0,5.0,False,False,False,False,False,False,0,0,0,0,0,0,0,1,1,0,0,0,1,0,1,0,1,0,0,0,,,,,,,,,,,,,,,76.0,117.0,0,1,25.96,0,1,1,1,1,1,1,1,1,1,1,0,0,1,1,1,1
BQQY,0,0,35.0,6.0,True,False,False,False,False,False,0,0,0,0,0,0,0,1,0,0,0,0,0,1,0,0,0,1,0,0,,,,,,,,,,,,,,,76.0,144.0,1,0,26.61,0,1,1,1,1,1,1,1,1,1,1,0,0,1,1,1,1
BATY,0,1,83.0,0.0,False,False,False,False,False,False,0,1,0,0,0,0,1,1,1,0,1,1,1,1,0,0,1,1,1,0,,0.2,108.0,0.82,71.3539,135.0,8.0,10.1,10.4,2869.0,3.5,147.0,38.0,30.0,97.0,185.0,1,0,28.07,0,0,0,0,0,0,0,0,0,0,0,0,0,0,0,0,1
BwTY,1,0,76.0,1.0,True,False,False,False,False,False,0,0,0,0,0,0,0,1,0,1,0,0,0,0,0,0,1,0,0,0,4.3,0.7,104.0,0.91,84.1469,97.0,,,,,4.8,140.0,,21.0,78.0,130.0,1,0,31.71,0,0,0,0,0,0,1,1,0,0,0,0,0,1,1,1,0
BQUY,0,0,60.0,0.0,False,False,False,False,False,False,0,0,0,0,0,0,0,1,1,0,0,0,1,0,1,0,1,0,0,0,3.3,0.8,107.0,1.05,71.1101,,4.7,15.1,7.93,627.0,4.0,139.0,,16.0,88.0,142.0,0,1,32.9,0,0,0,0,0,1,0,0,0,0,0,0,0,0,0,1,0
BQVY,1,0,48.0,0.0,False,False,False,False,False,False,0,1,0,0,0,0,1,1,1,0,0,1,0,1,0,1,1,0,1,0,,,105.0,1.41,50.8629,83.0,5.4,12.0,,,4.5,136.0,,22.0,94.0,150.0,0,1,28.4938,0,1,0,0,0,0,0,0,0,0,0,0,0,1,1,1,1
BwVY,0,0,88.0,8.0,False,False,False,False,False,False,1,0,0,0,0,0,0,1,1,0,0,0,1,0,0,0,1,0,0,0,4.1,0.4,102.0,1.18,60.6803,96.0,5.8,9.7,,530.0,4.2,140.0,8.0,12.0,59.0,104.0,0,0,38.47,0,0,0,0,0,0,0,0,0,0,0,0,0,1,0,0,0
BwWY,0,0,74.0,1.0,False,False,False,False,False,True,0,0,0,0,0,0,1,1,1,0,0,0,0,1,1,0,1,0,0,0,,,101.0,1.27,56.2292,135.0,4.8,,,,4.6,141.0,,21.0,85.0,145.0,0,1,33.19,0,1,0,0,0,0,0,1,0,0,0,0,0,1,1,1,1
BAXY,0,0,50.0,0.0,False,False,False,True,True,False,0,1,0,0,0,0,0,1,1,0,0,1,1,0,0,0,1,0,1,0,,0.7,106.0,0.79,96.0,108.0,5.4,9.1,,,4.1,137.0,,21.0,91.0,167.0,0,1,28.12,0,0,0,0,0,0,0,0,0,0,0,0,0,1,1,1,1
BQXY,0,0,76.0,0.0,False,False,False,True,False,False,0,0,0,0,0,0,0,1,1,0,0,0,1,0,1,0,0,0,0,0,,1.6,103.0,0.68,,105.0,6.2,13.4,,3915.0,3.6,141.0,33.0,11.0,77.0,111.0,0,1,21.25,0,0,0,0,1,0,0,0,0,0,0,0,0,1,0,0,1
BgXY,0,0,81.0,2.0,True,False,False,False,False,False,0,1,0,0,0,0,1,1,1,0,0,0,0,0,0,0,0,0,0,0,,0.4,105.0,0.71,116.0534,149.0,6.3,14.8,,9227.0,4.0,141.0,,17.0,78.0,128.0,0,1,32.63,0,0,0,0,0,0,0,0,0,0,0,0,0,1,0,1,1
BwXY,1,1,82.0,4.0,False,False,False,False,False,False,0,1,0,0,0,1,0,1,1,1,0,0,0,0,0,0,1,0,0,0,4.6,0.4,103.0,1.04,75.5946,91.0,,,,,4.9,139.0,,24.0,82.0,126.0,1,0,40.17,0,0,0,0,0,0,1,1,0,0,0,0,0,1,1,1,0
BgYY,0,0,64.0,0.0,False,False,False,False,False,False,0,0,0,0,0,0,0,0,0,0,0,0,0,0,0,0,0,0,0,0,,0.5,115.0,0.61,96.1428,141.0,,8.0,,,3.3,147.0,25.0,12.0,74.0,115.0,0,1,24.98,0,0,0,0,0,0,1,0,0,0,0,0,0,1,1,0,1
BgaY,0,0,76.0,2.0,False,False,False,False,False,True,0,1,0,0,0,0,1,1,1,0,0,0,0,0,1,0,1,0,0,0,,0.6,103.0,0.95,77.9303,116.0,,12.8,,310.0,4.0,139.0,,20.0,69.0,105.0,0,1,25.06,0,0,0,0,0,0,1,0,0,0,0,0,0,1,0,1,1
BAbY,0,0,67.0,1.0,False,False,False,False,False,False,0,0,0,0,0,0,0,0,1,0,0,0,1,1,0,0,1,1,0,0,,,98.0,1.21,62.0,287.0,7.1,13.8,,,4.6,136.0,,17.0,,,0,1,23.99,0,1,0,0,0,0,0,0,0,0,0,1,1,1,1,1,1
BQbY,1,0,83.0,2.0,True,False,False,False,False,False,0,0,0,0,0,0,0,1,1,0,0,1,0,0,0,0,0,0,0,0,4.1,0.4,102.0,1.04,51.1172,,8.4,12.7,10.0,,4.6,138.0,,22.0,72.0,140.0,1,0,33.82,0,0,0,0,0,1,0,0,0,0,0,0,0,0,1,1,0
BgbY,1,0,80.0,3.0,False,False,False,True,False,True,0,0,0,0,0,0,1,0,0,1,0,0,0,0,0,0,1,0,0,0,4.2,0.9,97.0,0.5,166.8804,442.0,,15.8,5.5,,4.5,136.0,,23.0,86.0,133.0,0,0,25.56,0,0,0,0,0,0,1,0,0,0,0,0,0,0,1,1,0
BgdY,1,0,75.0,2.0,False,False,False,False,False,True,1,0,0,0,0,0,0,1,1,1,0,0,0,0,0,0,1,0,0,0,4.2,0.4,99.0,0.79,99.385,144.0,6.9,,,,4.8,139.0,,14.0,98.0,162.0,0,0,35.98,0,0,0,0,0,0,0,1,0,0,0,0,0,1,1,1,0
BQeY,0,0,85.0,0.0,False,False,False,False,False,False,0,0,0,0,0,0,0,0,1,0,0,0,0,0,0,0,0,0,0,0,,0.4,105.0,0.52,103.0,97.0,,8.4,,,3.7,141.0,,9.0,77.0,136.0,0,0,37.56,0,0,0,0,0,0,1,0,0,0,0,0,0,1,1,1,1
BgeY,1,0,44.0,1.0,True,False,False,False,False,False,0,0,0,0,0,0,1,1,1,0,1,0,0,1,0,0,1,0,1,0,,,,,,,7.4,,,,,,,,,,0,0,,1,1,1,1,1,1,0,1,1,1,1,1,1,1,1,1,1
BQfY,0,0,77.0,0.0,False,False,False,True,False,False,0,0,0,1,0,0,0,1,1,0,0,0,1,0,0,0,0,0,0,0,,,0.108,1.53,,165.0,,9.7,5.8,,0.0047,0.145,,,80.0,118.0,0,0,27.91,0,1,0,0,1,0,1,0,0,0,1,0,0,0,1,1,1
BQgY,1,0,65.0,0.0,False,False,False,False,False,False,0,1,0,0,0,1,1,1,1,1,0,1,1,0,1,1,1,0,0,0,,,101.0,0.73,101.0,177.0,6.9,12.8,,,4.0,138.0,,16.0,89.0,127.0,0,1,28.21,0,1,0,0,0,0,0,0,0,0,0,0,0,1,1,1,1
BAhY,0,0,66.0,0.0,False,False,False,False,False,False,0,0,0,0,0,0,1,1,1,0,0,1,1,1,0,0,0,1,1,0,,1.3,98.0,1.06,69.2706,127.0,6.2,13.6,,1689.0,3.9,142.0,19.0,19.0,73.0,141.0,1,0,33.49,0,0,0,0,0,0,0,0,0,0,0,0,0,1,0,0,1
BgmY,1,0,85.0,1.0,False,False,False,False,False,False,0,1,0,0,0,0,1,1,1,1,0,1,1,1,1,1,1,0,0,0,4.8,0.7,101.0,1.17,61.4534,161.0,7.0,11.2,,198.0,4.7,138.0,,36.0,68.0,148.0,1,0,40.09,0,0,0,0,0,0,0,0,0,0,0,0,0,1,0,1,0
BwnY,0,0,76.0,0.0,False,False,True,False,False,False,0,1,0,0,0,0,0,1,1,1,0,0,1,0,0,0,1,0,0,0,,0.4,103.0,0.69,83.6318,86.0,,10.7,,757.0,4.0,136.0,37.0,10.0,84.0,143.0,1,0,32.68,0,0,0,0,0,0,1,0,0,0,0,0,0,1,0,0,1
BAoY,0,0,70.0,0.0,True,False,False,True,True,False,0,0,0,0,0,0,0,1,1,0,0,0,1,0,1,0,0,0,0,0,,0.5,99.0,1.11,64.2359,86.0,,10.8,,7679.0,4.2,140.0,76.0,27.0,67.0,127.0,0,1,24.78,0,0,0,0,0,0,1,0,0,0,0,0,0,1,0,0,1
BApY,0,1,67.0,0.0,False,False,False,False,False,False,0,0,0,1,0,0,0,1,1,0,0,0,1,0,1,0,1,0,0,0,,1.0,95.0,0.93,59.6016,97.0,,7.9,,17639.0,5.1,132.0,29.0,13.0,67.0,144.0,0,0,23.54,0,0,0,0,0,0,1,0,0,0,0,0,0,1,0,0,1
BQpY,0,0,79.0,0.0,True,False,False,False,False,False,0,1,0,0,0,0,1,0,1,0,0,1,1,0,0,0,1,0,0,0,,0.6,101.0,1.34,51.8267,239.0,11.6,8.6,,286.0,4.4,137.0,19.0,31.0,53.0,95.0,0,0,25.66,0,0,0,0,0,0,0,0,0,0,0,0,0,1,0,0,1
BwpY,0,0,77.0,0.0,False,False,False,False,False,False,0,0,0,0,0,0,0,0,0,0,0,0,1,1,0,0,1,0,0,0,,,,,,,,,,,,,,,50.0,110.0,0,0,22.4,0,1,1,1,1,1,1,1,1,1,1,0,0,1,1,1,1
BQrY,0,0,82.0,5.0,True,True,False,False,False,False,0,1,0,0,1,1,0,1,1,0,0,0,0,0,1,0,1,0,1,0,,,,,,,,,,,,,,,76.0,107.0,0,0,26.0,0,1,1,1,1,1,1,1,1,1,1,0,0,1,1,1,1
BgrY,0,0,75.0,0.0,False,False,False,False,False,False,0,1,0,0,0,0,0,1,1,0,0,0,0,0,0,0,1,0,0,0,4.3,0.9,101.0,1.06,73.6543,94.0,6.3,15.4,11.0,,5.0,140.0,,17.0,74.0,113.0,0,0,28.2,0,0,0,0,0,0,0,0,0,0,0,0,0,0,1,1,0
BAsY,1,0,88.0,7.0,True,False,False,False,True,False,0,0,0,0,0,0,0,0,0,0,0,0,0,0,0,0,0,0,0,0,4.5,0.4,101.0,0.84,69.8845,94.0,5.9,12.8,4.3,,4.2,140.0,,9.0,94.0,167.0,1,0,33.5,0,0,0,0,0,0,0,0,0,0,0,0,0,0,1,1,0
BgsY,0,0,86.0,0.0,True,False,True,False,False,False,0,1,0,0,0,0,0,1,1,0,0,0,0,0,0,0,0,0,0,0,,,105.0,1.01,73.9067,90.0,,14.9,,,4.8,139.0,,14.0,97.0,143.0,0,1,34.37,0,1,0,0,0,0,1,0,0,0,0,0,0,1,1,1,1
BwuY,0,0,34.0,0.0,False,False,False,False,False,False,0,1,0,0,0,0,0,1,1,0,0,0,1,0,0,0,1,0,1,0,,0.4,104.0,0.38,171.0431,99.0,5.6,10.3,,163.0,3.9,140.0,125.0,9.0,73.0,127.0,0,1,18.37,0,0,0,0,0,0,0,0,0,0,0,0,0,1,0,0,1
BAvY,1,0,65.0,3.0,False,False,False,False,False,False,0,0,0,0,0,0,0,0,1,1,0,0,0,0,0,0,1,0,1,0,,,,,,,,,,,,,,,70.0,128.0,0,0,25.8,0,1,1,1,1,1,1,1,1,1,1,0,0,1,1,1,1
BQvY,0,0,80.0,2.0,True,False,True,False,False,False,0,0,0,0,0,0,0,1,1,0,0,0,0,0,0,0,1,0,0,0,,0.5,101.0,0.71,86.7867,74.0,,12.3,,379.0,4.1,139.0,,15.0,62.0,97.0,1,0,23.63,0,0,0,0,0,0,1,0,0,0,0,0,0,1,0,1,1
BgvY,0,0,47.0,3.0,False,True,False,False,False,False,0,1,0,1,0,0,1,1,1,1,0,1,0,0,0,0,1,0,1,0,,0.5,104.0,0.75,80.8338,103.0,6.5,15.1,,201.0,3.6,142.0,,15.0,68.0,138.0,0,0,38.97,0,0,0,0,0,0,0,0,0,0,0,0,0,1,0,1,1
BQwY,0,1,86.0,8.0,True,False,False,False,False,False,0,1,1,1,1,0,1,0,1,0,0,0,1,0,1,0,1,0,1,0,,0.8,102.0,1.48,44.8566,87.0,6.0,12.4,,1495.0,3.9,140.0,91.0,38.0,67.0,111.0,1,0,26.1,0,0,0,0,0,0,0,0,0,0,0,0,0,1,0,0,1
BgwY,0,0,68.0,0.0,False,False,True,False,False,False,0,1,0,0,1,0,1,0,1,1,0,1,1,1,1,1,0,0,0,0,,,106.0,2.01,32.3737,173.0,,9.9,,,4.3,145.0,,44.0,62.0,144.0,0,0,29.3,0,1,0,0,0,0,1,0,0,0,0,0,0,1,1,1,1
BwwY,0,1,45.0,0.0,False,False,False,True,True,False,1,0,0,0,0,0,1,0,1,0,0,1,1,0,1,1,0,0,0,0,,0.8,102.0,0.81,73.1422,122.0,6.8,12.0,,1714.0,4.7,141.0,13.0,15.0,87.0,148.0,1,0,46.06,0,0,0,0,0,0,0,0,0,0,0,0,0,1,0,0,1
BgxY,0,0,81.0,8.0,True,False,False,False,False,False,0,0,0,0,0,0,0,1,1,0,0,0,1,0,1,0,1,0,0,0,,0.3,102.0,1.21,64.2788,108.0,5.6,15.5,,131.0,3.5,141.0,7.0,20.0,77.0,120.0,0,0,34.72,0,0,0,0,0,0,0,0,0,0,0,0,0,1,0,0,1
BwxY,0,0,73.0,0.0,True,False,False,False,False,False,0,0,0,0,0,0,0,1,1,0,0,0,0,0,1,0,1,0,0,0,,,,,,,,,,,,,,,56.0,109.0,0,1,26.39,0,1,1,1,1,1,1,1,1,1,1,0,0,1,1,1,1
BgyY,0,0,66.0,1.0,False,False,False,True,True,False,1,1,0,0,0,0,0,1,1,1,0,1,1,0,1,1,1,0,0,0,,0.3,106.0,0.59,140.1232,111.0,6.0,13.4,,,3.7,143.0,15.0,17.0,73.0,143.0,1,0,34.46,0,0,0,0,0,0,0,0,0,0,0,0,0,1,1,0,1
Bw0Y,0,0,71.0,0.0,False,False,False,False,False,False,0,0,0,0,0,0,0,1,1,0,0,0,1,1,0,0,0,1,0,0,,,,,,,,,,,,,,,74.0,100.0,0,1,28.0,0,1,1,1,1,1,1,1,1,1,1,0,0,1,1,1,1
BQ1Y,0,1,61.0,0.0,False,False,False,False,False,False,0,0,0,0,0,0,0,1,1,0,0,0,0,0,1,0,1,0,0,0,,,,,,,,,,,,,,,75.0,117.0,0,1,27.38,0,1,1,1,1,1,1,1,1,1,1,0,0,1,1,1,1
Bg1Y,1,0,87.0,4.0,True,False,False,False,False,False,0,0,0,0,0,0,1,1,0,0,0,0,0,1,0,0,1,0,0,0,4.0,0.5,107.0,0.69,83.398,102.0,6.5,10.1,5.5,121.0,4.2,139.0,,14.0,80.0,134.0,1,0,32.31,0,0,0,0,0,0,0,0,0,0,0,0,0,0,0,1,0
Bw1Y,0,0,70.0,0.0,False,False,False,False,False,False,0,0,0,0,0,0,0,1,1,0,0,0,0,0,0,0,1,0,0,0,,,,,,,,,,,,,,,64.0,136.0,0,0,22.2,0,1,1,1,1,1,1,1,1,1,1,0,0,1,1,1,1
BA2Y,1,0,75.0,3.0,False,False,False,False,False,False,0,0,0,0,0,0,0,0,0,0,0,0,0,0,0,0,0,0,0,0,,1.1,100.0,0.7,,120.0,,15.2,,54.0,3.7,136.0,,10.0,56.0,110.0,1,0,31.25,0,0,0,0,1,0,1,0,0,0,0,0,0,1,0,1,1
BA3Y,0,0,71.0,0.0,False,False,False,False,False,False,0,1,0,0,0,0,0,1,0,1,0,0,1,0,1,0,0,0,1,0,,1.1,103.0,0.8,75.0,89.0,,11.4,,710.0,3.7,138.0,15.0,10.0,73.0,119.0,1,0,41.4348,0,0,0,0,0,0,1,0,0,0,0,0,0,1,0,0,1
Bg3Y,0,0,79.0,4.0,False,False,False,False,False,False,0,0,0,0,0,0,0,1,0,0,0,1,0,1,0,0,1,0,0,1,,,,,,,,,,,,,,,,,0,1,,1,1,1,1,1,1,1,1,1,1,1,1,1,1,1,1,1
BA5Y,0,0,61.0,2.0,True,False,False,False,False,False,0,1,0,0,0,0,0,1,1,0,0,0,1,0,1,0,1,0,0,0,,1.0,103.0,1.04,73.6104,98.0,5.0,12.3,,,4.7,139.0,,10.0,70.0,104.0,0,1,32.14,0,0,0,0,0,0,0,0,0,0,0,0,0,1,1,1,1
Bg6Y,0,0,72.0,5.0,False,False,False,False,False,False,0,0,0,1,0,0,0,1,1,1,0,0,1,0,0,0,1,0,0,0,,,,,,,,,,,,,,,70.0,126.0,0,1,31.75,0,1,1,1,1,1,1,1,1,1,1,0,0,1,1,1,1
BQ9Y,1,0,87.0,5.0,True,False,False,False,False,False,0,0,0,0,0,0,1,1,1,1,0,0,1,0,1,0,1,0,0,0,,,,,,,,,,,,,,,60.0,104.0,1,0,34.2,0,1,1,1,1,1,1,1,1,1,1,0,0,1,1,1,1
Bg9Y,1,0,42.0,1.0,False,False,False,False,False,False,0,1,0,0,0,0,0,0,0,1,0,0,0,0,0,0,1,0,0,0,4.2,1.1,103.0,0.66,90.1641,,5.9,14.7,6.64,,4.5,141.0,,10.0,92.0,128.0,1,0,40.16,0,0,0,0,0,1,0,0,0,0,0,0,0,0,1,1,0
Bw9Y,1,0,54.0,6.0,False,False,False,False,False,False,0,0,0,0,0,0,1,0,0,0,0,0,0,0,0,0,1,0,0,0,4.4,0.3,0.104,0.89,62.0,105.0,6.1,13.1,7.1,,0.0052,0.144,,21.0,80.0,128.0,1,0,28.2739,0,0,0,0,0,0,0,0,0,0,0,0,0,0,1,1,0
BA_Y,0,0,65.0,0.0,True,False,False,False,True,False,0,0,0,0,0,0,1,1,1,0,1,1,0,1,1,0,0,0,0,0,,,103.0,0.83,,130.0,6.8,13.6,,649.0,4.5,140.0,,9.0,70.0,123.0,0,0,33.2,0,1,0,0,1,0,0,0,0,0,0,0,0,1,0,1,1
Bg_Y,1,0,75.0,1.0,False,False,False,False,False,False,0,1,0,0,0,0,1,1,0,1,1,1,0,1,0,1,1,1,0,0,4.5,0.5,102.0,0.97,84.078,120.0,7.5,14.2,8.9,10.0,4.3,139.0,,15.0,84.0,128.0,0,0,25.82,0,0,0,0,0,0,0,0,0,0,0,0,0,0,0,1,0
BgAZ,0,1,75.0,4.0,True,False,False,False,False,False,0,1,0,0,0,0,1,1,1,1,1,0,0,1,0,0,1,0,0,0,4.4,0.6,106.0,1.41,49.5489,132.0,6.2,15.2,11.1,,5.3,142.0,,24.0,78.0,127.0,0,1,29.2185,0,0,0,0,0,0,0,0,0,0,0,0,0,0,1,1,0
BABZ,0,0,74.0,0.0,True,False,False,False,True,False,0,1,0,0,0,0,0,1,1,1,0,0,1,0,0,1,1,0,1,0,,0.2,107.0,0.97,59.0,88.0,5.7,10.8,,3212.0,4.2,143.0,,25.0,51.0,131.0,0,0,,1,0,0,0,0,0,0,0,0,0,0,0,0,1,0,1,1
BQBZ,0,0,62.0,1.0,False,False,False,False,False,False,0,1,0,1,0,0,1,1,1,0,0,1,0,1,0,0,1,0,0,0,,0.4,97.0,0.66,118.644,214.0,6.5,11.8,,,4.4,136.0,,13.0,69.0,138.0,0,0,26.85,0,0,0,0,0,0,0,0,0,0,0,0,0,1,1,1,1
BgBZ,0,0,82.0,0.0,True,False,False,False,False,False,0,0,0,0,0,0,0,0,1,0,0,0,0,0,1,0,1,0,0,0,,,,,,,,,,,,,,,90.0,122.0,0,0,27.61,0,1,1,1,1,1,1,1,1,1,1,0,0,1,1,1,1
BQCZ,0,1,72.0,8.0,False,False,False,False,False,False,0,0,0,0,1,0,0,0,1,0,0,0,1,0,0,1,1,0,0,0,4.0,0.6,100.0,1.29,41.2219,109.0,5.7,13.4,6.4,808.0,4.1,139.0,23.0,16.0,70.0,151.0,1,0,,1,0,0,0,0,0,0,0,0,0,0,0,0,0,0,0,0
BwCZ,1,0,46.0,0.0,False,False,True,False,False,False,0,1,0,0,0,0,1,1,1,0,0,1,1,1,1,0,1,1,0,0,4.0,0.8,102.0,1.07,66.497,,7.9,10.5,8.2,,4.3,139.0,,34.0,50.0,92.0,0,1,28.9357,0,0,0,0,0,1,0,0,0,0,0,0,0,0,1,1,0
BADZ,1,0,63.0,4.0,False,False,False,False,False,False,0,0,0,0,0,0,0,0,0,0,0,0,0,0,0,0,0,0,0,0,,,,,,,,,,,,,,,64.0,107.0,0,0,35.81,0,1,1,1,1,1,1,1,1,1,1,0,0,1,1,1,1
BwDZ,1,0,77.0,4.0,False,False,False,False,False,False,0,0,0,0,0,0,0,0,0,0,0,0,0,0,0,0,1,0,0,0,4.7,0.6,102.0,0.85,67.7699,104.0,5.7,13.6,5.9,,4.8,140.0,,15.0,66.0,132.0,1,0,29.68,0,0,0,0,0,0,0,0,0,0,0,0,0,0,1,1,0
BQEZ,0,0,84.0,0.0,True,False,True,False,False,False,0,1,0,0,0,0,0,1,1,1,0,0,0,0,0,0,1,0,0,0,,0.8,101.0,0.94,74.1275,99.0,5.4,12.1,,127.0,3.9,139.0,131.0,12.0,58.0,118.0,1,0,35.75,0,0,0,0,0,0,0,0,0,0,0,0,0,1,0,0,1
BAFZ,0,0,77.0,0.0,True,False,False,False,False,False,0,0,1,1,0,0,0,1,1,0,0,0,0,0,1,0,1,0,0,0,,0.5,102.0,0.63,89.1811,87.0,,12.3,,,3.9,143.0,,14.0,66.0,112.0,0,1,,1,0,0,0,0,0,1,0,0,0,0,0,0,1,1,1,1
BgFZ,0,0,77.0,1.0,False,False,False,False,False,False,0,1,0,0,0,0,0,0,1,1,0,1,0,1,0,0,1,0,0,0,,,106.0,1.03,69.6636,133.0,,15.2,,,4.7,142.0,,23.0,62.0,106.0,0,0,37.91,0,1,0,0,0,0,1,0,0,0,0,0,0,1,1,1,1
BwFZ,1,0,50.0,3.0,False,False,False,False,True,False,0,1,0,0,0,0,0,0,1,0,0,0,1,0,0,0,1,0,0,0,,,,,,,,,,,,,,,78.0,132.0,1,0,40.35,0,1,1,1,1,1,1,1,1,1,1,0,0,1,1,1,1
BQIZ,0,0,83.0,0.0,False,False,False,False,False,False,0,0,0,0,0,0,0,0,1,1,0,0,1,0,0,0,0,0,0,0,,0.9,101.0,0.9,63.6538,121.0,5.8,13.3,,2435.0,4.4,137.0,,18.0,82.0,119.0,0,1,38.95,0,0,0,0,0,0,0,0,0,0,0,0,0,1,0,1,1
BAJZ,0,1,75.0,0.0,True,False,False,False,False,False,0,1,0,0,0,0,0,1,1,1,0,0,1,0,1,1,1,0,0,0,,0.6,102.0,1.05,60.3699,95.0,5.2,12.9,,3908.0,4.1,143.0,17.0,23.0,58.0,112.0,0,1,25.77,0,0,0,0,0,0,0,0,0,0,0,0,0,1,0,0,1
BwJZ,0,1,73.0,0.0,False,False,False,False,False,False,0,0,0,0,0,1,1,1,1,0,0,1,0,0,1,1,1,0,0,0,,0.3,102.0,0.86,91.0215,173.0,13.8,15.8,,143.0,4.0,138.0,28.0,15.0,82.0,123.0,0,1,32.69,0,0,0,0,0,0,0,0,0,0,0,0,0,1,0,0,1
BAKZ,1,0,57.0,4.0,False,False,False,False,False,False,0,1,0,0,1,0,1,0,1,1,0,1,0,1,0,1,1,0,0,0,4.3,0.4,107.0,1.09,67.2742,148.0,7.4,11.9,9.9,148.0,4.9,142.0,,17.0,78.0,120.0,0,0,34.56,0,0,0,0,0,0,0,0,0,0,0,0,0,0,0,1,0
BwLZ,0,0,78.0,1.0,True,False,False,False,False,False,0,1,0,0,1,0,1,1,1,1,0,1,1,1,0,1,1,1,0,0,4.2,0.4,102.0,1.13,47.603,206.0,7.0,7.4,,,4.9,138.0,,31.0,70.0,118.0,0,1,30.7,0,0,0,0,0,0,0,0,0,0,0,0,0,1,1,1,0
BANZ,1,0,55.0,0.0,True,False,False,False,False,False,0,0,0,0,0,0,0,1,1,1,0,1,1,0,1,0,0,0,0,0,,0.5,98.0,0.89,88.1048,126.0,,9.8,,751.0,3.3,135.0,13.0,9.0,75.0,123.0,0,1,,1,0,0,0,0,0,1,0,0,0,0,0,0,1,0,0,1
BgOZ,0,1,,,True,False,False,False,False,False,0,0,0,0,0,0,0,1,1,1,0,1,1,0,0,0,1,0,0,0,,1.0,110.0,1.03,79.0,144.0,12.0,14.8,,9697.0,3.7,154.0,,29.0,88.0,147.0,0,1,19.06,0,0,0,0,0,0,0,0,0,0,0,0,0,1,0,1,1
BQPZ,0,0,85.0,3.0,False,False,False,True,False,True,0,1,0,0,0,0,0,1,1,0,0,0,0,0,0,0,1,0,0,0,4.6,0.8,102.0,0.93,84.6706,,6.3,15.7,6.49,,4.4,140.0,,18.0,102.0,140.0,0,0,43.14,0,0,0,0,0,1,0,0,0,0,0,0,0,0,1,1,0
BQRZ,0,0,75.0,0.0,False,False,False,False,True,False,0,1,0,0,0,0,0,1,1,0,0,0,0,0,0,0,1,0,0,0,4.8,0.4,99.0,0.75,101.5266,89.0,,13.4,7.43,408.9,4.6,136.0,,25.0,82.0,142.0,0,1,17.72,0,0,0,0,0,0,1,0,0,0,0,0,0,0,0,1,0
BASZ,0,0,82.0,3.0,True,False,False,False,False,False,0,0,0,0,0,0,0,1,0,1,0,0,0,1,0,1,1,0,0,0,4.8,0.9,99.0,1.34,51.6894,103.0,6.0,16.3,8.9,,4.4,140.0,,20.0,72.0,120.0,1,0,42.7978,0,0,0,0,0,0,0,0,0,0,0,0,0,0,1,1,0
BQSZ,0,0,74.0,1.0,True,False,False,False,False,False,0,0,1,1,0,0,1,1,1,0,0,1,0,1,0,1,1,1,0,0,3.9,0.2,98.0,0.74,113.3728,276.0,12.8,14.0,10.8,,4.0,139.0,,11.0,72.0,126.0,0,1,35.24,0,0,0,0,0,0,0,0,0,0,0,0,0,0,1,1,0
BAUZ,1,0,71.0,2.0,True,False,False,True,False,True,0,0,0,1,0,0,1,0,0,0,0,0,0,0,0,0,1,0,0,0,,,,,,,,,,,,,,,54.0,108.0,1,0,35.15,0,1,1,1,1,1,1,1,1,1,1,0,0,1,1,1,1
BwUZ,0,0,79.0,2.0,False,False,False,False,False,False,0,1,0,0,0,0,0,1,0,0,0,1,0,0,0,0,0,0,1,0,,,,,,,,,,,,,,,77.0,127.0,1,0,39.55,0,1,1,1,1,1,1,1,1,1,1,0,0,1,1,1,1
BgWZ,0,1,78.0,0.0,True,False,False,False,False,False,0,1,0,1,0,0,0,1,1,1,0,1,1,0,1,0,1,0,0,0,,0.5,94.0,0.53,118.0714,88.0,,8.2,,4638.0,4.1,132.0,584.0,9.0,69.0,118.0,0,0,22.33,0,0,0,0,0,0,1,0,0,0,0,0,0,1,0,0,1
BwWZ,0,0,76.0,0.0,True,False,False,False,False,False,0,0,0,0,0,0,0,1,1,1,0,1,1,0,0,0,1,0,0,0,,0.4,102.0,1.19,76.6438,130.0,,14.2,,,4.2,138.0,,14.0,96.0,151.0,0,1,32.42,0,0,0,0,0,0,1,0,0,0,0,0,0,1,1,1,1
BAXZ,0,0,83.0,0.0,True,False,False,False,False,False,0,1,0,0,0,0,0,0,1,1,0,0,1,0,1,0,1,0,1,0,,0.3,106.0,0.95,82.3098,138.0,5.3,17.0,,,4.8,138.0,4553.0,17.0,70.0,122.0,0,0,28.58,0,0,0,0,0,0,0,0,0,0,0,0,0,1,1,0,1
BQZZ,1,0,62.0,2.0,False,False,False,False,False,False,0,1,0,1,0,0,0,0,0,0,0,0,0,0,0,0,0,0,0,0,,,98.0,0.6,97.1964,102.0,,14.1,,,5.1,140.0,,10.0,88.0,158.0,0,0,34.11,0,1,0,0,0,0,1,0,0,0,0,0,0,1,1,1,1
BgbZ,0,1,35.0,0.0,False,False,False,False,False,False,0,0,0,0,0,1,0,0,1,1,0,0,0,0,0,0,0,0,0,0,,0.3,107.0,0.9,84.9548,90.0,5.3,12.9,,1613.0,3.8,141.0,15.0,17.0,68.0,101.0,0,1,25.03,0,0,0,0,0,0,0,0,0,0,0,0,0,1,0,0,1
BwbZ,0,0,,,False,False,False,False,False,False,0,1,0,0,0,0,1,1,1,0,0,1,0,0,0,0,1,0,0,0,,,102.0,0.78,96.2644,141.0,6.2,10.6,,,3.9,135.0,134.0,18.0,62.0,101.0,1,0,28.2,0,1,0,0,0,0,0,0,0,0,0,0,0,1,1,0,1
BAcZ,1,0,84.0,2.0,False,True,False,False,False,False,0,1,0,0,1,1,1,1,1,1,0,0,0,1,0,0,0,0,0,0,,0.4,101.0,1.11,81.0908,127.0,7.5,14.2,,,3.7,140.0,,18.0,82.0,140.0,0,0,45.3719,0,0,0,0,0,0,0,0,0,0,0,0,0,1,1,1,1
BQcZ,1,0,62.0,6.0,False,False,False,False,False,False,0,0,0,0,0,0,0,0,1,0,0,1,1,0,1,0,1,1,0,0,,,,,,,,,,,,,,,66.0,126.0,1,0,32.45,0,1,1,1,1,1,1,1,1,1,1,0,0,1,1,1,1
BwcZ,0,1,73.0,0.0,False,False,False,False,False,False,0,0,0,0,0,0,0,0,1,1,0,0,1,0,1,0,0,0,1,0,4.5,1.1,95.0,1.55,44.1714,122.0,5.9,15.0,7.4,22375.0,4.3,132.0,1117.0,39.0,96.0,129.0,0,1,24.5154,0,0,0,0,0,0,0,0,0,0,0,0,0,0,0,0,0
BQdZ,0,0,82.0,2.0,False,False,False,True,True,False,0,1,0,0,0,0,0,1,0,0,0,0,0,0,1,0,1,0,0,0,,,,,,,,,,,,,,,62.0,124.0,0,1,24.43,0,1,1,1,1,1,1,1,1,1,1,0,0,1,1,1,1
BQeZ,1,0,26.0,7.0,False,False,True,False,False,False,0,0,0,0,0,0,0,1,1,0,0,0,1,0,0,1,0,0,0,0,,0.7,101.0,1.38,51.8756,90.0,,17.1,,,4.0,139.0,,14.0,80.0,141.0,0,1,32.85,0,0,0,0,0,0,1,0,0,0,0,0,0,1,1,1,1
BweZ,0,0,57.0,0.0,False,False,False,True,False,False,0,0,0,0,0,0,0,1,1,1,1,1,1,0,1,0,1,0,0,0,,0.6,99.0,0.73,77.1032,241.0,7.3,15.1,,4393.0,4.0,136.0,65.0,23.0,66.0,114.0,0,1,32.2,0,0,0,0,0,0,0,0,0,0,0,0,0,1,0,0,1
BQfZ,0,0,82.0,0.0,True,False,False,False,False,False,0,1,0,0,0,0,0,1,1,1,0,0,0,0,0,0,1,0,0,0,,0.4,108.0,0.81,75.7904,91.0,5.0,12.0,,,3.2,140.0,76.0,11.0,69.0,105.0,0,1,19.91,0,0,0,0,0,0,0,0,0,0,0,0,0,1,1,0,1
BAhZ,0,0,83.0,0.0,False,False,False,False,False,False,0,1,1,0,0,0,0,1,1,1,0,0,1,0,1,0,1,0,0,0,,0.2,101.0,1.1,64.2463,90.0,5.4,11.0,,5364.0,4.9,136.0,,23.0,75.0,127.0,0,1,19.0,0,0,0,0,0,0,0,0,0,0,0,0,0,1,0,1,1
BghZ,0,1,70.0,0.0,True,True,False,False,False,False,0,1,0,0,0,0,1,1,1,1,0,1,0,0,0,0,1,1,1,0,4.5,0.5,101.0,0.35,91.0,103.0,6.0,10.9,5.8,916.0,3.6,139.0,,9.0,95.0,167.0,0,1,21.5115,0,0,0,0,0,0,0,0,0,0,0,0,0,0,0,1,0
BgiZ,0,0,54.0,0.0,False,False,False,False,False,False,0,0,0,0,1,0,1,1,1,1,0,1,1,0,1,0,0,0,1,0,,0.5,105.0,1.84,27.0419,106.0,5.6,7.2,,8215.0,4.7,139.0,,32.0,76.0,146.0,0,1,32.31,0,0,0,0,0,0,0,0,0,0,0,0,0,1,0,1,1
BAjZ,0,0,39.0,1.0,True,False,False,True,False,False,0,0,0,0,1,1,1,1,1,1,0,1,0,1,0,1,1,0,0,0,4.0,0.5,105.0,1.25,59.3237,118.0,6.7,13.0,10.1,,4.6,140.0,,23.0,78.0,119.0,0,1,24.52,0,0,0,0,0,0,0,0,0,0,0,0,0,0,1,1,0
BwjZ,0,0,54.0,2.0,True,True,False,False,False,False,0,1,0,0,0,0,1,1,1,1,0,0,0,1,0,0,1,0,0,0,4.4,0.7,103.0,0.61,131.0633,156.0,7.1,15.3,7.8,62.0,4.1,141.0,12.0,11.0,86.0,142.0,1,0,30.99,0,0,0,0,0,0,0,0,0,0,0,0,0,0,0,0,0
BwkZ,0,0,70.0,1.0,False,False,False,False,False,False,0,1,0,1,0,0,0,1,1,1,1,0,1,0,0,0,1,0,0,0,,,102.0,1.08,66.8364,87.0,,12.8,,,4.2,137.0,,27.0,86.0,142.0,1,0,24.74,0,1,0,0,0,0,1,0,0,0,0,0,0,1,1,1,1
BQlZ,0,0,82.0,0.0,True,False,False,False,False,False,0,0,0,0,0,0,1,1,1,1,1,1,1,1,1,0,1,1,0,0,,0.4,100.0,1.13,78.0,95.0,9.4,13.9,,2799.0,4.2,135.0,,16.0,85.0,115.0,0,0,24.32,0,0,0,0,0,0,0,0,0,0,0,0,0,1,0,1,1
BwnZ,1,0,80.0,1.0,False,True,False,False,False,False,0,0,0,0,0,0,0,1,1,1,0,0,0,0,0,0,0,0,1,0,,,,,,,,,,,,,,,80.0,132.0,1,0,37.04,0,1,1,1,1,1,1,1,1,1,1,0,0,1,1,1,1
BApZ,0,0,86.0,0.0,False,False,False,False,False,False,0,0,0,0,0,0,1,1,1,0,0,1,1,0,1,1,1,1,0,0,,0.6,103.0,0.69,102.0,186.0,9.5,15.7,,1831.0,3.3,141.0,,18.0,89.0,168.0,0,0,22.92,0,0,0,0,0,0,0,0,0,0,0,0,0,1,0,1,1
BgpZ,0,0,82.0,0.0,False,False,False,True,False,False,0,0,0,0,0,0,0,1,1,1,0,0,1,0,0,0,0,0,0,0,,0.6,106.0,0.88,65.1109,100.0,6.0,13.1,,3705.0,3.9,142.0,15.0,29.0,68.0,138.0,0,0,47.7967,0,0,0,0,0,0,0,0,0,0,0,0,0,1,0,0,1
BAqZ,0,0,37.0,0.0,False,False,False,True,False,False,0,0,1,0,0,0,0,1,1,1,0,1,1,0,1,1,0,0,1,0,4.0,1.0,103.0,0.81,109.0828,87.0,5.8,15.0,,1173.0,4.0,139.0,,14.0,78.0,122.0,0,1,37.02,0,0,0,0,0,0,0,0,0,0,0,0,0,1,0,1,0
BQqZ,0,1,74.0,2.0,False,False,False,False,False,False,0,1,0,0,1,0,1,1,1,1,0,1,0,1,0,1,1,0,0,0,,0.6,102.0,1.73,50.1371,130.0,7.0,15.0,,1032.0,3.4,142.0,25.0,32.0,107.0,179.0,1,0,24.66,0,0,0,0,0,0,0,0,0,0,0,0,0,1,0,0,1
BQtZ,0,0,82.0,1.0,False,False,False,False,False,False,0,1,0,0,1,0,0,1,1,1,0,1,1,0,1,1,1,0,1,0,,0.6,87.0,1.14,45.1929,117.0,6.9,10.0,,31383.0,5.8,126.0,,38.0,59.0,108.0,1,0,27.47,0,0,0,0,0,0,0,0,0,0,0,0,0,1,0,1,1
BguZ,0,0,60.0,0.0,True,False,False,False,False,False,1,1,0,0,0,0,1,1,1,1,0,1,1,0,0,1,1,0,0,0,4.3,0.2,96.0,1.09,48.803,148.0,6.7,11.5,7.8,181.0,5.1,138.0,,30.0,74.0,138.0,1,0,34.37,0,0,0,0,0,0,0,0,0,0,0,0,0,0,0,1,0
BwwZ,0,1,87.0,0.0,True,False,False,False,False,False,0,1,0,0,0,0,1,1,1,1,0,1,1,1,1,1,1,0,1,0,4.5,0.9,105.0,0.64,127.568,217.0,8.6,14.9,5.5,1271.0,4.2,137.0,24.0,16.0,84.0,140.0,0,1,31.87,0,0,0,0,0,0,0,0,0,0,0,0,0,0,0,0,0
BwxZ,0,1,64.0,1.0,False,False,False,False,False,False,0,1,0,0,0,0,0,0,0,0,0,0,1,0,0,0,0,0,0,0,3.8,0.4,105.0,1.31,39.6878,88.0,,,,8744.0,4.4,144.0,,15.0,63.0,107.0,0,1,22.59,0,0,0,0,0,0,1,1,0,0,0,0,0,1,0,1,0
BAyZ,1,0,79.0,0.0,True,False,False,False,False,False,0,0,0,0,0,1,1,1,1,1,0,0,0,1,0,0,1,0,1,0,4.6,1.9,102.0,1.07,70.0283,215.0,7.9,17.3,9.0,,4.2,141.0,,22.0,100.0,142.0,0,0,31.37,0,0,0,0,0,0,0,0,0,0,0,0,0,0,1,1,0
BQyZ,1,0,53.0,2.0,False,False,False,False,False,False,0,1,0,0,0,0,1,0,0,0,0,0,0,1,0,0,0,0,0,0,,,,,,,,,,,,,,,60.0,116.0,1,0,28.75,0,1,1,1,1,1,1,1,1,1,1,0,0,1,1,1,1
BwyZ,1,1,80.0,0.0,True,False,False,False,False,False,0,1,0,1,1,0,1,0,1,1,0,1,1,1,1,0,0,0,1,0,,,97.0,1.3,64.0,111.0,5.9,10.8,,599.0,4.2,135.0,,19.0,82.0,140.0,0,0,,1,1,0,0,0,0,0,0,0,0,0,0,0,1,0,1,1
BQzZ,0,1,51.0,5.0,False,False,False,False,False,False,0,0,0,0,0,0,0,0,1,0,0,0,1,0,1,1,0,0,1,0,,2.9,98.0,0.97,,85.0,,13.1,,4171.0,2.9,135.0,105.0,11.0,76.0,123.0,1,0,27.55,0,0,0,0,1,0,1,0,0,0,0,0,0,1,0,0,1
BA0Z,0,0,78.0,1.0,False,False,False,False,False,False,0,0,0,0,0,0,0,1,1,1,1,0,1,0,1,0,1,0,1,0,3.3,0.6,105.0,0.77,74.11,102.0,4.9,14.7,6.4,15478.0,4.3,139.0,46.0,14.0,68.0,98.0,0,0,22.66,0,0,0,0,0,0,0,0,0,0,0,0,0,0,0,0,0
BQ2Z,1,0,68.0,5.0,True,False,False,True,True,False,0,0,0,0,0,0,0,0,1,1,0,0,0,0,0,0,0,0,0,0,,,,,,,,,,,,,,,74.0,106.0,1,0,34.37,0,1,1,1,1,1,1,1,1,1,1,0,0,1,1,1,1
Bw2Z,1,0,72.0,0.0,True,False,True,False,False,False,0,0,0,0,0,0,0,1,1,1,1,0,1,1,0,1,1,0,0,0,4.1,0.5,106.0,0.97,76.9669,,6.3,15.4,6.98,,4.5,138.0,,17.0,88.0,146.0,1,0,43.56,0,0,0,0,0,1,0,0,0,0,0,0,0,0,1,1,0
BQ3Z,0,0,56.0,5.0,False,False,False,False,False,False,0,1,0,0,0,0,0,1,1,1,0,0,0,0,1,0,1,0,0,0,,0.8,106.0,0.96,80.4491,82.0,5.2,13.8,6.1,,4.1,145.0,10.0,20.0,87.0,141.0,0,1,25.87,0,0,0,0,0,0,0,0,0,0,0,0,0,0,1,0,1
BA4Z,1,0,42.0,2.0,True,True,False,False,False,False,0,1,0,0,0,0,1,1,1,0,0,0,0,1,0,0,1,0,0,0,,,,,,,9.5,,,,,,,,74.0,116.0,0,1,28.48,0,1,1,1,1,1,0,1,1,1,1,0,0,1,1,1,1
Bw4Z,0,0,64.0,0.0,False,False,False,False,False,False,0,0,0,0,0,1,0,0,1,1,0,0,0,0,0,0,1,0,0,0,,0.2,98.0,0.88,88.3365,91.0,5.6,12.2,,,4.0,136.0,,11.0,79.0,124.0,0,1,26.96,0,0,0,0,0,0,0,0,0,0,0,0,0,1,1,1,1
BQ8Z,1,0,84.0,3.0,True,False,False,False,False,True,0,0,0,0,0,0,1,1,1,1,0,0,0,0,0,0,1,0,0,0,,1.1,102.0,1.13,46.8149,94.0,,12.2,,1716.0,4.5,138.0,27.0,27.0,58.0,100.0,0,0,43.28,0,0,0,0,0,0,1,0,0,0,0,0,0,1,0,0,1
Bg8Z,0,1,86.0,1.0,True,False,False,False,False,False,0,0,0,0,1,0,0,1,1,0,1,0,1,1,1,0,1,0,0,0,,0.6,102.0,1.48,46.0,196.0,,13.0,,5676.0,4.2,134.0,,46.0,96.0,150.0,0,0,23.46,0,0,0,0,0,0,1,0,0,0,0,0,0,1,0,1,1
BQ9Z,0,1,77.0,2.0,False,False,False,False,False,False,0,1,0,1,0,0,1,1,1,1,1,0,1,0,0,0,1,0,1,0,3.7,1.0,92.0,1.09,65.5979,110.0,6.2,7.1,7.4,7956.0,4.2,137.0,58.0,36.0,63.0,152.0,0,0,28.62,0,0,0,0,0,0,0,0,0,0,0,0,0,0,0,0,0
Bw9Z,0,1,87.0,0.0,True,False,False,False,False,False,0,0,0,0,0,0,0,1,1,1,0,0,1,0,1,1,1,0,0,0,,0.4,99.0,0.61,98.1305,92.0,5.2,14.1,,566.0,3.3,140.0,22.0,11.0,77.0,167.0,1,0,22.39,0,0,0,0,0,0,0,0,0,0,0,0,0,1,0,0,1
BA_Z,0,1,55.0,1.0,True,True,False,False,False,False,0,0,0,0,0,0,1,1,1,1,1,1,0,1,0,1,1,0,1,0,,0.3,103.0,0.5,105.0,141.0,6.3,11.5,,,4.0,140.0,,3.0,77.0,118.0,1,0,29.62,0,0,0,0,0,0,0,0,0,0,0,0,0,1,1,1,1
BA#Z,0,0,59.0,0.0,False,False,False,False,False,True,0,0,0,0,0,0,0,1,1,0,0,1,0,0,0,1,1,0,0,0,,0.4,90.0,1.67,,197.0,5.6,8.0,,17830.0,5.0,131.0,,45.0,49.0,82.0,0,1,,1,0,0,0,1,0,0,0,0,0,0,0,0,1,0,1,1
Bw#Z,0,1,77.0,4.0,False,False,False,False,False,False,0,0,0,0,0,0,0,1,1,0,0,0,0,0,1,1,0,0,0,0,,0.6,103.0,1.0,76.4813,172.0,,14.2,,105.0,4.2,139.0,,16.0,81.0,115.0,1,0,32.01,0,0,0,0,0,0,1,0,0,0,0,0,0,1,0,1,1
BQAa,0,0,66.0,4.0,False,False,False,False,False,False,0,0,0,0,0,0,1,1,1,0,0,1,1,0,0,0,1,0,0,0,4.6,0.3,99.0,1.1,67.1815,173.0,,12.9,,,4.7,136.0,,22.0,77.0,110.0,0,1,33.77,0,0,0,0,0,0,1,0,0,0,0,0,0,1,1,1,0
BgAa,0,0,77.0,0.0,False,False,False,False,False,False,0,0,0,0,0,0,0,1,1,0,0,0,1,0,1,0,0,0,0,0,,,,,,,,,,,,,,,87.0,143.0,0,0,23.57,0,1,1,1,1,1,1,1,1,1,1,0,0,1,1,1,1
BwAa,0,0,79.0,3.0,False,False,False,False,False,False,0,0,0,0,0,0,0,0,0,0,0,0,0,0,0,0,0,0,0,0,5.3,0.9,100.0,0.85,94.2889,101.0,,16.1,7.8,,4.3,138.0,,13.0,,,0,1,33.75,0,0,0,0,0,0,1,0,0,0,0,1,1,0,1,1,0
BABa,0,0,70.0,3.0,False,False,False,False,False,False,0,0,0,0,0,0,0,1,1,0,0,0,0,1,0,0,1,1,1,0,,,,,,,6.5,,,,,,,,70.0,126.0,0,1,23.24,0,1,1,1,1,1,0,1,1,1,1,0,0,1,1,1,1
BQBa,0,0,75.0,3.0,True,False,False,False,False,True,0,0,0,1,0,0,0,1,1,0,0,0,1,0,0,0,1,0,0,0,,,,,,,,,,,,,,,64.0,122.0,0,0,19.65,0,1,1,1,1,1,1,1,1,1,1,0,0,1,1,1,1
BQDa,1,0,59.0,1.0,True,False,False,False,False,False,0,0,0,0,0,0,0,0,0,0,0,0,0,0,0,0,0,0,0,0,4.2,0.9,100.0,0.84,67.6286,103.0,5.7,,,96.8,3.2,140.0,,19.0,86.0,138.0,1,0,30.18,0,0,0,0,0,0,0,1,0,0,0,0,0,1,0,1,0
BgDa,0,0,62.0,5.0,False,False,False,False,False,False,0,0,0,0,0,0,0,0,0,0,0,0,1,0,0,0,0,0,0,0,,,,,,,,,,,,,,,68.0,118.0,1,0,38.41,0,1,1,1,1,1,1,1,1,1,1,0,0,1,1,1,1
BAGa,0,0,59.0,0.0,False,False,False,False,False,False,0,0,0,1,0,0,0,0,1,1,0,0,1,0,1,0,0,0,0,0,,0.9,102.0,1.02,75.0132,129.0,5.5,11.8,,4771.0,5.3,137.0,,20.0,95.0,149.0,0,1,26.38,0,0,0,0,0,0,0,0,0,0,0,0,0,1,0,1,1
BgGa,1,0,84.0,1.0,True,False,False,False,False,False,0,0,0,1,0,0,0,0,1,0,0,0,0,0,0,0,0,0,0,0,,,,,,,,,,,,,,,62.0,126.0,0,0,,1,1,1,1,1,1,1,1,1,1,1,0,0,1,1,1,1
BAHa,0,1,69.0,7.0,False,False,False,False,False,False,0,1,0,1,0,0,0,1,1,1,0,0,1,0,0,0,1,0,0,0,4.3,0.9,103.0,1.4,50.3973,113.0,,14.8,7.1,,4.9,141.0,,27.0,70.0,110.0,0,1,27.76,0,0,0,0,0,0,1,0,0,0,0,0,0,0,1,1,0
BwHa,1,0,64.0,4.0,True,False,False,False,False,True,0,0,0,0,0,0,0,0,0,0,0,0,0,0,0,0,0,0,0,0,,,,,,,5.5,,,,,,,,,,1,0,,1,1,1,1,1,1,0,1,1,1,1,1,1,1,1,1,1
BgIa,1,0,61.0,5.0,False,False,True,False,False,False,0,0,0,0,0,1,0,0,0,0,0,0,0,0,0,0,1,0,0,0,,,,,,,,,,,,,,,,,1,0,31.64,0,1,1,1,1,1,1,1,1,1,1,1,1,1,1,1,1
BQJa,1,0,55.0,0.0,False,False,False,False,False,False,0,1,0,0,0,0,0,1,0,0,0,1,1,1,0,1,1,0,0,0,,0.7,99.0,1.29,53.3228,143.0,6.5,10.6,,19771.0,3.7,133.0,1321.0,36.0,56.0,103.0,0,1,25.54,0,0,0,0,0,0,0,0,0,0,0,0,0,1,0,0,1
BAKa,0,0,54.0,0.0,False,True,False,False,False,False,0,0,0,0,0,0,0,1,1,0,0,0,1,0,0,0,1,0,0,0,3.9,0.6,104.0,1.33,54.4826,,,14.7,7.24,3600.0,4.1,139.0,,15.0,80.0,136.0,0,0,46.3693,0,0,0,0,0,1,1,0,0,0,0,0,0,0,0,1,0
BgMa,0,0,57.0,6.0,False,False,False,False,False,True,0,0,0,0,0,0,0,1,1,0,0,0,0,0,0,0,0,0,0,0,4.2,0.8,104.0,0.92,82.3113,,,12.5,4.33,,4.7,135.0,,25.0,80.0,138.0,0,0,32.7194,0,0,0,0,0,1,1,0,0,0,0,0,0,0,1,1,0
BANa,0,0,70.0,0.0,False,False,False,False,False,False,0,0,0,0,0,0,0,1,1,0,0,0,0,0,1,0,0,0,0,0,3.8,0.4,104.0,0.96,60.12,63.0,,13.0,5.9,,4.0,140.0,,17.0,68.0,100.0,0,1,26.95,0,0,0,0,0,0,1,0,0,0,0,0,0,0,1,1,0
BgNa,1,0,78.0,1.0,True,False,False,True,False,True,0,1,1,0,0,0,1,1,1,1,0,1,0,1,1,0,1,1,0,1,,0.7,102.0,0.84,90.87,102.0,7.9,8.7,,3220.0,4.3,137.0,3205.0,16.0,79.0,127.0,0,1,24.56,0,0,0,0,0,0,0,0,0,0,0,0,0,1,0,0,1
BwNa,0,0,87.0,2.0,False,False,False,False,False,True,0,1,0,1,0,0,1,1,1,1,0,1,1,0,1,1,1,0,0,0,,,105.0,1.11,64.7562,135.0,5.6,9.9,,664.0,4.6,142.0,31.0,34.0,59.0,143.0,0,0,28.7,0,1,0,0,0,0,0,0,0,0,0,0,0,1,0,0,1
BQOa,0,1,59.0,1.0,False,False,False,False,False,False,0,0,0,0,0,0,0,0,1,0,0,0,1,0,1,0,1,0,0,0,,1.4,101.0,1.12,62.9242,83.0,,12.2,,6827.0,3.9,139.0,,30.0,88.0,150.0,0,1,24.12,0,0,0,0,0,0,1,0,0,0,0,0,0,1,0,1,1
BgOa,0,0,73.0,1.0,True,False,False,False,True,False,0,0,0,0,0,0,0,0,0,0,0,0,0,0,0,0,0,0,0,0,,,,,,,,,,,,,,,76.0,125.0,0,0,26.32,0,1,1,1,1,1,1,1,1,1,1,0,0,1,1,1,1
BAQa,0,0,87.0,0.0,False,False,False,False,False,False,0,0,0,0,1,0,0,0,1,0,0,0,1,0,1,0,1,0,1,0,,0.5,101.0,1.63,40.5084,103.0,,9.3,,4892.0,3.8,140.0,43.0,38.0,63.0,103.0,0,1,26.89,0,0,0,0,0,0,1,0,0,0,0,0,0,1,0,0,1
BQQa,1,0,68.0,2.0,False,False,False,False,False,True,0,0,0,0,0,0,1,0,1,0,0,0,0,0,0,0,0,0,0,0,,1.1,106.0,0.97,82.0,95.0,,12.9,,,4.5,141.0,,18.0,77.0,126.0,0,0,29.27,0,0,0,0,0,0,1,0,0,0,0,0,0,1,1,1,1
BQRa,0,0,57.0,0.0,False,False,False,False,False,False,0,0,0,1,0,0,1,1,1,1,0,1,1,0,0,0,1,0,1,0,3.9,0.3,98.0,0.58,,198.0,6.6,11.0,7.1,1212.0,4.0,135.0,,15.0,77.0,121.0,1,0,31.6389,0,0,0,0,1,0,0,0,0,0,0,0,0,0,0,1,0
BgVa,0,0,77.0,4.0,True,False,False,False,False,False,0,1,0,0,0,0,1,0,1,0,0,0,0,0,0,0,0,0,0,0,,,101.0,0.93,79.6442,141.0,,13.3,,,4.8,141.0,,19.0,84.0,123.0,0,0,25.78,0,1,0,0,0,0,1,0,0,0,0,0,0,1,1,1,1
BwVa,0,0,87.0,0.0,True,False,False,False,False,False,0,0,0,0,0,0,0,1,1,1,0,0,1,0,1,0,1,0,0,0,,0.5,105.0,0.91,88.9226,93.0,6.3,12.8,,14920.0,3.8,141.0,41.0,16.0,71.0,105.0,0,1,26.02,0,0,0,0,0,0,0,0,0,0,0,0,0,1,0,0,1
BAWa,1,0,70.0,0.0,True,False,False,False,False,False,0,0,0,0,0,0,0,1,0,0,0,0,0,0,0,0,1,0,0,0,4.6,0.3,103.0,0.72,82.0776,92.0,5.8,13.6,6.2,,4.4,141.0,,15.0,104.0,153.0,0,0,26.56,0,0,0,0,0,0,0,0,0,0,0,0,0,0,1,1,0
BgWa,0,0,80.0,1.0,False,False,False,False,False,False,0,1,0,0,0,0,0,1,1,0,0,1,0,0,0,0,1,0,0,0,4.5,0.6,102.0,0.94,80.2936,,6.9,14.8,6.08,,4.0,139.0,,16.0,78.0,112.0,0,0,28.03,0,0,0,0,0,1,0,0,0,0,0,0,0,0,1,1,0
BgXa,0,1,71.0,1.0,False,False,False,False,False,False,0,1,0,1,0,0,0,1,1,0,0,0,0,0,1,0,1,0,0,0,4.8,0.5,106.0,0.83,96.5486,101.0,,14.7,9.7,,4.4,141.0,,13.0,81.0,118.0,0,0,27.2,0,0,0,0,0,0,1,0,0,0,0,0,0,0,1,1,0
BwXa,1,0,54.0,1.0,False,False,False,False,False,False,0,0,0,0,0,0,0,0,1,0,0,0,0,0,0,0,1,0,0,0,,0.6,101.0,0.79,91.0,81.0,4.9,14.2,,,4.3,140.0,,16.0,86.0,126.0,0,0,37.11,0,0,0,0,0,0,0,0,0,0,0,0,0,1,1,1,1
BgYa,0,0,77.0,0.0,False,False,False,False,False,False,0,1,0,0,0,0,0,1,1,1,0,0,0,0,1,0,1,0,1,0,,1.1,105.0,0.75,100.4614,102.0,5.3,12.9,,255.0,3.7,141.0,14.0,15.0,72.0,129.0,0,1,24.43,0,0,0,0,0,0,0,0,0,0,0,0,0,1,0,0,1
Bgaa,0,1,56.0,0.0,True,False,False,False,False,False,0,0,0,0,0,0,1,1,1,0,0,1,1,1,1,0,1,0,0,0,,0.4,92.0,1.28,,526.0,10.4,17.1,,1248.0,4.6,131.0,,23.0,86.0,133.0,0,1,27.46,0,0,0,0,1,0,0,0,0,0,0,0,0,1,0,1,1
BAea,0,0,72.0,0.0,False,False,False,False,False,False,0,0,0,0,0,0,0,1,1,0,0,0,0,0,0,0,1,0,0,0,,,,,,,,,,,,,,,77.0,111.0,0,1,28.79,0,1,1,1,1,1,1,1,1,1,1,0,0,1,1,1,1
Bwea,0,1,50.0,4.0,False,False,False,True,False,True,0,1,0,0,0,0,0,1,1,0,0,0,1,0,1,0,1,0,0,0,4.1,1.4,102.0,1.38,49.209,119.0,,13.1,8.5,1207.0,4.3,140.0,,19.0,62.0,114.0,0,0,28.31,0,0,0,0,0,0,1,0,0,0,0,0,0,0,0,1,0
BQga,0,0,46.0,4.0,False,False,True,False,False,False,0,0,0,0,0,0,0,0,1,0,0,0,1,0,0,0,0,0,0,0,,,,1.12,49.6226,266.0,,,,,4.1,,,,82.0,138.0,1,0,43.42,0,1,1,0,0,0,1,1,0,1,1,0,0,1,1,1,1
Bgga,0,0,83.0,0.0,False,False,False,False,False,False,0,1,0,0,0,0,1,1,1,0,1,1,1,1,1,0,1,1,1,1,,0.3,96.0,1.24,52.1359,194.0,8.1,11.4,6.8,1375.0,4.8,134.0,10.0,26.0,59.0,117.0,1,0,39.52,0,0,0,0,0,0,0,0,0,0,0,0,0,0,0,0,1
Bwga,0,0,64.0,0.0,True,False,False,False,False,False,0,0,0,0,0,0,0,0,0,0,0,0,0,0,0,0,0,0,0,0,,0.7,104.0,0.73,116.7193,104.0,,13.4,,5874.0,4.3,141.0,47.0,10.0,63.0,96.0,1,0,28.41,0,0,0,0,0,0,1,0,0,0,0,0,0,1,0,0,1
BAha,1,0,68.0,0.0,True,False,False,True,False,False,0,1,0,0,1,0,1,0,0,0,0,1,0,0,0,0,1,0,0,0,,0.5,109.0,2.05,32.5522,123.0,6.3,11.8,,585.0,3.7,143.0,39.0,40.0,64.0,125.0,0,0,27.68,0,0,0,0,0,0,0,0,0,0,0,0,0,1,0,0,1
Bgha,0,0,81.0,0.0,False,False,False,False,False,False,0,1,0,0,0,0,0,1,1,1,0,0,0,0,1,0,1,0,0,0,,,104.0,1.0,73.4513,116.0,,15.0,,,4.7,141.0,,20.0,83.0,153.0,0,1,26.36,0,1,0,0,0,0,1,0,0,0,0,0,0,1,1,1,1
Bwha,0,0,57.0,0.0,True,False,False,True,False,False,0,0,0,0,0,1,0,1,1,0,0,0,0,0,0,1,1,0,0,0,,1.4,103.0,0.64,91.2162,102.0,5.6,15.1,,107.0,4.3,137.0,11.0,14.0,70.0,108.0,0,1,27.67,0,0,0,0,0,0,0,0,0,0,0,0,0,1,0,0,1
BAja,0,0,71.0,0.0,True,False,False,False,False,False,0,1,0,0,0,0,0,1,1,0,0,0,1,0,0,0,1,0,0,0,,,105.0,0.82,76.0,90.0,6.3,13.6,,2514.0,4.1,138.0,,15.0,95.0,142.0,0,0,43.4,0,1,0,0,0,0,0,0,0,0,0,0,0,1,0,1,1
Bgja,0,0,77.0,3.0,False,False,False,True,False,False,0,1,0,0,1,0,1,1,1,1,0,1,1,1,0,0,1,0,0,0,,0.6,104.0,1.13,71.5076,125.0,6.4,8.6,,2008.0,4.3,140.0,,23.0,105.0,158.0,0,1,20.05,0,0,0,0,0,0,0,0,0,0,0,0,0,1,0,1,1
Bwja,1,0,66.0,4.0,False,False,False,False,False,False,0,0,0,1,0,0,0,0,0,0,0,0,0,0,0,0,1,0,0,0,4.2,0.7,106.0,0.91,60.5974,107.0,5.7,15.1,5.9,,4.0,143.0,,10.0,70.0,132.0,1,0,31.7,0,0,0,0,0,0,0,0,0,0,0,0,0,0,1,1,0
BAka,0,1,51.0,0.0,True,False,False,True,True,False,0,0,0,0,0,0,0,0,1,0,1,1,1,1,0,0,0,0,0,0,,,,,,,,,,,,,,,,,0,1,,1,1,1,1,1,1,1,1,1,1,1,1,1,1,1,1,1
Bwka,0,0,62.0,7.0,False,False,False,False,False,False,0,0,0,0,0,0,0,1,1,0,0,0,0,0,0,0,0,0,0,0,4.1,2.3,108.0,1.08,66.4755,,,13.9,9.97,2317.0,3.5,146.0,,21.0,,,0,0,34.1,0,0,0,0,0,1,1,0,0,0,0,1,1,0,0,1,0
BQma,0,0,72.0,1.0,False,False,False,False,False,False,0,0,0,0,0,0,0,0,1,0,0,1,0,0,0,0,0,1,0,0,,,,,,,,,,,,,,,,,0,1,,1,1,1,1,1,1,1,1,1,1,1,1,1,1,1,1,1
Bgma,0,0,82.0,7.0,True,False,False,False,False,False,1,0,0,0,0,0,0,1,1,0,0,0,1,0,0,0,1,0,0,0,3.2,0.5,111.0,1.26,62.0652,,,10.0,5.23,6223.0,3.4,140.0,,15.0,66.0,146.0,0,1,25.83,0,0,0,0,0,1,1,0,0,0,0,0,0,0,0,1,0
BAna,0,1,86.0,0.0,True,False,False,False,False,False,0,1,0,1,0,0,0,0,1,1,0,0,1,0,0,0,1,0,0,0,,0.3,101.0,1.11,65.8773,117.0,6.1,11.7,,1714.0,4.2,138.0,191.0,22.0,60.0,126.0,0,0,29.17,0,0,0,0,0,0,0,0,0,0,0,0,0,1,0,0,1
BAoa,0,0,77.0,2.0,False,False,False,True,True,False,0,1,0,0,1,0,1,1,1,0,0,0,0,0,1,0,1,0,0,0,4.1,0.3,106.0,1.27,,130.0,6.5,12.1,5.2,665.0,5.2,138.0,,24.0,74.0,116.0,0,1,33.24,0,0,0,0,1,0,0,0,0,0,0,0,0,0,0,1,0
BQoa,0,0,85.0,0.0,True,False,False,False,False,False,0,0,0,0,0,0,1,0,0,1,0,0,0,1,0,0,1,0,0,0,,,,,,,6.7,,,,,,,,82.0,118.0,0,0,43.33,0,1,1,1,1,1,0,1,1,1,1,0,0,1,1,1,1
Bwpa,1,0,86.0,4.0,True,False,False,False,False,False,0,0,0,0,0,0,0,1,0,1,0,0,0,0,0,0,0,0,1,0,4.2,0.8,104.0,0.73,78.8157,,5.2,15.1,7.36,,4.1,140.0,,16.0,74.0,114.0,0,0,43.3117,0,0,0,0,0,1,0,0,0,0,0,0,0,0,1,1,0
BAra,1,1,76.0,5.0,False,False,False,False,False,False,0,0,0,1,0,0,0,0,1,1,0,0,1,0,0,0,1,0,1,0,,,97.0,0.97,60.7878,71.0,,13.3,,427.0,4.1,139.0,20.0,38.0,74.0,142.0,0,0,35.42,0,1,0,0,0,0,1,0,0,0,0,0,0,1,0,0,1
Bwra,0,0,47.0,0.0,False,False,False,False,False,False,0,0,0,0,0,0,0,1,1,1,0,0,1,0,1,0,1,0,0,0,,0.4,101.0,1.02,52.6881,88.0,5.6,12.0,,4030.0,4.0,137.0,24.0,18.0,74.0,115.0,0,0,27.18,0,0,0,0,0,0,0,0,0,0,0,0,0,1,0,0,1
BQsa,0,1,70.0,0.0,False,False,False,False,False,False,0,1,0,1,1,0,0,1,1,1,0,0,1,0,1,1,0,0,0,0,,0.4,101.0,1.49,45.9773,91.0,,10.5,,7771.0,4.2,142.0,,24.0,84.0,137.0,0,1,23.12,0,0,0,0,0,0,1,0,0,0,0,0,0,1,0,1,1
Bgsa,0,0,70.0,0.0,True,False,True,False,False,False,0,1,0,0,0,0,0,1,1,1,0,0,1,0,0,1,1,0,0,0,4.6,1.3,104.0,0.78,82.2202,91.0,5.1,13.1,9.18,,4.2,136.0,36.0,20.0,61.0,133.0,0,0,24.24,0,0,0,0,0,0,0,0,0,0,0,0,0,0,1,0,0
Bwsa,1,0,73.0,2.0,False,False,False,False,False,False,0,0,0,0,0,0,1,1,0,1,0,1,0,1,0,0,0,0,0,0,4.3,0.3,99.0,0.91,,,,,,,4.1,137.0,,15.0,85.0,135.0,0,0,,1,0,0,0,1,1,1,1,0,0,0,0,0,1,1,1,0
Bwta,0,0,53.0,1.0,False,False,True,False,False,False,0,1,0,1,1,0,1,1,0,1,0,0,0,0,0,1,1,0,0,0,4.6,0.5,108.0,1.73,39.8393,113.0,5.8,15.3,8.8,,5.3,141.0,,37.0,66.0,106.0,0,0,27.98,0,0,0,0,0,0,0,0,0,0,0,0,0,0,1,1,0
Bwua,0,1,66.0,3.0,False,False,False,False,False,False,0,0,0,0,0,0,0,1,1,1,0,1,1,0,1,1,1,0,0,0,3.5,0.6,105.0,1.08,69.2806,,5.8,14.9,7.18,4721.0,4.1,141.0,,22.0,70.0,110.0,0,1,28.8,0,0,0,0,0,1,0,0,0,0,0,0,0,0,0,1,0
Bwxa,1,0,87.0,1.0,True,False,False,False,False,True,0,0,0,0,0,0,0,1,0,0,0,0,0,0,0,1,0,0,0,0,,0.3,106.0,1.76,28.2271,99.0,,11.2,,888.0,4.3,142.0,16.0,33.0,34.0,50.0,0,0,30.12,0,0,0,0,0,0,1,0,0,0,0,0,0,1,0,0,1
BAya,1,0,67.0,1.0,True,True,False,False,False,False,1,1,0,0,0,0,1,1,1,1,1,1,1,1,1,1,1,0,0,0,,0.7,97.0,1.07,66.667,145.0,6.4,10.1,,,4.7,135.0,,32.0,70.0,104.0,0,1,29.56,0,0,0,0,0,0,0,0,0,0,0,0,0,1,1,1,1
Bwya,1,1,70.0,4.0,False,True,False,False,False,False,0,1,0,0,0,0,1,1,1,0,0,1,0,0,0,0,1,1,0,0,,,98.0,0.95,81.1451,273.0,,15.4,,213.0,4.6,136.0,,12.0,87.0,128.0,0,0,37.6,0,1,0,0,0,0,1,0,0,0,0,0,0,1,0,1,1
Bwza,0,0,82.0,0.0,True,False,False,False,False,False,0,0,0,0,0,0,0,1,1,0,0,0,0,0,1,0,0,0,0,0,,0.2,102.0,0.48,124.1272,87.0,5.4,9.9,,268.0,4.0,139.0,9.0,10.0,76.0,121.0,0,1,19.92,0,0,0,0,0,0,0,0,0,0,0,0,0,1,0,0,1
BA0a,0,1,63.0,0.0,True,False,False,False,False,False,0,1,0,0,0,0,0,0,1,1,0,1,1,0,1,0,1,0,0,0,,0.7,94.0,0.67,,93.0,6.3,11.1,,3826.0,4.2,142.0,16.0,21.0,56.0,93.0,1,0,,1,0,0,0,1,0,0,0,0,0,0,0,0,1,0,0,1
BA1a,0,0,66.0,1.0,True,False,False,False,False,False,0,1,0,0,0,0,0,1,1,1,0,0,1,0,1,0,1,0,0,0,,0.7,102.0,0.76,77.8933,96.0,5.4,15.9,,3165.0,4.1,140.0,,13.0,70.0,125.0,0,0,26.75,0,0,0,0,0,0,0,0,0,0,0,0,0,1,0,1,1
BQ2a,0,1,82.0,0.0,False,False,False,False,False,False,0,1,0,1,0,0,0,1,1,1,0,0,1,0,0,0,1,0,1,0,,0.4,107.0,0.61,92.9968,95.0,,8.8,,20188.0,4.1,143.0,499.0,16.0,59.0,131.0,0,1,18.03,0,0,0,0,0,0,1,0,0,0,0,0,0,1,0,0,1
BA3a,0,0,86.0,1.0,True,False,False,False,False,False,0,0,0,0,0,0,1,1,1,0,0,0,0,1,1,0,1,1,0,0,,,,,,,,,,,,,,,78.0,118.0,0,0,30.89,0,1,1,1,1,1,1,1,1,1,1,0,0,1,1,1,1
Bg5a,0,0,29.0,5.0,True,False,True,False,False,False,0,0,0,0,0,0,0,1,1,1,0,0,0,0,0,0,1,0,0,0,,,100.0,0.59,137.8648,241.0,,,,,4.1,136.0,,13.0,80.0,160.0,0,1,26.54,0,1,0,0,0,0,1,1,0,0,0,0,0,1,1,1,1
BA7a,0,1,78.0,1.0,True,False,False,False,False,True,0,1,0,1,0,1,1,1,1,0,0,1,1,0,0,0,1,0,0,0,,0.6,98.0,0.71,111.3434,74.0,6.3,15.2,,1646.0,4.3,139.0,90.0,18.0,69.0,114.0,0,0,29.78,0,0,0,0,0,0,0,0,0,0,0,0,0,1,0,0,1
BQAb,0,0,75.0,3.0,False,False,False,False,False,False,0,0,0,0,0,0,0,1,1,0,0,0,0,0,0,0,1,0,0,0,,,,,,,,,,,,,,,58.0,146.0,0,1,27.77,0,1,1,1,1,1,1,1,1,1,1,0,0,1,1,1,1
BwAb,0,1,63.0,0.0,False,False,False,False,False,False,0,0,0,0,0,1,1,1,1,0,0,1,0,0,0,0,1,0,0,0,,0.4,102.0,0.7,80.7199,107.0,6.7,13.7,,,3.5,139.0,,8.0,72.0,159.0,0,0,36.8,0,0,0,0,0,0,0,0,0,0,0,0,0,1,1,1,1
BQBb,0,1,66.0,1.0,False,False,False,False,False,False,0,0,0,0,0,0,1,0,1,0,1,1,1,1,1,1,1,1,1,0,,0.3,101.0,0.85,65.026,208.0,6.4,12.7,,4230.0,3.9,142.0,,24.0,64.0,129.0,0,0,34.9636,0,0,0,0,0,0,0,0,0,0,0,0,0,1,0,1,1
BgBb,0,0,78.0,0.0,False,False,False,False,False,False,0,0,0,1,0,0,0,1,1,0,0,1,1,0,0,0,1,0,0,0,,0.4,94.0,0.56,162.9942,129.0,,12.2,,,4.1,136.0,,15.0,78.0,130.0,0,1,27.21,0,0,0,0,0,0,1,0,0,0,0,0,0,1,1,1,1
BACb,0,0,32.0,6.0,False,False,False,False,False,True,0,1,0,0,0,0,0,0,1,0,0,0,0,0,1,0,1,0,0,0,,,,,,,,,,,,,,,71.0,118.0,0,0,30.1,0,1,1,1,1,1,1,1,1,1,1,0,0,1,1,1,1
BgCb,0,0,78.0,3.0,True,False,False,False,False,False,0,0,0,1,0,0,1,1,1,0,0,0,1,0,1,0,0,0,0,0,,,,,,,,,,,,,,,78.0,122.0,0,0,31.19,0,1,1,1,1,1,1,1,1,1,1,0,0,1,1,1,1
BADb,1,0,83.0,4.0,True,False,False,False,False,False,0,0,0,0,0,0,0,0,0,0,0,0,0,1,0,0,0,0,0,0,,,,,,,,,,,,,,,82.0,150.0,1,0,27.39,0,1,1,1,1,1,1,1,1,1,1,0,0,1,1,1,1
BgDb,0,0,73.0,1.0,False,False,False,False,False,False,0,0,0,0,0,0,1,0,0,0,0,1,1,1,0,1,0,0,0,0,4.0,0.7,100.0,0.82,94.0003,164.0,7.3,14.9,5.9,29.0,3.9,138.0,,18.0,77.0,145.0,0,0,34.7,0,0,0,0,0,0,0,0,0,0,0,0,0,0,0,1,0
BAFb,1,0,59.0,3.0,False,False,False,True,False,False,0,0,0,0,0,0,0,0,0,0,0,0,0,0,0,0,0,0,0,0,4.4,0.3,104.0,0.71,,92.0,5.7,12.7,6.2,,4.5,141.0,,13.0,75.0,119.0,0,0,36.35,0,0,0,0,1,0,0,0,0,0,0,0,0,0,1,1,0
BgFb,0,0,66.0,0.0,False,False,False,False,False,False,0,0,0,0,0,0,0,0,1,1,0,0,1,0,1,0,1,0,0,0,,0.5,103.0,0.88,,111.0,6.1,14.9,,2582.0,4.1,143.0,42.0,18.0,66.0,107.0,0,1,30.22,0,0,0,0,1,0,0,0,0,0,0,0,0,1,0,0,1
BwFb,0,0,63.0,0.0,False,False,False,False,False,False,0,0,0,0,0,0,0,1,1,1,1,1,1,1,0,0,1,0,0,0,,0.4,96.0,0.41,191.2545,100.0,9.5,14.5,,,3.6,147.0,,11.0,79.0,118.0,0,1,48.34,0,0,0,0,0,0,0,0,0,0,0,0,0,1,1,1,1
BAIb,0,0,86.0,1.0,True,False,False,False,False,False,0,1,0,0,0,1,0,1,1,0,0,0,0,0,1,0,1,0,0,0,4.4,0.5,102.0,0.96,80.4491,93.0,,15.3,7.8,,4.3,139.0,,15.0,73.0,126.0,0,1,28.35,0,0,0,0,0,0,1,0,0,0,0,0,0,0,1,1,0
BgJb,0,0,65.0,0.0,True,False,False,True,False,True,0,0,0,0,0,0,0,1,1,1,0,0,1,0,1,0,1,0,0,0,,2.0,98.0,1.15,,104.0,6.3,17.1,,25271.0,4.5,140.0,48.0,29.0,79.0,117.0,0,1,20.26,0,0,0,0,1,0,0,0,0,0,0,0,0,1,0,0,1
BAKb,0,1,78.0,0.0,False,False,False,False,False,False,0,0,0,0,0,0,0,1,1,0,0,0,1,1,0,0,1,0,0,0,,1.1,98.0,1.56,42.3107,165.0,,15.3,,39535.0,5.1,135.0,27.0,58.0,64.0,95.0,0,1,21.97,0,0,0,0,0,0,1,0,0,0,0,0,0,1,0,0,1
BALb,1,1,62.0,1.0,False,False,True,False,False,False,0,0,0,1,1,1,1,0,1,0,0,1,1,0,0,0,1,0,0,0,,,103.0,1.2,49.0,73.0,5.1,11.5,,140.0,4.4,142.0,,25.0,69.0,116.0,0,0,29.14,0,1,0,0,0,0,0,0,0,0,0,0,0,1,0,1,1
BQMb,0,1,76.0,1.0,False,False,False,False,False,False,0,1,0,0,1,0,1,1,1,0,0,1,0,0,0,0,1,0,1,0,,0.3,91.0,1.3,55.9361,283.0,10.5,15.3,,,3.6,135.0,,23.0,68.0,132.0,0,1,40.3097,0,0,0,0,0,0,0,0,0,0,0,0,0,1,1,1,1
BgMb,1,0,72.0,1.0,False,False,False,False,False,False,0,1,0,0,0,0,0,1,0,1,1,0,0,1,0,0,1,0,0,0,,,102.0,0.55,109.2719,151.0,,11.8,,,4.3,143.0,,10.0,74.0,108.0,1,0,29.41,0,1,0,0,0,0,1,0,0,0,0,0,0,1,1,1,1
BwMb,0,0,70.0,7.0,False,False,False,False,False,False,0,1,0,0,1,0,1,1,1,0,0,0,1,1,1,0,1,0,0,0,4.1,0.3,103.0,1.41,36.661,89.0,6.5,11.7,6.4,,5.0,138.0,,30.0,68.0,131.0,0,1,20.4,0,0,0,0,0,0,0,0,0,0,0,0,0,0,1,1,0
BwNb,1,0,68.0,0.0,False,False,False,False,False,False,0,1,0,1,0,0,1,1,1,1,0,1,1,0,1,1,1,0,0,0,,0.9,95.0,0.86,89.5308,117.0,10.4,8.3,,823.0,4.5,135.0,15.0,18.0,80.0,131.0,0,0,26.22,0,0,0,0,0,0,0,0,0,0,0,0,0,1,0,0,1
BAOb,0,0,80.0,2.0,False,False,False,False,False,True,0,1,0,1,0,0,1,1,1,0,0,0,0,1,0,0,1,0,0,0,,,99.0,0.89,85.0046,188.0,,12.6,,,3.8,137.0,,20.0,68.0,118.0,1,0,26.3,0,1,0,0,0,0,1,0,0,0,0,0,0,1,1,1,1
BgOb,0,0,82.0,1.0,False,False,False,False,False,False,0,0,0,0,0,0,0,1,0,0,0,0,0,0,1,0,0,0,0,0,,,,,,,,,,,,,,,,,0,1,,1,1,1,1,1,1,1,1,1,1,1,1,1,1,1,1,1
BwOb,0,0,61.0,5.0,True,False,False,False,False,False,0,0,0,0,0,0,0,1,0,0,0,1,0,0,0,0,1,0,0,0,,,,,,,,,,,,,,,,,0,0,30.41,0,1,1,1,1,1,1,1,1,1,1,1,1,1,1,1,1
BAPb,1,0,,,False,False,False,False,False,True,0,0,0,0,0,0,1,0,0,0,0,1,0,1,0,0,0,0,0,0,,0.6,104.0,0.54,130.832,179.0,10.7,13.0,,31.0,3.4,143.0,,19.0,79.0,129.0,0,0,35.01,0,0,0,0,0,0,0,0,0,0,0,0,0,1,0,1,1
BgQb,1,0,64.0,0.0,False,False,False,False,False,False,0,0,1,0,0,0,1,0,0,1,0,1,1,0,1,0,1,0,0,0,,0.4,102.0,1.39,,314.0,8.1,10.6,,637.0,3.8,140.0,,40.0,59.0,126.0,0,0,38.63,0,0,0,0,1,0,0,0,0,0,0,0,0,1,0,1,1
BwQb,0,1,56.0,0.0,False,False,False,False,False,False,0,0,0,0,0,0,0,1,1,1,0,1,1,0,1,1,1,0,1,0,,0.6,90.0,0.63,89.5983,89.0,5.0,11.0,,843.0,5.1,130.0,35.0,20.0,58.0,118.0,0,0,15.2,0,0,0,0,0,0,0,0,0,0,0,0,0,1,0,0,1
BASb,0,0,81.0,0.0,True,False,False,False,False,True,0,0,0,0,0,0,0,0,1,1,0,0,1,0,1,0,1,0,1,0,3.8,1.5,93.0,1.25,40.6354,95.0,5.8,10.3,7.6,2656.0,3.6,140.0,41.0,33.0,56.0,117.0,1,0,26.6,0,0,0,0,0,0,0,0,0,0,0,0,0,0,0,0,0
BgSb,0,0,41.0,0.0,False,False,False,True,False,False,0,0,0,0,0,0,0,1,1,0,1,0,1,0,0,0,1,0,0,0,,1.0,101.0,0.55,,79.0,4.9,13.3,,2802.0,3.3,140.0,7.0,12.0,82.0,151.0,1,0,30.8,0,0,0,0,1,0,0,0,0,0,0,0,0,1,0,0,1
BQTb,0,0,81.0,0.0,False,False,False,False,False,False,0,1,0,0,0,0,0,1,1,1,0,0,0,0,1,0,1,0,1,0,4.0,0.3,102.0,1.0,94.0,100.0,5.2,18.9,7.7,44.0,4.1,137.0,,16.0,61.0,119.0,0,0,26.17,0,0,0,0,0,0,0,0,0,0,0,0,0,0,0,1,0
BgTb,0,0,82.0,4.0,False,False,False,False,False,False,0,0,0,0,0,0,0,0,1,0,0,0,1,0,0,0,0,0,0,0,,0.4,95.0,1.61,,123.0,4.8,10.7,,,3.4,135.0,56.0,79.0,54.0,87.0,0,1,25.71,0,0,0,0,1,0,0,0,0,0,0,0,0,1,1,0,1
BwTb,0,0,56.0,0.0,False,False,True,False,False,False,0,0,0,0,0,0,0,0,1,0,0,0,0,0,0,0,1,0,0,0,,,106.0,0.86,87.4155,152.0,,,,,4.3,140.0,,22.0,71.0,141.0,0,1,,1,1,0,0,0,0,1,1,0,0,0,0,0,1,1,1,1
BwVb,0,0,72.0,4.0,True,True,False,False,False,False,0,0,0,0,0,0,0,1,1,1,0,1,1,1,0,0,1,0,0,0,,0.3,102.0,0.66,96.847,181.0,7.6,14.1,,1135.0,3.7,137.0,21.0,15.0,102.0,155.0,0,0,34.17,0,0,0,0,0,0,0,0,0,0,0,0,0,1,0,0,1
BgXb,0,0,70.0,0.0,True,False,False,False,False,False,0,1,0,0,0,0,0,1,1,1,0,0,0,0,1,0,1,0,1,0,,0.3,100.0,0.79,83.0,93.0,5.7,11.4,,998.0,4.1,136.0,,9.0,57.0,107.0,0,1,31.34,0,0,0,0,0,0,0,0,0,0,0,0,0,1,0,1,1
BAYb,0,0,81.0,0.0,True,False,False,False,False,False,0,1,0,0,1,0,0,1,1,1,0,0,1,0,1,1,1,0,0,0,,0.7,104.0,1.44,52.1408,106.0,,16.2,,291.0,3.9,139.0,15.0,23.0,73.0,106.0,0,1,30.93,0,0,0,0,0,0,1,0,0,0,0,0,0,1,0,0,1
BQYb,0,0,82.0,0.0,False,False,False,False,False,False,0,0,0,0,0,0,1,1,1,1,0,1,1,0,1,1,1,0,0,0,,,103.0,1.58,41.0027,299.0,,12.0,,6779.0,5.6,140.0,75.0,48.0,76.0,173.0,0,1,28.58,0,1,0,0,0,0,1,0,0,0,0,0,0,1,0,0,1
BwYb,1,0,65.0,2.0,False,False,False,False,False,False,0,0,0,0,0,0,0,0,0,0,0,0,0,0,0,0,0,0,0,0,,,,,,,,,,,,,,,,,0,1,36.96,0,1,1,1,1,1,1,1,1,1,1,1,1,1,1,1,1
Bgab,0,0,73.0,0.0,False,False,False,False,False,False,0,0,0,0,0,0,0,1,0,0,0,1,1,1,0,0,1,0,0,0,,0.3,108.0,1.02,,147.0,6.2,12.8,,4673.0,3.7,143.0,63.0,18.0,70.0,116.0,0,0,39.13,0,0,0,0,1,0,0,0,0,0,0,0,0,1,0,0,1
BAbb,0,0,72.0,0.0,True,False,False,False,False,False,0,1,0,0,0,0,0,1,1,1,0,0,0,0,0,0,1,0,0,0,,,106.0,0.87,99.0,102.0,6.0,13.8,,36.0,3.9,141.0,,16.0,75.0,114.0,0,0,34.85,0,1,0,0,0,0,0,0,0,0,0,0,0,1,0,1,1
BQbb,0,0,69.0,5.0,True,False,False,False,False,False,0,1,0,0,0,0,0,1,1,1,0,0,0,0,1,0,1,0,0,0,,0.5,104.0,0.88,100.0,109.0,5.4,12.7,,1256.0,4.0,136.0,,18.0,53.0,91.0,0,1,28.58,0,0,0,0,0,0,0,0,0,0,0,0,0,1,0,1,1
Bgbb,0,0,65.0,4.0,False,False,False,False,False,False,0,0,0,0,0,0,0,1,1,0,0,0,0,0,0,0,0,0,0,0,,,,,,,,,,,,,,,80.0,113.0,0,0,24.8985,0,1,1,1,1,1,1,1,1,1,1,0,0,1,1,1,1
Bwbb,0,0,55.0,4.0,False,False,False,True,True,False,0,0,0,0,0,0,0,1,1,0,0,1,0,1,0,1,1,0,0,0,3.9,0.2,103.0,1.19,43.535,,,13.5,6.23,,4.4,138.0,,27.0,78.0,147.0,0,0,24.14,0,0,0,0,0,1,1,0,0,0,0,0,0,0,1,1,0
Bgcb,0,0,58.0,0.0,False,False,False,False,False,False,0,1,0,0,0,0,0,1,0,1,0,0,0,0,1,0,1,0,1,0,,0.3,103.0,0.71,,106.0,5.8,11.6,,110.0,4.1,138.0,27.0,15.0,71.0,137.0,1,0,33.64,0,0,0,0,1,0,0,0,0,0,0,0,0,1,0,0,1
Bgdb,0,0,84.0,1.0,True,False,False,False,False,False,0,0,0,0,0,0,1,0,0,0,0,0,0,0,0,0,0,0,0,0,,,,,,,,,,,,,,,70.0,106.0,0,0,30.2,0,1,1,1,1,1,1,1,1,1,1,0,0,1,1,1,1
BAeb,0,0,,,True,False,False,False,False,True,0,1,0,1,0,0,0,0,1,0,0,0,0,0,0,0,1,0,0,0,4.2,0.5,105.0,0.75,74.5423,98.0,,12.4,5.3,,4.3,141.0,,28.0,60.0,114.0,0,0,33.32,0,0,0,0,0,0,1,0,0,0,0,0,0,0,1,1,0
Bwfb,0,1,79.0,0.0,True,False,False,False,False,False,0,0,0,0,0,0,0,1,1,1,0,0,1,0,1,0,1,0,0,0,,1.1,101.0,0.92,59.5105,82.0,5.2,12.8,,29865.0,4.5,138.0,46.0,18.0,66.0,133.0,1,0,22.59,0,0,0,0,0,0,0,0,0,0,0,0,0,1,0,0,1
BAib,1,0,71.0,0.0,True,False,False,False,True,False,0,0,0,0,0,1,1,1,0,1,1,1,0,1,0,1,0,0,0,0,,0.5,106.0,0.95,57.9887,235.0,5.8,8.8,,,3.6,138.0,,14.0,68.0,117.0,1,0,25.36,0,0,0,0,0,0,0,0,0,0,0,0,0,1,1,1,1
BQjb,1,1,76.0,1.0,False,False,False,False,False,False,0,0,0,1,0,0,0,1,0,1,0,0,0,0,1,0,0,0,1,0,3.9,0.3,98.0,1.17,61.6306,105.0,5.9,15.5,6.9,,3.9,138.0,,23.0,80.0,133.0,0,0,49.0312,0,0,0,0,0,0,0,0,0,0,0,0,0,0,1,1,0
BAkb,0,0,74.0,0.0,False,False,False,True,True,False,0,0,0,0,0,0,0,1,1,0,1,0,1,0,1,0,1,0,1,0,,0.9,97.0,0.52,119.463,103.0,,10.5,,1728.0,4.0,137.0,23.0,19.0,54.0,119.0,1,0,15.25,0,0,0,0,0,0,1,0,0,0,0,0,0,1,0,0,1
Bwmb,1,0,57.0,2.0,True,False,True,False,False,False,0,1,0,0,0,0,1,1,1,1,0,1,1,1,0,0,0,0,0,0,4.1,0.5,100.0,0.75,100.8287,203.0,9.4,14.7,10.7,,3.9,139.0,,12.0,81.0,133.0,1,0,,1,0,0,0,0,0,0,0,0,0,0,0,0,0,1,1,0
Bgnb,1,0,67.0,4.0,False,False,False,False,False,False,0,0,1,1,0,0,0,0,1,0,0,0,0,0,1,1,1,0,0,0,,,100.0,0.75,81.7957,144.0,,11.0,,261.0,4.9,138.0,6.0,17.0,84.0,128.0,1,0,42.22,0,1,0,0,0,0,1,0,0,0,0,0,0,1,0,0,1
Bwnb,0,0,66.0,6.0,True,False,False,True,True,False,0,0,0,0,0,0,0,1,1,0,0,0,1,0,1,0,0,0,0,0,,,,,,,,,,,,,,,90.0,134.0,0,1,33.47,0,1,1,1,1,1,1,1,1,1,1,0,0,1,1,1,1
BQob,0,0,70.0,4.0,False,False,False,False,False,False,0,0,0,0,0,0,0,1,1,0,0,0,1,0,0,0,1,0,0,0,,,,,,,,,,,,,,,,,0,0,,1,1,1,1,1,1,1,1,1,1,1,1,1,1,1,1,1
Bgob,0,0,78.0,1.0,True,False,False,False,False,False,0,0,0,0,0,0,0,0,0,0,0,0,0,1,0,0,0,0,0,0,4.4,0.3,102.0,0.84,91.9952,,,13.6,8.2,,4.4,141.0,,11.0,80.0,155.0,0,0,40.2779,0,0,0,0,0,1,1,0,0,0,0,0,0,0,1,1,0
Bwob,0,0,59.0,0.0,False,False,False,False,False,False,0,1,0,0,0,0,0,1,1,1,0,0,1,0,0,0,1,0,0,0,,0.7,100.0,1.19,59.7589,101.0,,12.4,6.42,1656.0,4.5,136.0,21.0,26.0,76.0,165.0,0,1,,1,0,0,0,0,0,1,0,0,0,0,0,0,0,0,0,1
BApb,0,0,80.0,0.0,False,False,False,False,False,False,0,0,0,0,0,0,0,0,1,0,0,0,1,0,0,0,0,0,0,0,,,,,,,,,,,,,,,78.0,146.0,1,0,,1,1,1,1,1,1,1,1,1,1,1,0,0,1,1,1,1
BAqb,0,0,55.0,3.0,True,False,False,False,False,False,0,0,0,0,0,0,0,1,1,1,0,1,0,0,1,0,1,0,0,0,,0.5,97.0,0.81,94.7648,132.0,6.7,14.3,,91.0,4.7,137.0,,14.0,66.0,108.0,0,1,31.16,0,0,0,0,0,0,0,0,0,0,0,0,0,1,0,1,1
BQqb,0,0,62.0,1.0,True,False,False,False,False,False,0,1,0,0,0,0,0,1,1,1,0,0,1,0,1,0,1,0,1,0,,0.3,105.0,0.89,92.0,83.0,4.9,11.4,,4381.0,4.1,140.0,,19.0,66.0,107.0,0,0,22.14,0,0,0,0,0,0,0,0,0,0,0,0,0,1,0,1,1
Bwqb,1,0,76.0,4.0,True,False,False,False,False,False,0,1,0,0,0,0,0,0,1,0,0,0,1,0,0,0,0,0,0,0,4.5,0.9,105.0,0.96,80.1704,86.0,,,,,4.7,141.0,,15.0,70.0,110.0,0,1,29.6,0,0,0,0,0,0,1,1,0,0,0,0,0,1,1,1,0
BAtb,1,0,71.0,0.0,False,False,False,False,False,False,0,1,0,0,0,0,1,1,0,0,1,0,0,1,0,0,1,0,0,0,4.9,0.3,102.0,0.56,109.3369,,8.8,,,,4.4,141.0,,20.0,71.0,134.0,0,0,29.08,0,0,0,0,0,1,0,1,0,0,0,0,0,1,1,1,0
BQtb,0,0,79.0,1.0,True,False,False,False,False,False,0,0,0,0,0,0,0,1,1,0,0,0,1,0,1,1,1,0,1,0,,1.2,95.0,1.05,79.9201,112.0,,14.1,,2399.0,3.9,138.0,,20.0,72.0,110.0,0,0,44.75,0,0,0,0,0,0,1,0,0,0,0,0,0,1,0,1,1
Bgtb,1,0,66.0,0.0,True,False,False,False,False,False,0,1,0,0,0,0,0,1,1,1,0,0,0,0,1,0,1,0,1,0,,1.0,101.0,0.86,95.3215,82.0,4.9,14.7,,695.0,4.0,140.0,,18.0,84.0,114.0,0,1,47.65,0,0,0,0,0,0,0,0,0,0,0,0,0,1,0,1,1
Bwtb,1,0,81.0,3.0,False,False,False,False,False,False,0,0,0,0,0,0,0,1,0,0,0,0,1,0,0,0,0,0,1,0,4.3,0.3,95.0,0.58,112.4201,96.0,6.5,12.1,7.1,68.0,4.8,144.0,,8.0,83.0,154.0,1,0,,1,0,0,0,0,0,0,0,0,0,0,0,0,0,0,1,0
BAub,0,0,81.0,0.0,False,False,False,False,False,False,0,1,0,0,0,0,0,1,1,1,0,1,0,1,0,1,1,0,0,0,,0.4,108.0,2.04,34.1089,164.0,5.8,13.3,5.92,15950.0,4.1,141.0,31.0,38.0,82.0,168.0,0,1,25.0,0,0,0,0,0,0,0,0,0,0,0,0,0,0,0,0,1
Bwub,0,1,76.0,1.0,False,False,False,False,False,False,0,1,0,1,0,0,0,1,1,1,1,0,1,0,1,1,1,0,1,0,,0.6,99.0,1.14,53.0,117.0,6.4,15.8,,1618.0,4.9,140.0,,36.0,69.0,131.0,0,1,34.93,0,0,0,0,0,0,0,0,0,0,0,0,0,1,0,1,1
BQvb,0,0,83.0,4.0,False,False,False,False,False,False,0,0,0,0,0,0,0,1,1,1,0,0,1,0,1,0,1,0,0,0,3.4,0.3,99.0,1.33,53.6315,,,10.5,10.41,20464.0,3.6,139.0,,38.0,,,0,1,26.8,0,0,0,0,0,1,1,0,0,0,0,1,1,0,0,1,0
BAxb,1,0,81.0,0.0,True,False,False,False,False,False,0,0,0,0,0,0,0,0,0,0,0,0,0,1,0,0,0,0,0,0,4.7,0.6,102.0,0.54,137.5554,74.0,4.6,13.3,6.1,,4.2,137.0,,11.0,62.0,98.0,0,0,26.77,0,0,0,0,0,0,0,0,0,0,0,0,0,0,1,1,0
BQxb,0,1,87.0,4.0,False,False,False,False,False,False,0,0,0,1,0,0,0,0,1,0,0,0,1,0,0,0,1,0,0,0,,,,,,,,,,,,,,,83.0,132.0,1,0,33.67,0,1,1,1,1,1,1,1,1,1,1,0,0,1,1,1,1
BQyb,0,0,67.0,1.0,True,False,False,False,False,False,1,0,0,0,0,1,0,0,1,0,0,0,0,0,1,0,1,0,0,0,,0.3,102.0,0.71,80.2514,91.0,5.7,13.8,,,4.0,140.0,,21.0,62.0,128.0,0,0,38.37,0,0,0,0,0,0,0,0,0,0,0,0,0,1,1,1,1
Bgyb,1,0,62.0,0.0,False,False,False,False,False,False,0,0,0,0,0,0,0,1,1,0,0,0,0,0,0,0,0,0,0,0,4.0,0.3,100.0,0.58,,82.0,5.6,13.1,,,4.0,138.0,,19.0,69.0,108.0,0,1,42.7,0,0,0,0,1,0,0,0,0,0,0,0,0,1,1,1,0
Bwzb,0,0,69.0,0.0,False,False,False,False,False,False,0,0,0,0,0,0,0,1,1,0,0,0,1,0,1,1,0,0,0,0,,0.5,103.0,1.01,72.1667,119.0,6.0,12.0,,7312.0,4.1,143.0,,22.0,92.0,139.0,0,0,41.29,0,0,0,0,0,0,0,0,0,0,0,0,0,1,0,1,1
BA0b,0,0,46.0,0.0,False,False,False,False,False,False,1,1,0,0,0,0,1,1,1,1,0,1,0,1,1,0,1,0,0,0,4.1,0.4,105.0,0.71,,110.0,8.7,12.7,12.8,653.0,4.9,142.0,,15.0,70.0,108.0,0,0,25.86,0,0,0,0,1,0,0,0,0,0,0,0,0,0,0,1,0
BQ0b,0,0,67.0,6.0,True,True,False,False,False,False,0,1,0,0,0,0,0,0,0,0,0,0,0,0,0,0,0,0,0,0,,,,,,,,,,,,,,,74.0,118.0,1,0,27.72,0,1,1,1,1,1,1,1,1,1,1,0,0,1,1,1,1
BQ1b,1,0,71.0,1.0,True,False,False,False,False,False,0,0,0,0,0,0,1,0,0,0,0,0,0,1,0,0,0,0,0,0,,,,,,,,,,,,,,,,,0,1,,1,1,1,1,1,1,1,1,1,1,1,1,1,1,1,1,1
Bw1b,1,1,73.0,2.0,True,False,False,False,False,False,0,1,0,0,0,0,0,1,1,1,0,1,1,1,0,0,1,0,0,0,,,,,,,,,,,,,,,75.0,124.0,1,0,24.15,0,1,1,1,1,1,1,1,1,1,1,0,0,1,1,1,1
BA3b,1,0,50.0,4.0,True,False,False,False,False,False,0,0,0,0,0,0,0,1,0,0,0,1,1,0,0,0,1,0,1,0,,,,,,,,,,,,,,,,,1,0,,1,1,1,1,1,1,1,1,1,1,1,1,1,1,1,1,1
BQ3b,0,0,56.0,2.0,False,False,False,False,False,False,0,0,0,0,0,0,0,0,0,0,0,0,0,0,0,1,0,0,0,0,,,,,,,,,,,,,,,,,0,0,,1,1,1,1,1,1,1,1,1,1,1,1,1,1,1,1,1
Bw3b,0,0,82.0,0.0,False,False,False,False,False,False,0,1,0,0,0,0,0,1,1,1,0,0,0,0,1,0,0,0,0,0,,1.0,102.0,1.87,40.2383,238.0,8.0,15.1,,,4.1,138.0,4478.0,27.0,70.0,122.0,0,1,29.76,0,0,0,0,0,0,0,0,0,0,0,0,0,1,1,0,1
BA4b,0,0,42.0,5.0,True,False,True,False,True,False,0,0,0,1,0,0,0,1,1,1,0,0,0,0,0,0,1,0,0,0,4.7,0.8,103.0,1.14,64.6719,86.0,5.8,12.9,3.94,125.0,4.6,138.0,15.0,22.0,62.0,122.0,0,0,34.02,0,0,0,0,0,0,0,0,0,0,0,0,0,0,0,0,0
BA5b,0,1,79.0,0.0,True,False,False,False,False,False,0,0,0,0,0,0,0,1,1,0,0,1,1,0,0,0,1,0,0,0,,1.4,103.0,0.96,93.5824,167.0,6.5,17.4,,8284.0,4.3,140.0,40.0,22.0,100.0,150.0,0,1,21.61,0,0,0,0,0,0,0,0,0,0,0,0,0,1,0,0,1
Bg5b,0,1,78.0,0.0,True,False,False,True,False,False,0,0,0,0,0,0,0,1,1,1,0,0,0,0,1,0,0,0,1,0,,,105.0,0.89,,101.0,5.5,12.9,,2218.0,4.2,140.0,,20.0,78.0,97.0,0,1,28.56,0,1,0,0,1,0,0,0,0,0,0,0,0,1,0,1,1
Bw5b,1,0,59.0,1.0,True,False,False,False,False,False,0,0,0,0,0,1,1,0,0,0,0,0,0,1,0,0,1,0,0,0,4.6,0.3,102.0,0.92,72.1267,145.0,7.2,12.4,6.9,,4.8,140.0,,16.0,60.0,112.0,0,0,31.55,0,0,0,0,0,0,0,0,0,0,0,0,0,0,1,1,0
Bg6b,0,0,67.0,1.0,False,False,False,False,False,True,0,1,0,0,0,0,0,1,1,0,0,0,1,0,1,0,1,0,1,0,,0.4,103.0,1.24,55.9509,116.0,5.3,8.8,,5027.0,3.9,139.0,60.0,25.0,48.0,97.0,0,1,21.11,0,0,0,0,0,0,0,0,0,0,0,0,0,1,0,0,1
Bg8b,1,1,66.0,3.0,False,False,False,False,False,False,1,1,0,0,0,0,0,0,1,0,0,0,1,0,0,0,1,0,0,0,,,0.098,0.86,66.8614,107.0,,,,,0.0037,0.141,,,64.0,126.0,1,0,46.05,0,1,0,0,0,0,1,1,0,0,1,0,0,1,1,1,1
Bg9b,1,0,60.0,7.0,False,False,False,False,False,False,0,0,0,1,0,0,0,0,0,0,0,0,0,0,0,0,0,0,0,0,,,,,,,,,,,,,,,64.0,118.0,0,0,31.85,0,1,1,1,1,1,1,1,1,1,1,0,0,1,1,1,1
BA_b,1,0,58.0,5.0,False,False,True,False,False,False,0,1,0,0,0,0,1,1,0,1,0,1,0,1,1,1,1,1,1,0,,0.5,101.0,1.6,42.6131,135.0,8.0,11.8,,,4.2,137.0,,31.0,80.0,167.0,1,0,23.15,0,0,0,0,0,0,0,0,0,0,0,0,0,1,1,1,1
BQ_b,1,0,73.0,0.0,False,False,False,False,False,False,0,0,0,0,0,0,0,0,1,0,0,1,0,1,1,1,1,0,0,0,,,111.0,1.78,38.1992,117.0,,15.6,,277.0,3.7,150.0,,34.0,85.0,130.0,0,0,33.5209,0,1,0,0,0,0,1,0,0,0,0,0,0,1,0,1,1
BA#b,0,0,72.0,0.0,True,False,False,False,False,False,0,0,0,0,1,0,0,1,1,1,0,0,1,0,1,0,0,0,0,0,,0.6,103.0,1.14,66.4489,108.0,,15.8,,1765.0,4.5,138.0,,15.0,66.0,94.0,0,1,25.03,0,0,0,0,0,0,1,0,0,0,0,0,0,1,0,1,1
BABc,0,0,63.0,6.0,False,False,False,False,False,False,0,0,0,0,0,0,0,0,0,0,0,0,0,0,0,0,0,0,0,0,,,,,,,,,,,,,,,,,0,0,25.35,0,1,1,1,1,1,1,1,1,1,1,1,1,1,1,1,1
BwBc,0,0,67.0,5.0,True,False,False,False,False,False,0,0,0,0,0,0,0,0,0,0,0,0,1,0,1,1,0,0,0,0,,0.3,103.0,0.96,73.0,178.0,,10.5,,,4.2,138.0,,10.0,84.0,138.0,0,0,49.43,0,0,0,0,0,0,1,0,0,0,0,0,0,1,1,1,1
BwCc,0,1,64.0,0.0,False,False,False,False,False,False,0,0,0,0,0,0,0,1,1,1,0,0,1,0,0,0,0,0,0,0,,1.3,97.0,1.01,75.6081,96.0,5.6,14.5,,6640.0,3.8,137.0,,20.0,68.0,100.0,0,1,36.98,0,0,0,0,0,0,0,0,0,0,0,0,0,1,0,1,1
BQDc,0,0,78.0,0.0,True,False,False,False,False,False,0,1,0,1,0,1,1,1,1,1,0,1,1,0,1,1,1,0,1,0,,0.5,106.0,1.04,68.7154,109.0,6.2,12.6,,6041.0,4.5,142.0,58.0,20.0,53.0,101.0,0,0,24.84,0,0,0,0,0,0,0,0,0,0,0,0,0,1,0,0,1
BgDc,0,0,50.0,0.0,False,False,False,False,False,True,0,0,0,1,0,0,0,1,1,0,0,0,1,0,0,0,1,0,0,0,,0.3,90.0,1.53,34.2801,97.0,5.5,14.4,,1920.0,5.2,139.0,28.0,47.0,64.0,115.0,0,1,27.77,0,0,0,0,0,0,0,0,0,0,0,0,0,1,0,0,1
BgEc,0,0,49.0,1.0,True,False,True,False,False,False,0,0,0,0,0,0,0,1,1,0,0,0,0,0,0,1,1,0,0,0,,,,,,,,,,,,,,,48.0,164.0,1,0,23.2,0,1,1,1,1,1,1,1,1,1,1,0,0,1,1,1,1
BwEc,0,0,57.0,3.0,True,False,False,False,False,False,0,0,0,0,0,0,0,0,0,0,0,0,1,0,1,0,0,0,0,0,,,,,,,,,,,,,,,78.0,123.0,0,0,34.28,0,1,1,1,1,1,1,1,1,1,1,0,0,1,1,1,1
BQFc,0,1,89.0,5.0,True,True,False,False,False,False,0,1,0,0,0,0,1,1,0,1,0,0,0,1,0,0,1,0,0,0,4.3,1.7,0.103,1.05,70.4519,201.0,8.1,13.5,5.8,,0.004,0.143,,,84.0,130.0,0,0,31.97,0,0,0,0,0,0,0,0,0,0,1,0,0,0,1,1,0
BgFc,0,0,71.0,2.0,True,False,False,False,True,False,0,1,0,0,0,0,0,1,1,0,0,0,0,0,0,0,0,0,0,0,,,,,,,,,,,,,,,84.0,119.0,1,0,42.3998,0,1,1,1,1,1,1,1,1,1,1,0,0,1,1,1,1
BwFc,0,0,72.0,1.0,False,False,False,False,False,False,0,1,0,1,1,0,1,1,1,1,0,1,1,1,1,1,1,0,1,0,4.0,0.7,102.0,1.69,41.5999,124.0,6.2,10.7,8.3,8317.0,4.1,139.0,,40.0,58.0,104.0,0,1,30.15,0,0,0,0,0,0,0,0,0,0,0,0,0,0,0,1,0
BQGc,1,0,67.0,0.0,True,False,False,False,False,False,0,1,0,0,0,0,0,0,0,1,0,0,1,1,0,1,1,1,0,0,,0.6,94.0,1.73,40.4919,240.0,,13.4,,10847.0,4.4,131.0,,36.0,118.0,156.0,0,1,26.2966,0,0,0,0,0,0,1,0,0,0,0,0,0,1,0,1,1
BgGc,0,0,77.0,1.0,False,False,False,False,False,False,0,0,0,0,0,0,0,1,1,0,0,0,0,0,1,0,1,0,0,0,,,102.0,0.96,92.0,88.0,,16.1,,,4.3,141.0,,22.0,,,1,0,,1,1,0,0,0,0,1,0,0,0,0,1,1,1,1,1,1
BAHc,0,0,82.0,1.0,True,False,False,False,False,False,0,1,0,1,1,0,1,1,1,0,0,1,1,1,1,0,1,1,1,0,,1.0,99.0,1.38,,213.0,8.4,9.9,,6496.0,5.4,131.0,,32.0,66.0,112.0,0,0,32.55,0,0,0,0,1,0,0,0,0,0,0,0,0,1,0,1,1
BgHc,0,0,48.0,4.0,False,False,False,False,False,False,0,0,0,0,1,0,0,0,0,0,0,0,0,0,0,0,0,0,0,0,,,,,,,,,,,,,,,64.0,134.0,0,0,33.4,0,1,1,1,1,1,1,1,1,1,1,0,0,1,1,1,1
BQIc,0,0,65.0,0.0,False,False,False,False,False,False,0,1,0,0,0,0,1,1,1,1,0,1,0,1,0,0,1,1,0,0,,0.3,99.0,0.71,89.0,408.0,10.0,12.8,,,4.2,139.0,,17.0,70.0,152.0,1,0,36.57,0,0,0,0,0,0,0,0,0,0,0,0,0,1,1,1,1
BgJc,0,0,51.0,6.0,True,False,False,False,False,False,0,1,0,0,1,0,1,1,1,0,0,1,1,0,0,1,1,0,0,0,,0.5,103.0,1.78,36.5074,112.0,6.4,10.0,,3507.0,4.3,137.0,,37.0,78.0,114.0,0,1,30.12,0,0,0,0,0,0,0,0,0,0,0,0,0,1,0,1,1
BAKc,0,0,65.0,0.0,False,False,False,False,False,False,0,1,0,0,1,0,1,1,1,0,0,1,1,1,1,0,1,1,0,0,,0.8,98.0,1.27,57.2773,178.0,9.3,13.9,,4944.0,3.9,138.0,34.0,30.0,58.0,91.0,0,1,31.8,0,0,0,0,0,0,0,0,0,0,0,0,0,1,0,0,1
BQKc,0,0,40.0,0.0,False,False,False,True,True,False,0,0,0,0,0,0,0,0,1,0,0,0,1,0,0,0,1,0,0,0,,1.8,97.0,0.78,71.062,102.0,,12.7,,923.0,4.1,141.0,13.0,23.0,67.0,106.0,1,0,27.83,0,0,0,0,0,0,1,0,0,0,0,0,0,1,0,0,1
BwKc,0,1,45.0,2.0,False,False,False,True,False,True,0,1,0,0,0,0,0,1,1,0,0,0,1,0,1,0,0,0,0,0,,,,,,,,,,,,,,,69.0,113.0,0,1,26.12,0,1,1,1,1,1,1,1,1,1,1,0,0,1,1,1,1
BQLc,1,0,55.0,2.0,False,False,False,False,False,False,0,0,0,0,0,0,0,1,0,0,0,0,0,0,0,0,1,0,0,0,4.6,0.4,97.0,0.53,114.3777,,,14.3,10.09,,4.5,134.0,,19.0,91.0,170.0,0,1,31.36,0,0,0,0,0,1,1,0,0,0,0,0,0,0,1,1,0
BAMc,0,0,77.0,0.0,True,False,False,False,False,False,0,0,0,0,0,0,0,0,1,1,0,0,1,0,1,0,0,0,0,0,,0.6,103.0,1.45,49.9854,153.0,5.5,14.8,,5936.0,3.8,143.0,28.0,30.0,86.0,122.0,0,1,21.05,0,0,0,0,0,0,0,0,0,0,0,0,0,1,0,0,1
BwMc,0,0,59.0,5.0,False,False,False,True,True,False,0,1,0,0,0,0,1,1,0,0,0,0,0,0,0,0,0,0,0,0,4.2,0.5,104.0,1.12,63.5745,,6.8,,,292.6,4.7,139.0,,27.0,68.0,132.0,0,1,42.38,0,0,0,0,0,1,0,1,0,0,0,0,0,1,0,1,0
BgNc,0,1,73.0,0.0,False,False,False,False,False,False,0,0,0,0,0,0,0,1,1,0,0,0,0,0,1,0,0,0,0,0,4.3,0.5,103.0,0.79,,86.0,5.2,9.7,7.5,40.0,4.2,138.0,,18.0,54.0,91.0,0,1,21.53,0,0,0,0,1,0,0,0,0,0,0,0,0,0,0,1,0
BwNc,0,0,77.0,0.0,True,False,False,False,False,True,0,0,0,1,0,0,0,0,1,0,0,0,0,0,0,0,1,0,0,0,,0.3,106.0,1.71,38.1467,80.0,5.3,10.5,,1702.0,4.9,144.0,46.0,31.0,98.0,114.0,0,1,20.14,0,0,0,0,0,0,0,0,0,0,0,0,0,1,0,0,1
BQOc,0,0,72.0,0.0,True,False,False,False,False,False,0,1,0,0,0,0,1,1,1,1,0,1,0,1,0,0,1,0,1,0,4.2,0.8,105.0,0.78,87.7431,147.0,7.5,11.4,6.5,,4.0,140.0,,13.0,60.0,110.0,0,1,33.41,0,0,0,0,0,0,0,0,0,0,0,0,0,0,1,1,0
BgOc,0,0,80.0,2.0,False,False,False,False,False,False,0,1,0,0,1,0,0,1,1,1,0,1,1,0,1,0,1,0,0,0,4.1,0.4,109.0,1.32,54.781,80.0,5.5,11.1,,878.0,4.3,144.0,,17.0,65.0,106.0,0,0,25.98,0,0,0,0,0,0,0,0,0,0,0,0,0,1,0,1,0
BAPc,0,0,75.0,0.0,True,False,False,True,False,True,0,0,0,0,0,1,0,1,1,1,0,0,0,0,0,1,1,0,1,0,,0.7,104.0,0.84,89.5705,98.0,5.4,12.7,,,3.6,142.0,27.0,8.0,77.0,131.0,0,1,20.93,0,0,0,0,0,0,0,0,0,0,0,0,0,1,1,0,1
BwPc,0,0,68.0,5.0,False,False,False,False,False,False,0,0,0,0,0,0,0,1,1,1,0,0,0,0,1,0,0,0,0,0,4.3,0.6,104.0,0.66,95.0,90.0,,15.0,6.67,,4.0,139.0,,16.0,70.0,116.0,0,1,39.68,0,0,0,0,0,0,1,0,0,0,0,0,0,0,1,1,0
BARc,0,0,85.0,3.0,True,False,False,False,True,False,0,0,0,0,0,0,0,1,1,1,0,0,1,0,1,1,1,0,0,0,,0.5,102.0,0.65,100.9536,103.0,5.1,12.7,,2925.0,3.7,138.0,6.0,16.0,67.0,91.0,0,1,34.67,0,0,0,0,0,0,0,0,0,0,0,0,0,1,0,0,1
BgRc,0,0,71.0,0.0,False,False,False,False,False,False,0,0,0,0,0,0,0,1,0,0,0,0,1,0,0,0,0,0,0,0,,,,,,,,,,,,,,,84.0,158.0,1,0,39.31,0,1,1,1,1,1,1,1,1,1,1,0,0,1,1,1,1
BwRc,0,0,58.0,4.0,False,False,False,False,False,False,0,1,0,0,0,0,0,1,1,1,0,0,0,0,0,0,1,0,0,0,,,102.0,1.23,57.2114,80.0,,13.4,,,4.6,138.0,,24.0,80.0,110.0,0,1,27.06,0,1,0,0,0,0,1,0,0,0,0,0,0,1,1,1,1
BgTc,0,0,57.0,1.0,False,False,False,False,False,True,0,1,0,1,0,0,0,1,1,1,0,0,0,0,1,0,1,0,0,0,4.5,0.3,0.103,0.87,,95.0,,,,,0.005,0.141,,,70.0,116.0,0,0,22.44,0,0,0,0,1,0,1,1,0,0,1,0,0,1,1,1,0
BAUc,0,0,71.0,1.0,False,False,False,False,False,False,0,0,0,0,0,0,1,1,1,0,1,1,0,0,1,0,1,0,0,0,,,105.0,0.71,94.0,96.0,6.4,11.9,,,4.2,140.0,,19.0,64.0,116.0,0,1,27.53,0,1,0,0,0,0,0,0,0,0,0,0,0,1,1,1,1
BgUc,0,0,61.0,0.0,True,False,False,False,False,False,0,1,0,1,0,0,0,1,1,1,0,1,1,0,0,0,1,0,1,0,,0.4,98.0,1.17,49.0,117.0,5.9,9.7,,259.0,3.9,135.0,,22.0,80.0,126.0,0,0,33.81,0,0,0,0,0,0,0,0,0,0,0,0,0,1,0,1,1
BgVc,1,0,58.0,2.0,True,False,False,True,False,False,0,1,0,0,0,0,1,0,1,0,0,0,0,0,0,0,0,0,0,0,,,99.0,0.56,113.0,244.0,7.6,,,,3.9,137.0,,15.0,70.0,106.0,1,0,26.8,0,1,0,0,0,0,0,1,0,0,0,0,0,1,1,1,1
BwWc,0,0,75.0,4.0,False,False,False,False,False,False,0,1,0,0,1,1,1,1,1,1,0,0,0,0,0,0,1,0,0,0,4.1,0.3,0.104,1.21,57.9974,132.0,,13.2,8.5,,0.0041,0.141,,,69.0,147.0,0,0,28.73,0,0,0,0,0,0,1,0,0,0,1,0,0,0,1,1,0
BwXc,0,0,60.0,0.0,False,False,False,False,False,False,0,0,0,0,0,0,0,1,1,1,0,0,0,0,1,0,1,0,0,0,,,105.0,1.21,60.5672,93.0,,16.9,,,4.2,144.0,,18.0,83.0,118.0,0,1,35.97,0,1,0,0,0,0,1,0,0,0,0,0,0,1,1,1,1
BQYc,0,0,58.0,2.0,False,False,False,False,False,False,0,0,0,0,0,0,0,1,0,0,0,0,0,0,0,0,0,0,0,0,4.5,0.5,103.0,1.1,,,,,,306.0,4.7,141.0,,18.0,73.0,107.0,0,0,31.01,0,0,0,0,1,1,1,1,0,0,0,0,0,1,0,1,0
BgYc,0,0,66.0,0.0,False,False,True,False,False,False,0,1,0,0,0,1,0,1,1,1,1,0,0,0,1,1,1,0,1,0,3.9,0.7,107.0,0.85,86.7284,88.0,4.8,13.5,5.82,,3.7,135.0,18.0,22.0,66.0,129.0,0,1,27.0,0,0,0,0,0,0,0,0,0,0,0,0,0,0,1,0,0
BQZc,0,0,37.0,1.0,False,False,False,False,False,False,0,1,0,0,0,0,0,1,1,0,0,0,1,0,0,0,1,0,0,0,,,103.0,1.22,60.1899,120.0,,,,,4.4,139.0,,22.0,78.0,118.0,0,1,29.29,0,1,0,0,0,0,1,1,0,0,0,0,0,1,1,1,1
BwZc,0,0,77.0,1.0,True,False,False,False,False,False,0,1,0,0,0,0,0,1,1,1,0,0,1,0,0,0,1,0,0,0,,,107.0,0.96,81.0,93.0,5.3,8.5,,,4.2,142.0,,21.0,49.0,107.0,0,0,30.37,0,1,0,0,0,0,0,0,0,0,0,0,0,1,1,1,1
Bgbc,0,0,73.0,0.0,False,False,False,False,False,False,0,1,0,0,0,0,1,1,1,0,1,1,1,1,1,0,1,0,0,0,,0.9,95.0,1.83,,203.0,9.5,11.4,,6473.0,4.3,134.0,,68.0,55.0,97.0,0,1,31.74,0,0,0,0,1,0,0,0,0,0,0,0,0,1,0,1,1
Bwcc,1,0,75.0,1.0,True,False,False,False,False,False,0,0,1,0,0,0,0,0,1,0,0,0,1,1,0,0,0,0,0,0,,17.4,94.0,2.36,,65.0,,12.5,2.08,17120.0,4.3,133.0,16.0,53.0,76.0,148.0,0,1,22.86,0,0,0,0,1,0,1,0,0,0,0,0,0,0,0,0,1
Bgec,0,0,84.0,0.0,True,False,False,False,False,False,0,0,1,0,0,0,0,1,1,1,0,0,1,0,1,0,1,0,0,0,,0.3,103.0,0.7,94.6824,127.0,5.6,15.2,,454.0,4.4,140.0,,16.0,75.0,110.0,0,1,45.7,0,0,0,0,0,0,0,0,0,0,0,0,0,1,0,1,1
BAgc,0,0,85.0,1.0,False,False,False,False,False,False,0,0,0,1,0,0,0,0,1,0,0,0,0,0,0,0,0,0,0,0,,,,,,,,,,,,,,,50.0,118.0,0,1,25.37,0,1,1,1,1,1,1,1,1,1,1,0,0,1,1,1,1
BQgc,0,0,68.0,0.0,True,False,False,False,False,False,0,1,0,0,0,0,0,0,0,1,0,0,0,0,0,0,0,0,0,0,,,105.0,0.94,58.3711,149.0,7.6,13.8,,,4.5,141.0,,19.0,83.0,175.0,0,0,30.64,0,1,0,0,0,0,0,0,0,0,0,0,0,1,1,1,1
BAkc,0,0,80.0,0.0,False,False,False,False,False,False,0,1,0,0,0,0,1,0,1,1,0,1,1,1,0,0,1,0,1,0,,0.4,110.0,1.25,55.861,107.0,5.4,10.4,,13630.0,3.9,140.0,125.0,18.0,70.0,157.0,0,1,29.26,0,0,0,0,0,0,0,0,0,0,0,0,0,1,0,0,1
BQmc,0,0,72.0,2.0,True,False,False,False,False,False,0,0,0,0,0,0,0,0,0,0,0,0,0,0,0,0,0,0,0,0,,,,,,,,,,,,,,,,,0,1,,1,1,1,1,1,1,1,1,1,1,1,1,1,1,1,1,1
Bwmc,1,0,52.0,1.0,True,False,False,False,False,True,0,0,0,0,0,0,0,1,0,0,0,0,0,1,0,0,1,1,0,0,,,,,,,,,,,,,,,70.0,132.0,0,0,30.57,0,1,1,1,1,1,1,1,1,1,1,0,0,1,1,1,1
Bgnc,1,0,44.0,0.0,False,False,False,False,False,False,0,0,0,0,0,0,0,0,1,0,1,1,0,1,0,0,1,0,1,0,,0.5,97.0,1.32,85.7844,407.0,11.8,11.4,,,5.4,137.0,,47.0,111.0,149.0,0,1,26.0451,0,0,0,0,0,0,0,0,0,0,0,0,0,1,1,1,1
BQoc,0,1,82.0,4.0,True,False,False,False,False,False,0,1,0,0,0,0,0,1,1,0,0,0,1,0,1,0,1,0,0,0,3.0,1.7,105.0,1.36,51.0854,,5.0,8.2,7.95,6027.0,4.9,136.0,,20.0,70.0,129.0,0,1,22.1,0,0,0,0,0,1,0,0,0,0,0,0,0,0,0,1,0
Bgoc,0,0,31.0,0.0,False,False,False,False,False,False,0,1,0,1,0,0,0,1,1,0,0,0,0,0,0,0,1,0,0,0,,,,,,,,,,,,,,,60.0,94.0,0,1,25.24,0,1,1,1,1,1,1,1,1,1,1,0,0,1,1,1,1
Bgpc,0,0,34.0,0.0,False,False,True,False,False,False,0,0,0,0,0,0,1,0,1,1,1,1,0,1,1,0,1,0,0,0,,0.4,102.0,1.33,47.5315,184.0,7.9,13.7,,340.0,3.5,139.0,12.0,19.0,82.0,149.0,1,0,36.7,0,0,0,0,0,0,0,0,0,0,0,0,0,1,0,0,1
BAqc,0,0,54.0,1.0,False,False,False,False,False,False,0,1,0,0,0,1,1,1,1,1,0,1,1,1,1,0,1,0,0,0,,0.5,95.0,1.26,61.3444,193.0,8.3,13.7,,4429.0,5.4,130.0,,33.0,90.0,122.0,0,0,29.29,0,0,0,0,0,0,0,0,0,0,0,0,0,1,0,1,1
BArc,0,0,85.0,0.0,True,False,False,False,False,False,0,1,0,0,0,0,0,1,1,1,1,1,1,1,0,0,1,0,1,1,,0.2,94.0,0.77,82.0,321.0,7.9,11.7,,847.0,3.1,137.0,,23.0,58.0,118.0,0,0,32.58,0,0,0,0,0,0,0,0,0,0,0,0,0,1,0,1,1
Bwrc,0,0,65.0,1.0,False,False,False,False,False,False,0,0,0,0,0,0,0,1,1,0,0,0,1,0,1,1,1,0,0,0,,,,,,,,,,,,,,,60.0,106.0,1,0,33.64,0,1,1,1,1,1,1,1,1,1,1,0,0,1,1,1,1
BAsc,1,0,69.0,1.0,False,False,False,False,False,False,0,0,0,0,0,0,0,0,0,0,0,0,0,0,0,0,1,0,1,0,4.1,1.1,91.0,0.65,,,7.6,,,,3.2,139.0,,12.0,76.0,104.0,1,0,41.96,0,0,0,0,1,1,0,1,0,0,0,0,0,1,1,1,0
BQtc,0,0,84.0,2.0,True,False,False,False,False,False,0,0,0,0,0,0,0,0,1,1,0,0,0,0,0,0,0,0,0,0,,,,,,,,,,,,,,,70.0,122.0,1,0,27.34,0,1,1,1,1,1,1,1,1,1,1,0,0,1,1,1,1
Bwuc,0,1,88.0,1.0,False,False,False,False,False,False,0,0,0,0,0,0,0,1,1,1,0,0,0,0,1,0,0,0,1,0,,0.4,104.0,0.98,68.1998,97.0,,11.1,,1449.0,4.6,140.0,12.0,31.0,64.0,117.0,0,0,33.26,0,0,0,0,0,0,1,0,0,0,0,0,0,1,0,0,1
BQvc,1,0,80.0,1.0,False,True,False,False,False,False,0,0,0,0,0,0,0,1,1,0,0,0,0,0,1,0,1,0,0,0,3.9,0.7,104.0,0.9,85.7868,82.0,5.5,13.0,6.9,,4.4,143.0,,21.0,94.0,176.0,1,0,,1,0,0,0,0,0,0,0,0,0,0,0,0,0,1,1,0
BAwc,1,0,73.0,0.0,True,False,False,False,False,False,0,1,0,0,0,0,0,1,1,1,0,1,1,1,0,1,1,0,0,0,,0.4,103.0,1.28,68.148,220.0,9.2,15.3,,1553.0,3.7,143.0,,22.0,96.0,136.0,0,1,36.49,0,0,0,0,0,0,0,0,0,0,0,0,0,1,0,1,1
BAxc,0,0,40.0,0.0,False,False,False,False,False,False,0,1,0,0,0,1,1,1,1,1,1,1,1,1,0,0,1,0,0,0,,0.7,99.0,1.13,63.4354,185.0,,12.3,,,4.8,137.0,,21.0,77.0,181.0,0,0,,1,0,0,0,0,0,1,0,0,0,0,0,0,1,1,1,1
BQxc,0,0,65.0,0.0,False,False,False,False,False,False,0,0,0,0,0,0,0,0,1,0,0,1,1,0,1,0,1,0,0,0,,,,,,,,,,,,,,,67.0,94.0,0,0,37.13,0,1,1,1,1,1,1,1,1,1,1,0,0,1,1,1,1
BAyc,0,0,68.0,0.0,True,True,False,False,False,False,0,0,0,0,0,0,0,1,1,1,0,0,0,0,1,1,1,0,0,0,,0.5,106.0,1.2,57.6812,82.0,5.2,13.4,8.57,625.0,3.7,144.0,58.0,20.0,88.0,185.0,1,0,28.22,0,0,0,0,0,0,0,0,0,0,0,0,0,0,0,0,1
BQyc,0,0,73.0,0.0,False,False,False,False,False,False,0,0,0,0,0,0,1,1,0,0,0,1,0,1,0,0,1,1,0,0,,,108.0,0.95,68.7754,177.0,8.5,10.7,,1199.0,4.3,141.0,,20.0,60.0,130.0,0,1,,1,1,0,0,0,0,0,0,0,0,0,0,0,1,0,1,1
Bwyc,0,0,74.0,0.0,False,False,False,False,False,False,0,1,0,0,1,0,0,1,1,1,0,0,1,0,1,0,1,0,0,0,,0.5,104.0,1.2,75.635,86.0,5.8,14.9,10.0,538.0,5.2,139.0,,13.0,91.0,131.0,0,0,29.21,0,0,0,0,0,0,0,0,0,0,0,0,0,0,0,1,1
BAzc,0,0,62.0,0.0,False,True,False,False,False,False,0,0,0,0,1,0,0,0,0,0,0,0,0,0,0,0,0,0,0,0,,,,,,,,,,,,,,,73.0,114.0,1,0,30.27,0,1,1,1,1,1,1,1,1,1,1,0,0,1,1,1,1
Bgzc,0,0,76.0,0.0,False,False,False,True,False,False,0,0,0,0,0,0,1,1,0,0,1,0,0,1,0,0,0,0,0,0,,,,,,,,,,,,,,,85.0,130.0,0,1,35.02,0,1,1,1,1,1,1,1,1,1,1,0,0,1,1,1,1
BA0c,0,0,82.0,0.0,False,False,False,True,False,False,0,0,0,0,0,1,1,1,1,1,0,1,1,1,1,1,1,0,1,0,,0.4,103.0,0.74,109.019,114.0,12.5,12.3,,,4.2,141.0,28.0,18.0,78.0,156.0,0,1,36.13,0,0,0,0,0,0,0,0,0,0,0,0,0,1,1,0,1
Bw0c,0,0,72.0,2.0,True,False,False,True,True,False,0,0,0,0,0,0,0,0,0,0,0,0,0,0,0,0,0,0,1,0,,,,,,,,,,,,,,,82.0,130.0,1,0,,1,1,1,1,1,1,1,1,1,1,1,0,0,1,1,1,1
BQ1c,1,0,69.0,1.0,True,False,True,False,False,False,0,0,0,0,0,0,0,0,1,0,0,1,1,0,0,0,1,0,0,0,3.3,0.9,93.0,1.01,72.0135,149.0,6.2,13.9,7.6,1861.0,3.0,138.0,,20.0,78.0,173.0,1,0,41.6618,0,0,0,0,0,0,0,0,0,0,0,0,0,0,0,1,0
Bg1c,0,0,76.0,3.0,False,False,False,False,False,False,0,0,0,0,0,0,0,1,0,0,0,0,1,0,1,0,0,0,0,0,4.4,0.4,106.0,1.11,,143.0,5.4,16.4,7.2,45.0,4.7,142.0,,24.0,69.0,106.0,1,0,48.54,0,0,0,0,1,0,0,0,0,0,0,0,0,0,0,1,0
Bw1c,0,0,83.0,1.0,False,False,False,False,False,False,0,0,0,0,0,0,0,0,1,0,0,0,1,0,1,0,0,0,0,0,,0.4,98.0,1.14,,104.0,5.5,12.5,,1172.0,5.0,135.0,42.0,20.0,61.0,97.0,1,0,21.11,0,0,0,0,1,0,0,0,0,0,0,0,0,1,0,0,1
Bg2c,0,1,72.0,1.0,False,False,False,False,False,False,0,1,0,0,0,0,0,1,1,1,0,0,1,0,1,1,1,0,1,0,3.7,1.7,90.0,1.29,55.0,100.0,5.8,12.8,11.35,13124.0,4.3,130.0,,23.0,60.0,120.0,0,1,22.98,0,0,0,0,0,0,0,0,0,0,0,0,0,0,0,1,0
Bw2c,1,0,81.0,2.0,False,False,False,True,False,True,0,0,0,0,0,0,0,0,0,0,0,0,0,0,0,0,0,0,0,0,,,,,,,,,,,,,,,85.0,144.0,0,0,41.4695,0,1,1,1,1,1,1,1,1,1,1,0,0,1,1,1,1
BA3c,0,1,61.0,4.0,False,False,False,False,False,True,0,1,0,0,0,0,1,1,1,0,0,1,1,0,1,0,1,0,0,0,,,99.0,0.83,100.0,308.0,,11.7,,1028.0,4.7,135.0,,26.0,74.0,144.0,0,1,33.24,0,1,0,0,0,0,1,0,0,0,0,0,0,1,0,1,1
Bw3c,0,1,84.0,0.0,True,False,False,False,False,False,0,1,0,0,0,0,0,1,1,0,0,1,1,1,1,0,1,1,0,0,3.1,0.5,107.0,1.38,49.4533,,7.7,11.1,2.58,9745.0,4.1,135.0,,44.0,60.0,102.0,1,0,37.3,0,0,0,0,0,1,0,0,0,0,0,0,0,0,0,1,0
BA4c,0,0,79.0,3.0,True,False,False,False,False,False,0,0,0,0,0,0,0,1,1,0,0,0,1,0,1,0,0,0,0,0,,0.6,100.0,0.87,79.0,105.0,5.5,13.9,,10939.0,5.4,137.0,,24.0,71.0,105.0,0,0,22.54,0,0,0,0,0,0,0,0,0,0,0,0,0,1,0,1,1
BA5c,0,0,76.0,0.0,True,False,False,False,False,False,0,0,0,0,0,0,0,1,1,0,0,0,0,0,1,0,0,0,1,0,,0.5,104.0,0.83,,131.0,5.8,14.4,,913.0,4.4,137.0,10.0,25.0,84.0,128.0,0,1,19.88,0,0,0,0,1,0,0,0,0,0,0,0,0,1,0,0,1
BQ6c,1,0,82.0,4.0,True,False,False,False,False,False,0,0,0,0,0,0,0,0,0,0,0,0,0,0,0,0,0,0,0,0,4.2,0.5,105.0,0.68,,76.0,5.1,12.4,7.0,,4.2,138.0,,8.0,89.0,136.0,0,0,42.82,0,0,0,0,1,0,0,0,0,0,0,0,0,0,1,1,0
Bg6c,0,0,55.0,0.0,False,False,False,False,False,False,0,0,0,0,0,0,1,0,1,0,0,1,0,0,0,0,0,0,0,0,3.9,0.5,106.0,1.0,,148.0,8.4,,,,4.4,141.0,,15.0,64.0,146.0,0,0,37.37,0,0,0,0,1,0,0,1,0,0,0,0,0,1,1,1,0
BQ7c,0,0,56.0,4.0,True,False,False,False,False,False,0,0,0,0,0,0,0,1,1,0,0,0,0,0,0,0,1,0,0,0,,,,,,,,,,,,,,,68.0,120.0,0,1,,1,1,1,1,1,1,1,1,1,1,1,0,0,1,1,1,1
BA8c,0,0,82.0,1.0,False,False,False,False,False,False,0,1,0,0,1,1,1,1,1,0,1,1,0,1,0,0,1,0,1,0,4.6,0.5,101.0,1.53,44.7147,190.0,8.1,12.3,,1339.0,5.0,136.0,12.0,26.0,83.0,126.0,0,0,35.19,0,0,0,0,0,0,0,0,0,0,0,0,0,1,0,0,0
BA9c,0,0,81.0,0.0,False,False,False,False,False,False,0,0,0,0,0,0,0,1,1,0,0,0,1,0,0,1,1,0,1,0,,0.6,105.0,1.04,94.0293,154.0,4.8,12.1,,1892.0,4.0,139.0,23.0,12.0,80.0,139.0,0,1,41.64,0,0,0,0,0,0,0,0,0,0,0,0,0,1,0,0,1
BgAd,0,0,49.0,0.0,True,False,False,False,False,False,0,1,0,0,0,0,0,1,1,1,0,0,1,0,1,1,1,0,0,0,,0.6,104.0,0.99,73.896,112.0,5.3,13.1,,279.0,4.2,141.0,,25.0,65.0,131.0,0,0,24.41,0,0,0,0,0,0,0,0,0,0,0,0,0,1,0,1,1
BgBd,0,0,61.0,0.0,True,False,False,False,False,False,0,1,0,0,0,0,1,0,1,0,0,1,0,0,0,0,0,0,1,0,,0.3,104.0,0.92,89.0,387.0,14.3,13.3,,1592.0,3.4,134.0,,20.0,66.0,129.0,0,0,36.42,0,0,0,0,0,0,0,0,0,0,0,0,0,1,0,1,1
BwBd,1,0,51.0,4.0,False,False,False,False,False,False,0,0,0,0,0,0,0,0,0,0,0,0,0,0,0,0,0,0,0,0,,,,,,,,,,,,,,,86.0,164.0,1,0,33.98,0,1,1,1,1,1,1,1,1,1,1,0,0,1,1,1,1
BADd,0,0,64.0,1.0,False,False,False,False,False,False,0,0,0,0,0,0,0,1,1,0,0,0,0,0,1,0,1,0,0,0,,,,,,,,,,,,,,,60.0,118.0,0,1,25.51,0,1,1,1,1,1,1,1,1,1,1,0,0,1,1,1,1
BQDd,0,1,76.0,0.0,False,False,False,False,False,False,0,1,1,0,0,0,0,0,1,1,0,1,1,1,0,0,0,1,0,0,,,86.0,1.21,61.1701,320.0,,17.2,,,3.9,136.0,,27.0,78.0,100.0,0,0,38.65,0,1,0,0,0,0,1,0,0,0,0,0,0,1,1,1,1
BwDd,1,0,35.0,1.0,True,False,False,False,False,False,0,1,0,0,0,0,0,0,1,1,0,0,0,0,0,0,1,0,0,0,,,,,,,,,,,,,,,76.0,125.0,0,0,30.42,0,1,1,1,1,1,1,1,1,1,1,0,0,1,1,1,1
BAEd,0,0,88.0,0.0,False,False,False,False,False,False,0,0,0,1,0,0,0,1,1,1,0,0,1,0,0,0,1,0,0,0,,4.3,97.0,0.69,104.4858,93.0,,10.8,,2638.0,4.0,139.0,8.0,12.0,80.0,122.0,1,0,41.69,0,0,0,0,0,0,1,0,0,0,0,0,0,1,0,0,1
BQFd,1,1,72.0,0.0,True,False,False,True,False,True,0,1,0,0,0,0,1,1,1,1,1,1,0,0,0,0,1,0,0,0,,0.6,107.0,0.85,92.9065,139.0,6.7,13.9,,,4.3,139.0,,11.0,88.0,134.0,0,1,28.67,0,0,0,0,0,0,0,0,0,0,0,0,0,1,1,1,1
BwFd,0,1,83.0,1.0,False,False,True,False,False,False,0,1,0,0,0,0,0,0,0,0,0,0,0,0,0,0,0,0,0,0,,,,,,,,,,,,,,,53.0,132.0,0,0,19.72,0,1,1,1,1,1,1,1,1,1,1,0,0,1,1,1,1
BgGd,0,0,78.0,0.0,False,False,True,False,False,False,0,1,0,0,0,0,1,1,1,1,0,1,1,1,1,0,1,1,0,0,,0.6,104.0,0.76,124.7557,202.0,,11.5,,402.0,3.8,140.0,,16.0,69.0,120.0,0,1,33.8,0,0,0,0,0,0,1,0,0,0,0,0,0,1,0,1,1
BAHd,0,0,82.0,0.0,False,False,False,False,False,False,0,1,0,0,0,0,0,1,1,1,0,0,1,0,1,0,1,0,1,0,,2.3,103.0,0.83,66.6604,140.0,6.1,11.1,,1058.0,3.8,142.0,11.0,16.0,55.0,97.0,1,0,42.71,0,0,0,0,0,0,0,0,0,0,0,0,0,1,0,0,1
BwId,1,1,63.0,2.0,True,False,False,False,False,False,0,1,0,0,0,0,0,1,1,0,1,0,1,1,0,0,1,0,0,0,4.3,0.5,102.0,1.06,68.4827,96.0,,14.7,7.9,,4.6,141.0,,11.0,66.0,110.0,0,1,29.22,0,0,0,0,0,0,1,0,0,0,0,0,0,0,1,1,0
BAJd,0,1,63.0,7.0,True,False,False,False,False,False,0,0,0,0,0,0,0,1,1,0,0,0,1,0,1,0,1,0,1,0,,1.3,94.0,0.74,74.7687,77.0,,12.5,,5120.0,3.7,134.0,15.0,13.0,60.0,121.0,0,0,28.44,0,0,0,0,0,0,1,0,0,0,0,0,0,1,0,0,1
BgJd,1,0,57.0,0.0,False,False,False,False,False,True,0,1,0,0,1,0,1,1,1,1,0,1,1,1,1,0,1,1,0,0,4.7,0.4,103.0,1.65,42.2092,274.0,9.6,12.9,7.4,1740.0,5.1,138.0,,37.0,72.0,128.0,0,1,34.1434,0,0,0,0,0,0,0,0,0,0,0,0,0,0,0,1,0
BQLd,0,0,67.0,0.0,False,False,False,False,False,False,0,0,0,0,0,0,0,1,1,0,0,0,1,0,0,0,1,0,0,0,,,,,,,,,,,,,,,,,0,0,,1,1,1,1,1,1,1,1,1,1,1,1,1,1,1,1,1
BQNd,0,0,76.0,4.0,False,False,False,False,False,False,0,0,0,0,0,0,0,1,0,0,0,0,1,0,1,0,0,0,0,0,,0.7,96.0,1.63,42.8074,131.0,,15.1,,1686.0,5.3,136.0,102.0,30.0,82.0,140.0,1,0,25.95,0,0,0,0,0,0,1,0,0,0,0,0,0,1,0,0,1
BwNd,0,0,75.0,1.0,False,False,False,False,False,False,0,1,0,1,0,0,1,1,1,1,0,0,0,0,0,0,1,0,0,0,4.3,0.5,102.0,0.86,,313.0,,15.6,5.08,235.0,5.0,140.0,7.0,16.0,63.0,101.0,1,0,25.84,0,0,0,0,1,0,1,0,0,0,0,0,0,0,0,0,0
BAOd,1,0,71.0,1.0,False,False,False,False,False,False,0,0,0,0,0,0,0,1,0,0,0,0,1,0,1,1,1,0,0,0,3.6,0.9,111.0,1.2,59.1846,80.0,,,,,4.3,143.0,,39.0,82.0,140.0,1,0,45.164,0,0,0,0,0,0,1,1,0,0,0,0,0,1,1,1,0
BQOd,0,0,74.0,0.0,True,False,False,False,False,False,0,1,0,0,0,0,1,1,1,0,0,0,0,0,1,0,1,0,0,0,4.1,1.1,102.0,1.24,69.2592,,8.0,,,280.0,4.4,139.0,,15.0,76.0,128.0,0,1,25.93,0,0,0,0,0,1,0,1,0,0,0,0,0,1,0,1,0
BwPd,0,0,45.0,1.0,False,False,False,False,False,False,0,0,0,0,0,0,1,1,0,1,0,1,1,0,0,0,1,0,0,0,,0.2,114.0,0.7,103.0,74.0,7.2,12.2,,31.0,3.7,135.0,,13.0,77.0,154.0,0,0,,1,0,0,0,0,0,0,0,0,0,0,0,0,1,0,1,1
BAQd,0,0,76.0,5.0,True,False,False,False,False,False,0,0,0,0,0,0,0,1,0,0,0,0,0,1,0,0,1,0,0,0,,,,,,,,,,,,,,,68.0,104.0,0,0,27.73,0,1,1,1,1,1,1,1,1,1,1,0,0,1,1,1,1
BARd,1,0,72.0,0.0,False,False,True,False,False,False,0,0,0,0,0,0,1,1,1,1,0,1,1,1,0,1,1,1,0,0,,0.3,101.0,0.88,88.9466,191.0,,11.4,,1716.0,4.5,143.0,,12.0,89.0,197.0,1,0,45.08,0,0,0,0,0,0,1,0,0,0,0,0,0,1,0,1,1
BQRd,0,1,41.0,3.0,True,False,False,False,False,True,0,1,0,0,1,1,0,1,1,0,0,1,1,0,0,0,1,0,0,0,4.6,0.3,102.0,1.87,36.4176,93.0,6.3,11.0,,4999.0,4.1,139.0,41.0,50.0,85.0,123.0,0,0,21.82,0,0,0,0,0,0,0,0,0,0,0,0,0,1,0,0,0
BQSd,0,0,61.0,0.0,False,False,False,True,False,True,0,0,0,0,0,1,0,1,1,1,0,1,0,0,1,0,1,0,0,0,,0.4,103.0,0.52,121.9809,118.0,5.3,12.2,,,4.0,141.0,,11.0,78.0,151.0,0,1,33.6,0,0,0,0,0,0,0,0,0,0,0,0,0,1,1,1,1
BgSd,0,0,80.0,0.0,True,False,False,False,False,True,0,1,0,0,0,0,0,1,1,0,0,0,0,0,1,0,1,0,0,0,,0.6,96.0,0.8,,167.0,5.6,14.0,,8.0,4.2,134.0,,36.0,87.0,120.0,0,1,26.35,0,0,0,0,1,0,0,0,0,0,0,0,0,1,0,1,1
BQVd,0,0,67.0,1.0,False,False,False,False,False,False,0,0,0,0,0,0,0,0,1,0,0,0,0,0,1,0,0,0,0,0,4.2,0.3,105.0,1.09,48.2975,,,12.9,4.87,881.5,4.6,142.0,,22.0,72.0,132.0,1,0,20.5485,0,0,0,0,0,1,1,0,0,0,0,0,0,0,0,1,0
BwVd,0,0,60.0,0.0,False,False,False,False,False,False,0,1,0,0,0,0,1,1,1,0,0,1,0,0,0,0,1,0,1,0,4.2,1.0,101.0,1.45,46.8265,316.0,8.5,12.7,8.7,233.0,4.2,136.0,,25.0,84.0,133.0,0,0,35.86,0,0,0,0,0,0,0,0,0,0,0,0,0,0,0,1,0
BQXd,0,0,86.0,4.0,False,False,False,False,False,False,0,1,0,1,0,0,0,1,1,1,0,0,1,0,1,0,1,0,0,0,,1.0,107.0,1.61,49.9219,98.0,6.2,13.2,,10999.0,3.6,148.0,58.0,24.0,61.0,136.0,0,0,30.6,0,0,0,0,0,0,0,0,0,0,0,0,0,1,0,0,1
BwXd,0,0,60.0,1.0,False,False,False,True,False,True,0,0,0,0,0,0,1,0,0,0,0,0,1,0,0,0,0,0,0,0,,,,,,,,,,,,,,,62.0,120.0,1,0,40.1234,0,1,1,1,1,1,1,1,1,1,1,0,0,1,1,1,1
BAYd,0,1,82.0,4.0,False,False,False,False,False,False,0,1,0,1,1,0,0,1,1,1,0,0,1,0,1,1,1,0,0,0,,1.4,100.0,1.01,70.2068,116.0,,14.3,,1938.0,4.2,138.0,21.0,27.0,70.0,144.0,0,1,27.43,0,0,0,0,0,0,1,0,0,0,0,0,0,1,0,0,1
BQZd,0,0,80.0,0.0,False,False,False,False,False,False,0,0,0,0,0,0,0,1,1,0,0,1,1,0,1,0,1,0,1,0,,0.6,99.0,0.85,92.9065,289.0,7.9,11.4,,5237.0,4.6,132.0,52.0,15.0,62.0,81.0,0,1,22.7,0,0,0,0,0,0,0,0,0,0,0,0,0,1,0,0,1
BgZd,0,1,64.0,5.0,False,False,False,False,False,False,0,0,0,0,1,0,0,0,1,1,0,0,0,0,1,0,1,0,1,0,3.8,0.4,107.0,1.05,66.9703,91.0,,7.8,,,3.6,142.0,,10.0,78.0,144.0,1,0,24.62,0,0,0,0,0,0,1,0,0,0,0,0,0,1,1,1,0
BAad,0,1,64.0,0.0,False,False,False,False,False,False,0,0,0,0,0,0,0,1,1,0,0,0,1,0,1,0,0,0,1,0,,0.5,93.0,0.75,87.0,96.0,4.6,9.7,,32779.0,3.8,134.0,,24.0,88.0,145.0,0,1,17.14,0,0,0,0,0,0,0,0,0,0,0,0,0,1,0,1,1
Bwad,0,0,62.0,0.0,False,False,False,False,False,False,0,1,0,0,0,0,1,1,1,1,1,1,1,1,1,0,1,1,1,0,,0.4,105.0,0.56,148.3225,160.0,7.3,8.9,,68.0,3.9,139.0,,15.0,59.0,108.0,0,1,22.62,0,0,0,0,0,0,0,0,0,0,0,0,0,1,0,1,1
BQbd,0,0,68.0,4.0,False,False,False,False,False,False,0,1,0,0,0,0,0,1,1,1,0,0,1,0,1,0,0,0,1,0,,0.9,99.0,1.26,60.0982,105.0,5.6,11.4,,873.0,4.7,140.0,,23.0,73.0,131.0,0,0,46.96,0,0,0,0,0,0,0,0,0,0,0,0,0,1,0,1,1
Bgbd,0,0,77.0,3.0,False,False,False,False,False,False,1,0,0,0,0,0,0,0,0,0,0,0,0,0,0,0,0,0,0,0,,,,,,,,,,,,,,,72.0,120.0,0,0,31.75,0,1,1,1,1,1,1,1,1,1,1,0,0,1,1,1,1
BAcd,1,0,82.0,5.0,False,False,False,False,False,False,0,0,0,0,0,0,0,1,0,0,0,0,0,1,0,0,1,0,1,0,3.4,1.0,104.0,0.93,71.0412,,5.5,11.6,4.52,,4.0,140.0,,13.0,70.0,118.0,1,0,37.64,0,0,0,0,0,1,0,0,0,0,0,0,0,0,1,1,0
Bgdd,0,0,66.0,0.0,False,False,False,False,False,False,0,0,0,0,0,0,0,1,1,1,0,0,1,0,1,0,1,0,0,0,3.5,1.1,102.0,0.82,,,5.4,14.8,10.83,4593.0,4.3,137.0,,15.0,,,0,1,20.99,0,0,0,0,1,1,0,0,0,0,0,1,1,0,0,1,0
BAgd,0,0,70.0,5.0,False,False,False,False,False,False,0,0,0,0,0,0,0,1,1,1,0,0,1,0,1,1,1,0,0,0,,0.5,97.0,1.28,71.0,138.0,6.5,17.3,,1407.0,5.5,138.0,,22.0,64.0,105.0,0,0,41.25,0,0,0,0,0,0,0,0,0,0,0,0,0,1,0,1,1
Bwid,0,0,54.0,0.0,True,False,True,False,False,False,0,1,0,0,0,0,0,1,1,1,0,0,0,0,1,0,1,0,0,0,,0.4,104.0,0.87,83.399,92.0,5.7,16.1,,,4.4,137.0,259.0,16.0,81.0,128.0,0,1,27.92,0,0,0,0,0,0,0,0,0,0,0,0,0,1,1,0,1
BAkd,0,0,70.0,0.0,False,False,False,False,False,False,0,1,0,0,0,0,1,1,1,0,0,1,0,0,0,0,1,0,0,0,,0.3,101.0,0.73,108.8699,133.0,6.5,11.8,,1470.0,3.7,136.0,128.0,18.0,90.0,118.0,0,1,37.38,0,0,0,0,0,0,0,0,0,0,0,0,0,1,0,0,1
BAld,1,0,66.0,0.0,False,False,False,False,False,False,0,0,0,0,0,0,1,0,1,1,0,1,1,1,0,0,0,0,0,0,,0.4,102.0,0.72,94.0,111.0,6.8,12.4,,2961.0,4.8,142.0,,13.0,71.0,123.0,0,0,38.45,0,0,0,0,0,0,0,0,0,0,0,0,0,1,0,1,1
BQld,1,1,70.0,2.0,False,False,False,False,False,False,0,1,0,0,1,0,1,1,1,1,0,0,1,1,0,0,1,0,0,0,4.5,0.7,103.0,1.02,71.1993,151.0,7.5,15.0,7.4,,5.1,139.0,,19.0,64.0,110.0,0,1,35.09,0,0,0,0,0,0,0,0,0,0,0,0,0,0,1,1,0
BQmd,0,0,73.0,0.0,False,False,False,False,False,False,0,1,0,0,0,0,0,0,1,1,1,0,0,0,0,1,1,0,1,0,4.4,0.3,106.0,1.24,55.9509,94.0,5.2,12.3,6.8,112.0,3.8,143.0,,34.0,72.0,122.0,1,0,24.87,0,0,0,0,0,0,0,0,0,0,0,0,0,0,0,1,0
BQnd,1,1,76.0,3.0,False,False,False,False,False,False,0,1,0,0,0,0,0,1,1,0,0,0,0,0,0,0,1,0,1,0,,0.4,99.0,0.92,61.4577,82.0,5.1,11.7,,,4.1,139.0,,14.0,76.0,123.0,1,0,31.24,0,0,0,0,0,0,0,0,0,0,0,0,0,1,1,1,1
Bgnd,0,0,46.0,0.0,False,False,False,False,False,False,0,0,0,0,0,0,0,1,1,0,0,0,0,0,1,0,0,0,0,0,,,,,,,,,,,,,,,84.0,125.0,0,1,43.47,0,1,1,1,1,1,1,1,1,1,1,0,0,1,1,1,1
Bwnd,1,0,59.0,0.0,True,False,False,False,False,False,0,1,0,0,0,0,1,1,1,0,1,1,1,1,1,1,1,0,0,0,,0.5,95.0,1.15,61.9948,235.0,9.6,13.2,,288.0,5.0,135.0,,21.0,712.0,140.0,0,1,37.78,0,0,0,0,0,0,0,0,0,0,0,0,0,1,0,1,1
Bwpd,1,0,58.0,2.0,False,False,False,True,False,False,0,1,1,0,1,0,1,1,0,1,0,1,0,1,0,0,0,0,0,1,5.2,0.5,101.0,1.23,43.8198,247.0,9.2,16.3,6.1,,4.6,140.0,,22.0,80.0,157.0,1,0,23.63,0,0,0,0,0,0,0,0,0,0,0,0,0,0,1,1,0
BAqd,0,0,58.0,0.0,False,False,False,False,False,False,0,1,0,0,0,0,0,1,0,0,0,0,0,0,1,0,0,0,0,0,,,105.0,1.01,72.0135,100.0,,13.8,,,5.1,142.0,,17.0,58.0,126.0,0,0,32.1,0,1,0,0,0,0,1,0,0,0,0,0,0,1,1,1,1
BAsd,0,1,71.0,6.0,False,False,False,False,False,False,0,1,0,0,1,1,1,1,1,0,0,1,0,0,1,1,1,0,0,0,,,101.0,0.84,67.0299,103.0,7.0,9.6,5.6,,3.8,137.0,,13.0,60.0,118.0,0,1,33.98,0,1,0,0,0,0,0,0,0,0,0,0,0,0,1,1,1
Bwsd,1,0,70.0,2.0,True,False,False,False,False,False,0,0,0,0,1,0,1,1,0,1,0,0,1,1,0,0,1,1,0,0,,0.3,101.0,1.06,68.4827,135.0,7.4,11.6,,,4.3,141.0,,13.0,85.0,170.0,1,0,43.79,0,0,0,0,0,0,0,0,0,0,0,0,0,1,1,1,1
BAud,0,0,82.0,1.0,True,False,False,False,False,False,0,1,0,0,0,0,0,1,0,0,0,0,0,0,0,0,1,0,0,0,,,,,,,,,,,,,,,86.0,138.0,0,1,29.09,0,1,1,1,1,1,1,1,1,1,1,0,0,1,1,1,1
BQud,0,0,36.0,2.0,False,False,False,False,False,False,0,0,0,0,0,0,0,0,1,0,0,0,0,0,0,0,1,0,0,0,3.7,0.3,106.0,1.04,71.2342,,5.9,12.0,7.13,,5.1,138.0,,19.0,68.0,102.0,0,1,33.43,0,0,0,0,0,1,0,0,0,0,0,0,0,0,1,1,0
Bgvd,0,0,71.0,0.0,True,False,True,False,False,False,0,0,0,1,0,0,0,0,1,0,0,0,1,0,1,0,0,0,1,0,,0.2,102.0,0.91,65.9806,86.0,5.1,11.2,10.7,521.0,3.7,140.0,,10.0,49.0,84.0,1,0,31.88,0,0,0,0,0,0,0,0,0,0,0,0,0,0,0,1,1
BQwd,0,0,84.0,1.0,False,False,False,False,False,False,0,1,0,1,0,0,0,1,1,1,0,0,1,0,1,0,1,0,1,0,3.7,0.4,105.0,0.62,94.8891,95.0,4.6,11.2,5.93,283.0,4.2,141.0,,20.0,81.0,147.0,1,0,42.96,0,0,0,0,0,0,0,0,0,0,0,0,0,0,0,1,0
Bwwd,0,0,58.0,0.0,False,False,False,False,False,False,0,1,0,0,0,0,0,1,1,0,0,0,0,0,1,0,1,0,0,0,,0.8,101.0,0.99,76.1063,140.0,5.7,16.4,,94.0,3.7,138.0,,11.0,65.0,86.0,0,0,38.4,0,0,0,0,0,0,0,0,0,0,0,0,0,1,0,1,1
BQxd,0,0,63.0,4.0,False,False,False,False,False,False,0,0,0,0,0,0,0,1,1,1,0,1,0,0,0,0,1,0,0,0,,0.3,100.0,1.11,64.7562,90.0,6.8,11.8,,,3.9,139.0,,17.0,85.0,173.0,1,0,,1,0,0,0,0,0,0,0,0,0,0,0,0,1,1,1,1
Bwyd,0,1,83.0,0.0,False,False,False,False,False,True,0,0,0,1,0,0,0,1,1,0,0,0,1,0,0,1,0,0,0,0,,,,,,,,,,,,,,,70.0,120.0,0,1,34.88,0,1,1,1,1,1,1,1,1,1,1,0,0,1,1,1,1
BQzd,0,1,85.0,2.0,True,False,False,False,False,False,0,0,0,0,0,0,0,1,1,1,0,1,1,0,1,0,0,0,1,0,,0.7,96.0,0.69,96.0,119.0,5.6,9.5,,3806.0,4.3,130.0,,14.0,61.0,90.0,0,0,16.14,0,0,0,0,0,0,0,0,0,0,0,0,0,1,0,1,1
Bwzd,0,0,80.0,5.0,True,False,False,False,False,False,0,1,0,0,0,0,0,0,1,0,0,0,0,0,0,0,1,0,0,0,,0.3,101.0,0.93,63.3088,98.0,,13.7,,,4.0,140.0,,21.0,104.0,154.0,1,0,30.28,0,0,0,0,0,0,1,0,0,0,0,0,0,1,1,1,1
BQ0d,1,0,84.0,5.0,False,False,False,False,False,False,0,1,0,0,1,0,1,1,0,1,1,0,0,1,0,0,1,1,0,0,4.7,0.4,99.0,1.78,44.247,285.0,11.5,,,,5.2,140.0,,25.0,74.0,136.0,0,0,24.63,0,0,0,0,0,0,0,1,0,0,0,0,0,1,1,1,0
BQ1d,0,0,74.0,4.0,False,False,True,False,False,False,0,0,0,0,0,0,0,1,1,0,0,0,0,0,1,0,1,0,0,0,4.7,0.9,106.0,1.14,66.9413,108.0,,,,167.0,4.8,141.0,,18.0,68.0,113.0,0,1,26.11,0,0,0,0,0,0,1,1,0,0,0,0,0,1,0,1,0
Bg1d,1,0,50.0,0.0,False,False,False,False,False,False,0,0,0,0,0,0,1,1,0,0,0,0,0,1,0,0,1,0,0,0,4.1,0.4,105.0,0.88,64.0938,102.0,,14.7,7.6,,4.4,141.0,,16.0,83.0,151.0,0,0,31.5388,0,0,0,0,0,0,1,0,0,0,0,0,0,0,1,1,0
BA2d,0,0,62.0,5.0,False,False,False,False,False,False,0,0,0,0,0,0,0,1,1,0,0,0,1,0,1,0,1,0,0,0,,0.9,101.0,0.94,,97.0,6.7,13.8,,436.0,4.2,140.0,15.0,15.0,72.0,118.0,0,0,47.75,0,0,0,0,1,0,0,0,0,0,0,0,0,1,0,0,1
BQ2d,0,0,80.0,0.0,True,False,False,False,False,False,0,1,0,0,0,0,0,1,1,1,0,0,0,0,0,0,1,0,0,0,,0.6,100.0,0.56,112.0,114.0,5.6,14.4,,1344.0,3.9,138.0,,8.0,92.0,175.0,0,1,26.91,0,0,0,0,0,0,0,0,0,0,0,0,0,1,0,1,1
Bg3d,0,1,55.0,0.0,False,False,False,False,False,False,0,1,0,0,0,0,0,1,1,1,0,0,0,0,1,0,0,0,0,0,,,107.0,1.18,59.2466,109.0,,14.2,,,4.8,145.0,,18.0,41.0,110.0,0,0,33.57,0,1,0,0,0,0,1,0,0,0,0,0,0,1,1,1,1
Bw3d,1,0,41.0,0.0,False,False,False,True,True,False,0,1,0,0,0,0,1,1,1,1,0,1,1,1,0,0,1,0,0,0,,1.2,104.0,0.71,89.0,218.0,7.7,12.4,5.6,2074.0,3.9,141.0,,11.0,97.0,148.0,1,0,30.23,0,0,0,0,0,0,0,0,0,0,0,0,0,0,0,1,1
Bw4d,0,0,87.0,3.0,False,False,False,False,False,False,0,1,0,0,0,0,0,1,1,0,0,0,0,0,1,0,1,0,0,0,4.5,0.5,102.0,1.0,70.6831,100.0,,12.5,6.0,,4.8,143.0,,25.0,53.0,122.0,1,0,23.0,0,0,0,0,0,0,1,0,0,0,0,0,0,0,1,1,0
BA5d,0,0,82.0,0.0,False,False,False,False,False,False,0,0,0,0,0,0,0,1,1,0,0,0,0,0,1,0,0,0,0,0,,,,,,,,,,,,,,,71.0,107.0,0,1,28.03,0,1,1,1,1,1,1,1,1,1,1,0,0,1,1,1,1
Bw6d,0,0,71.0,1.0,False,False,False,False,False,False,0,0,0,1,0,0,0,1,1,1,0,0,1,0,1,0,1,0,0,0,,0.7,101.0,0.84,65.5735,103.0,,9.4,,894.0,4.6,141.0,,13.0,73.0,144.0,1,0,34.33,0,0,0,0,0,0,1,0,0,0,0,0,0,1,0,1,1
BA7d,0,0,87.0,1.0,True,False,False,False,False,False,1,0,0,0,0,0,0,1,1,0,0,0,0,1,0,0,1,0,1,0,,0.7,106.0,0.95,78.3773,132.0,,11.1,,175.0,5.0,141.0,42.0,17.0,82.0,136.0,0,0,33.53,0,0,0,0,0,0,1,0,0,0,0,0,0,1,0,0,1
Bw8d,0,1,80.0,2.0,False,False,False,False,False,False,0,1,0,0,0,0,0,1,1,0,0,0,1,0,1,0,1,0,0,0,,0.4,103.0,0.66,95.1872,95.0,5.5,9.7,,1960.0,4.1,136.0,,13.0,92.0,132.0,0,1,28.97,0,0,0,0,0,0,0,0,0,0,0,0,0,1,0,1,1
BA9d,1,0,82.0,0.0,True,False,False,False,False,False,0,1,0,0,0,0,1,1,1,1,0,1,1,0,0,1,1,0,1,0,,1.4,96.0,0.81,69.9029,138.0,6.6,10.5,,1767.0,3.8,137.0,,20.0,76.0,134.0,0,1,37.54,0,0,0,0,0,0,0,0,0,0,0,0,0,1,0,1,1
Bg9d,0,0,70.0,0.0,True,False,False,False,False,True,0,1,0,0,0,0,1,1,1,0,1,1,1,1,1,1,1,1,0,0,,0.3,102.0,0.91,82.8524,157.0,6.6,8.3,,,5.4,136.0,,37.0,78.0,118.0,0,1,19.47,0,0,0,0,0,0,0,0,0,0,0,0,0,1,1,1,1
Bw_d,0,1,88.0,0.0,False,False,False,False,False,False,0,0,0,0,0,0,0,0,1,0,0,0,1,0,1,0,1,0,0,0,,0.5,105.0,0.5,216.0197,115.0,5.2,11.9,,9258.0,4.6,139.0,70.0,8.0,73.0,110.0,0,1,22.2,0,0,0,0,0,0,0,0,0,0,0,0,0,1,0,0,1
BA#d,0,0,77.0,1.0,True,False,False,True,False,True,0,0,0,0,0,0,0,0,0,0,0,0,0,0,0,0,0,0,0,0,,,,,,,,,,,,,,,55.0,95.0,0,0,23.86,0,1,1,1,1,1,1,1,1,1,1,0,0,1,1,1,1
BQAe,0,0,78.0,2.0,False,False,False,False,False,False,0,0,0,0,0,0,0,0,0,0,0,0,0,0,0,0,1,0,0,0,,,,,,,,,,,,,,,64.0,104.0,1,0,27.86,0,1,1,1,1,1,1,1,1,1,1,0,0,1,1,1,1
BABe,0,0,67.0,2.0,True,False,False,False,False,False,0,0,0,0,0,0,1,1,0,0,1,0,0,1,0,0,0,0,0,0,4.2,1.3,102.0,1.17,61.2792,144.0,7.6,13.4,8.1,,4.2,140.0,,16.0,69.0,139.0,0,0,38.27,0,0,0,0,0,0,0,0,0,0,0,0,0,0,1,1,0
BgBe,0,0,81.0,5.0,False,False,False,False,False,False,0,1,0,0,0,0,0,1,1,0,0,0,0,0,1,0,1,0,0,0,4.4,0.7,103.0,0.97,88.0,112.0,5.8,13.8,,4479.0,4.2,139.0,,15.0,71.0,126.0,0,1,32.88,0,0,0,0,0,0,0,0,0,0,0,0,0,1,0,1,0
BQCe,0,1,86.0,0.0,True,False,False,False,False,False,0,0,0,0,0,0,0,0,0,0,0,0,1,0,0,0,0,0,0,0,,,,,,,,,,,,,,,62.0,103.0,0,0,32.36,0,1,1,1,1,1,1,1,1,1,1,0,0,1,1,1,1
BwCe,0,0,80.0,2.0,False,False,False,False,False,False,0,1,0,0,0,0,0,1,1,0,0,0,1,0,1,0,1,0,0,0,,0.9,98.0,1.15,66.5219,113.0,,15.7,,1263.0,4.0,139.0,,33.0,93.0,141.0,0,0,34.28,0,0,0,0,0,0,1,0,0,0,0,0,0,1,0,1,1
BwDe,0,0,70.0,3.0,False,False,False,False,False,False,0,1,0,0,0,0,0,0,1,0,0,0,1,0,0,0,1,0,0,0,4.1,1.0,103.0,1.18,59.2466,97.0,5.8,15.1,7.6,2034.0,4.4,141.0,,25.0,76.0,118.0,1,0,28.14,0,0,0,0,0,0,0,0,0,0,0,0,0,0,0,1,0
BAEe,0,0,66.0,2.0,False,False,False,False,False,False,0,0,0,0,0,0,0,0,1,0,0,0,0,0,0,0,0,0,0,0,,,,,,,,,,,,,,,70.0,130.0,0,1,36.15,0,1,1,1,1,1,1,1,1,1,1,0,0,1,1,1,1
BgEe,1,0,78.0,0.0,False,False,False,False,False,False,0,1,0,0,0,0,1,1,1,1,0,1,0,1,0,0,1,0,1,0,,0.7,106.0,1.6,48.4759,311.0,7.2,13.6,,,4.3,137.0,,36.0,51.0,92.0,0,1,,1,0,0,0,0,0,0,0,0,0,0,0,0,1,1,1,1
BwEe,0,0,57.0,5.0,True,False,False,False,False,False,0,1,0,0,1,0,0,1,1,0,0,0,1,0,1,0,1,0,0,0,4.1,0.6,107.0,2.03,31.2957,98.0,6.7,10.9,4.6,1623.0,5.0,142.0,66.0,47.0,58.0,97.0,0,1,27.18,0,0,0,0,0,0,0,0,0,0,0,0,0,0,0,0,0
BAFe,0,0,,,True,False,False,False,False,False,0,0,0,0,0,0,0,0,1,0,0,0,0,0,0,1,0,0,0,0,,0.8,100.0,1.5,75.9583,91.0,,15.0,,,4.3,137.0,13.0,21.0,56.0,133.0,0,0,29.38,0,0,0,0,0,0,1,0,0,0,0,0,0,1,1,0,1
BAGe,0,0,84.0,0.0,True,False,False,False,False,False,0,0,0,0,0,0,1,1,1,0,0,1,0,0,1,0,1,0,0,0,,1.4,100.0,0.78,102.0,76.0,7.6,12.8,,292.0,4.2,140.0,,19.0,62.0,132.0,0,1,28.25,0,0,0,0,0,0,0,0,0,0,0,0,0,1,0,1,1
BgHe,0,0,54.0,2.0,True,False,False,False,False,False,0,1,0,1,0,0,1,0,1,0,0,1,0,1,0,0,1,0,0,0,,0.6,100.0,0.96,57.2922,206.0,8.9,9.1,,3099.0,4.3,139.0,,25.0,74.0,117.0,1,0,25.42,0,0,0,0,0,0,0,0,0,0,0,0,0,1,0,1,1
BQIe,0,0,66.0,0.0,False,True,False,False,False,False,0,0,0,0,0,0,0,0,0,0,0,0,1,0,0,0,0,0,0,0,4.1,0.5,99.0,1.44,46.2975,206.0,,13.2,4.8,,5.3,138.0,,35.0,80.0,136.0,0,0,22.31,0,0,0,0,0,0,1,0,0,0,0,0,0,0,1,1,0
BwIe,0,0,76.0,2.0,True,False,False,False,False,False,0,1,0,0,0,0,1,1,1,0,0,0,0,0,0,0,1,0,0,0,,,105.0,0.47,130.6278,218.0,8.1,,,,4.3,141.0,,13.0,78.0,169.0,0,1,17.93,0,1,0,0,0,0,0,1,0,0,0,0,0,1,1,1,1
BQJe,0,1,74.0,4.0,True,False,False,False,False,False,0,1,0,0,1,0,1,1,1,0,0,1,0,1,0,0,1,0,0,0,3.7,0.8,104.0,1.14,62.7937,202.0,7.4,12.3,5.0,,4.5,141.0,,17.0,60.0,120.0,0,0,40.29,0,0,0,0,0,0,0,0,0,0,0,0,0,0,1,1,0
BwJe,0,1,79.0,2.0,False,False,False,False,False,False,0,1,0,0,0,0,0,1,1,1,0,0,0,0,1,0,1,0,0,0,,,101.0,1.11,65.3025,90.0,,15.7,,,4.1,137.0,,19.0,82.0,144.0,0,0,25.16,0,1,0,0,0,0,1,0,0,0,0,0,0,1,1,1,1
BwKe,0,1,72.0,0.0,False,False,False,False,False,False,0,1,0,0,0,0,1,1,1,1,1,1,0,1,0,0,1,0,1,0,,,102.0,1.01,78.1916,203.0,7.9,13.9,,196.0,4.5,139.0,,20.0,54.0,93.0,0,1,30.3,0,1,0,0,0,0,0,0,0,0,0,0,0,1,0,1,1
BALe,0,0,69.0,0.0,False,False,False,False,False,False,0,1,0,0,0,0,0,1,1,1,0,0,1,0,1,0,1,0,1,0,,0.5,98.0,1.19,44.2205,97.0,5.3,8.3,,765.0,3.6,137.0,20.0,23.0,84.0,143.0,1,0,40.58,0,0,0,0,0,0,0,0,0,0,0,0,0,1,0,0,1
BQMe,0,0,52.0,2.0,True,False,False,False,False,False,0,0,0,0,0,0,0,1,0,0,0,1,0,0,0,0,1,0,0,0,,,105.0,1.72,41.8033,223.0,9.5,14.5,,,5.1,143.0,20.0,51.0,75.0,128.0,0,0,37.87,0,1,0,0,0,0,0,0,0,0,0,0,0,1,1,0,1
BQNe,0,0,28.0,0.0,True,False,False,False,False,False,0,1,0,0,1,0,0,1,1,1,0,1,1,0,1,1,1,0,1,0,,0.2,108.0,1.35,52.5574,99.0,5.3,10.0,9.3,1226.0,4.9,142.0,,25.0,79.0,121.0,0,1,26.6,0,0,0,0,0,0,0,0,0,0,0,0,0,0,0,1,1
BgOe,0,0,78.0,0.0,False,False,False,False,False,True,0,0,0,0,0,0,1,1,0,0,0,0,0,1,0,0,1,0,1,0,,0.3,103.0,0.68,86.8371,186.0,6.4,12.4,,,3.7,141.0,,16.0,72.0,102.0,0,0,19.16,0,0,0,0,0,0,0,0,0,0,0,0,0,1,1,1,1
BwOe,1,0,69.0,1.0,False,False,False,False,False,False,0,1,0,0,0,0,1,1,1,1,0,1,0,1,0,0,1,1,1,0,,0.3,98.0,0.6,139.8807,249.0,9.6,14.7,,68.0,4.5,132.0,,13.0,81.0,160.0,1,0,33.6013,0,0,0,0,0,0,0,0,0,0,0,0,0,1,0,1,1
BAPe,0,1,66.0,0.0,True,False,False,False,False,False,0,0,0,0,0,0,0,0,1,1,0,0,1,0,1,0,0,0,1,0,,0.9,99.0,1.38,36.337,99.0,,13.4,,2701.0,3.9,141.0,14.0,40.0,66.0,114.0,1,0,25.27,0,0,0,0,0,0,1,0,0,0,0,0,0,1,0,0,1
BwPe,0,1,84.0,0.0,False,False,False,False,False,False,0,1,0,0,1,0,1,1,1,1,0,1,0,0,1,1,1,0,0,0,,0.4,103.0,1.23,60.4382,199.0,8.5,15.5,,387.0,4.4,137.0,861.0,13.0,82.0,122.0,0,0,35.72,0,0,0,0,0,0,0,0,0,0,0,0,0,1,0,0,1
BQQe,1,0,78.0,3.0,True,False,False,False,False,False,0,1,0,0,0,0,0,0,0,1,0,0,0,0,0,0,0,0,1,0,,,107.0,0.78,76.3981,100.0,,13.2,,,4.1,141.0,,17.0,90.0,126.0,1,0,32.26,0,1,0,0,0,0,1,0,0,0,0,0,0,1,1,1,1
BARe,0,1,70.0,0.0,False,False,False,False,False,False,0,0,0,0,0,0,0,1,1,0,0,1,1,1,1,0,1,0,1,0,,,102.0,1.46,47.5959,132.0,,,,,4.3,143.0,,21.0,68.0,118.0,1,0,38.65,0,1,0,0,0,0,1,1,0,0,0,0,0,1,1,1,1
BwSe,0,0,75.0,2.0,True,False,False,False,False,False,0,1,0,0,0,0,0,1,1,0,0,0,1,0,1,0,1,0,0,0,,0.6,104.0,0.95,78.3773,97.0,5.5,12.6,,,5.2,140.0,,20.0,55.0,94.0,0,0,21.34,0,0,0,0,0,0,0,0,0,0,0,0,0,1,1,1,1
BQTe,0,0,76.0,0.0,False,False,False,False,False,False,0,1,0,0,0,0,0,1,1,1,0,0,0,0,1,0,1,0,0,0,,,106.0,0.97,95.0497,101.0,5.1,12.3,,436.0,4.3,140.0,,13.0,71.0,134.0,0,1,31.3,0,1,0,0,0,0,0,0,0,0,0,0,0,1,0,1,1
BwTe,0,0,44.0,0.0,True,False,False,False,False,False,0,0,0,0,0,0,0,1,1,0,0,0,1,0,1,0,0,0,0,0,,,101.0,1.02,73.7645,98.0,6.1,14.6,,1356.0,4.1,140.0,20.0,18.0,84.0,134.0,1,0,41.17,0,1,0,0,0,0,0,0,0,0,0,0,0,1,0,0,1
BAUe,0,1,55.0,0.0,True,False,True,False,False,False,0,0,0,0,0,0,0,1,0,0,0,0,0,0,1,0,1,0,0,0,,1.0,101.0,0.73,107.4969,101.0,5.7,14.8,,,3.9,138.0,,17.0,87.0,128.0,0,1,32.71,0,0,0,0,0,0,0,0,0,0,0,0,0,1,1,1,1
BQUe,0,0,86.0,1.0,False,False,False,False,False,False,1,0,0,0,0,0,0,1,1,1,0,1,1,1,0,1,1,0,0,0,3.6,0.5,99.0,1.11,64.2359,,7.0,10.8,16.36,375.5,4.1,133.0,,25.0,65.0,110.0,1,0,22.5,0,0,0,0,0,1,0,0,0,0,0,0,0,0,0,1,0
BAVe,0,0,49.0,5.0,False,False,False,False,False,False,0,0,0,0,0,0,0,1,1,0,0,0,0,0,0,0,1,0,0,0,,,,,,,,,,,,,,,80.0,130.0,0,0,28.89,0,1,1,1,1,1,1,1,1,1,1,0,0,1,1,1,1
BQWe,0,0,86.0,0.0,True,False,False,False,False,False,0,0,1,0,0,0,0,0,1,0,0,0,1,0,0,0,0,0,1,0,3.5,0.5,103.0,0.55,119.5257,92.0,5.3,13.0,2.1,41.0,4.0,140.0,,16.0,63.0,100.0,0,0,35.19,0,0,0,0,0,0,0,0,0,0,0,0,0,0,0,1,0
BwWe,0,0,81.0,0.0,False,False,False,False,False,False,0,0,0,0,0,0,0,1,1,1,1,1,1,0,1,1,1,0,1,0,,0.5,98.0,1.24,56.8319,109.0,5.4,9.5,,150.0,4.6,140.0,86.0,28.0,76.0,157.0,0,0,22.83,0,0,0,0,0,0,0,0,0,0,0,0,0,1,0,0,1
BQXe,0,1,58.0,0.0,True,False,False,False,False,False,0,1,1,0,0,0,0,1,1,1,0,0,1,0,1,0,1,0,0,0,,0.8,103.0,0.82,101.1479,105.0,5.8,15.0,,,3.9,139.0,,10.0,51.0,104.0,0,1,34.3,0,0,0,0,0,0,0,0,0,0,0,0,0,1,1,1,1
BgXe,0,1,79.0,1.0,False,False,False,False,False,False,1,0,0,1,0,0,0,1,1,0,0,1,1,0,0,0,1,0,1,0,3.8,0.3,98.0,1.08,49.1941,90.0,8.6,8.5,,1059.0,5.7,139.0,29.0,21.0,79.0,136.0,0,0,36.8,0,0,0,0,0,0,0,0,0,0,0,0,0,1,0,0,0
BwXe,0,0,82.0,3.0,False,False,False,False,False,False,0,0,0,0,0,0,0,0,0,0,0,0,0,1,0,0,0,0,0,0,,,,,,,,,,,,,,,,,0,0,,1,1,1,1,1,1,1,1,1,1,1,1,1,1,1,1,1
BQYe,1,0,75.0,0.0,True,False,False,False,False,True,0,1,0,0,0,0,0,1,1,0,0,0,0,1,1,0,1,0,0,0,,,,,,,,,,,,,,,,,0,1,29.14,0,1,1,1,1,1,1,1,1,1,1,1,1,1,1,1,1
BwYe,1,0,65.0,0.0,False,False,False,False,False,True,0,0,0,1,0,0,0,1,1,0,0,0,0,0,0,0,0,0,1,0,,,,,,,,,,,,,,,72.0,126.0,1,0,49.12,0,1,1,1,1,1,1,1,1,1,1,0,0,1,1,1,1
BQZe,0,0,81.0,0.0,False,False,False,True,False,True,0,0,0,0,0,1,1,1,1,1,0,1,0,0,0,0,1,0,1,0,,0.3,105.0,0.67,,130.0,9.3,8.5,,,3.5,141.0,,10.0,56.0,97.0,0,0,24.54,0,0,0,0,1,0,0,0,0,0,0,0,0,1,1,1,1
BgZe,0,0,82.0,5.0,False,False,False,False,False,False,0,1,0,0,0,0,0,1,1,0,0,0,0,0,1,0,1,0,0,0,,,,,,,,,,,,,,,81.0,160.0,0,1,32.66,0,1,1,1,1,1,1,1,1,1,1,0,0,1,1,1,1
BAbe,1,0,60.0,3.0,True,False,False,False,False,False,0,1,0,0,0,0,0,0,1,0,0,0,0,0,0,0,0,0,0,0,4.1,0.5,103.0,0.77,88.5721,93.0,,,,139.0,5.0,140.0,,19.0,80.0,126.0,1,0,38.41,0,0,0,0,0,0,1,1,0,0,0,0,0,1,0,1,0
Bgce,1,0,60.0,1.0,True,False,False,True,True,False,0,0,0,0,0,0,0,1,0,0,0,0,1,0,1,0,0,0,0,0,3.7,0.6,104.0,0.77,77.2661,93.0,5.3,,,,4.9,141.0,,16.0,80.0,124.0,1,0,49.38,0,0,0,0,0,0,0,1,0,0,0,0,0,1,1,1,0
Bgde,0,0,57.0,0.0,False,False,False,False,False,False,0,1,0,0,1,0,0,1,1,0,0,0,0,0,1,0,0,0,0,0,4.0,1.0,105.0,1.27,,105.0,,,,342.0,5.6,140.0,,19.0,61.0,122.0,0,1,28.19,0,0,0,0,1,0,1,1,0,0,0,0,0,1,0,1,0
Bwee,0,0,77.0,0.0,True,False,False,False,False,True,0,1,0,1,0,0,0,0,1,1,0,0,0,0,1,0,1,0,1,0,,0.5,106.0,0.78,94.3752,107.0,6.0,12.0,,545.0,4.7,137.0,188.0,8.0,76.0,122.0,1,0,20.73,0,0,0,0,0,0,0,0,0,0,0,0,0,1,0,0,1
BQfe,0,1,79.0,0.0,True,False,False,False,False,False,0,0,0,0,0,0,0,1,1,0,0,0,1,1,0,1,0,0,0,0,,1.1,97.0,1.17,67.0,95.0,6.5,15.2,,23608.0,4.6,137.0,,31.0,55.0,103.0,0,1,25.01,0,0,0,0,0,0,0,0,0,0,0,0,0,1,0,1,1
Bwfe,0,0,83.0,0.0,True,False,False,False,False,False,0,1,0,0,0,0,0,1,1,1,0,0,0,0,0,0,1,0,0,0,,0.8,99.0,0.87,95.772,90.0,5.6,17.2,,220.0,4.5,137.0,710.0,10.0,80.0,141.0,0,1,32.32,0,0,0,0,0,0,0,0,0,0,0,0,0,1,0,0,1
BAge,0,0,82.0,6.0,False,False,False,False,False,False,0,0,0,0,0,1,1,0,1,1,0,0,0,1,0,1,1,0,0,0,,0.9,98.0,0.9,84.4257,256.0,9.7,17.1,,,3.9,137.0,10.0,9.0,127.0,208.0,1,0,28.12,0,0,0,0,0,0,0,0,0,0,0,0,0,1,1,0,1
BQge,0,0,61.0,0.0,True,False,False,True,False,False,0,0,0,0,0,0,0,0,0,0,0,0,1,0,1,0,0,0,1,0,,0.7,97.0,1.33,,105.0,,10.1,,10990.0,4.0,138.0,184.0,39.0,65.0,104.0,0,0,24.67,0,0,0,0,1,0,1,0,0,0,0,0,0,1,0,0,1
Bwge,0,1,85.0,0.0,True,False,False,False,False,False,0,0,0,0,0,0,0,1,1,1,0,0,1,1,0,1,0,0,0,0,,3.2,101.0,1.3,79.0,89.0,6.2,12.6,,8496.0,3.5,138.0,,25.0,112.0,180.0,0,1,,1,0,0,0,0,0,0,0,0,0,0,0,0,1,0,1,1
BQie,0,1,76.0,4.0,False,False,False,True,True,False,0,1,0,0,0,0,0,1,1,0,0,0,1,0,0,0,0,0,0,0,,1.5,103.0,1.53,44.8383,86.0,5.5,11.3,,10984.0,4.1,142.0,25.0,28.0,80.0,138.0,0,0,30.0,0,0,0,0,0,0,0,0,0,0,0,0,0,1,0,0,1
Bgje,0,0,66.0,0.0,True,False,False,False,False,False,0,0,0,0,0,0,0,1,1,0,0,1,1,0,0,1,0,0,0,0,,0.6,100.0,1.42,62.3427,229.0,8.3,14.5,,6406.0,4.6,135.0,38.0,29.0,74.0,137.0,0,0,36.6,0,0,0,0,0,0,0,0,0,0,0,0,0,1,0,0,1
Bwje,0,0,79.0,1.0,False,False,False,False,False,False,0,1,0,1,0,1,1,1,1,1,0,1,1,1,0,0,1,0,0,0,3.9,0.8,103.0,1.3,53.2512,183.0,,,,,4.2,141.0,,22.0,60.0,110.0,0,0,27.56,0,0,0,0,0,0,1,1,0,0,0,0,0,1,1,1,0
BAle,0,0,58.0,1.0,True,False,False,False,False,False,0,0,0,0,0,0,0,0,0,0,0,0,1,0,1,0,0,0,0,0,,,102.0,0.99,53.9699,107.0,,15.2,,5795.0,4.2,137.0,,15.0,71.0,109.0,0,1,27.29,0,1,0,0,0,0,1,0,0,0,0,0,0,1,0,1,1
Bgle,0,0,82.0,1.0,True,False,False,False,False,False,0,0,0,1,0,1,0,0,1,1,0,1,1,0,1,1,1,0,1,0,,0.8,102.0,1.53,32.8256,122.0,6.3,10.9,,11087.0,4.8,134.0,18.0,26.0,44.0,80.0,0,0,28.32,0,0,0,0,0,0,0,0,0,0,0,0,0,1,0,0,1
Bgme,0,0,85.0,4.0,True,False,False,False,False,True,0,0,0,0,0,0,0,0,0,0,0,0,0,0,0,0,0,0,0,0,,,,,,,,,,,,,,,73.0,137.0,0,0,30.73,0,1,1,1,1,1,1,1,1,1,1,0,0,1,1,1,1
Bwme,0,0,49.0,4.0,False,False,False,False,False,False,0,0,0,0,0,0,0,1,1,0,0,0,1,0,1,1,1,0,0,0,,,101.0,1.07,72.2938,96.0,5.3,16.7,7.3,99.0,5.2,138.0,,20.0,76.0,122.0,0,1,38.95,0,1,0,0,0,0,0,0,0,0,0,0,0,0,0,1,1
BAne,0,0,69.0,0.0,False,False,False,False,False,False,0,0,0,0,0,0,1,1,1,1,0,1,0,0,1,0,1,0,1,0,,0.4,106.0,0.91,,144.0,5.9,14.0,,,4.0,145.0,25.0,18.0,81.0,137.0,0,0,34.58,0,0,0,0,1,0,0,0,0,0,0,0,0,1,1,0,1
BQoe,0,0,63.0,0.0,True,False,False,False,False,False,0,1,0,0,1,0,1,0,0,0,0,0,0,0,0,0,0,0,0,0,4.1,2.0,108.0,1.01,73.6814,104.0,,14.4,10.0,,4.4,140.0,,18.0,64.0,108.0,0,0,24.41,0,0,0,0,0,0,1,0,0,0,0,0,0,0,1,1,0
Bgre,1,0,77.0,1.0,False,False,False,True,False,True,0,0,0,0,0,0,0,0,1,1,0,0,1,0,0,0,0,0,0,0,,,,0.86,64.5025,,,14.6,,,,,,,,,1,0,34.78,0,1,1,0,0,1,1,0,1,1,1,1,1,1,1,1,1
Bgte,0,0,62.0,1.0,False,False,False,False,False,False,0,1,0,0,0,0,0,0,1,1,0,0,1,0,1,0,1,0,0,0,,,,,,,,,,,,,,,70.0,100.0,1,0,22.24,0,1,1,1,1,1,1,1,1,1,1,0,0,1,1,1,1
BQue,0,0,62.0,0.0,False,False,False,False,False,False,0,0,0,0,0,0,0,0,0,0,0,1,1,0,0,0,0,0,0,0,,,,,,,,,,,,,,,,,0,1,,1,1,1,1,1,1,1,1,1,1,1,1,1,1,1,1,1
Bgue,0,1,65.0,6.0,False,False,True,False,False,False,1,1,0,1,0,0,0,1,1,1,0,0,1,0,1,1,1,0,0,0,,0.5,104.0,0.69,81.4528,92.0,5.4,12.7,,1829.0,3.7,142.0,14.0,20.0,91.0,161.0,1,0,31.22,0,0,0,0,0,0,0,0,0,0,0,0,0,1,0,0,1
BQwe,0,1,75.0,0.0,False,False,False,False,False,False,0,0,0,0,0,0,0,1,1,0,0,0,1,0,1,0,1,0,0,0,,,103.0,0.78,88.0,115.0,6.1,12.1,,1677.0,3.8,142.0,,14.0,70.0,147.0,1,0,26.7939,0,1,0,0,0,0,0,0,0,0,0,0,0,1,0,1,1
Bgwe,1,0,73.0,0.0,True,False,False,False,False,False,0,1,0,0,1,0,1,0,1,1,0,1,0,1,0,0,1,1,0,0,4.2,0.6,108.0,1.32,60.0,204.0,9.9,15.0,,,4.7,141.0,,24.0,72.0,126.0,1,0,24.84,0,0,0,0,0,0,0,0,0,0,0,0,0,1,1,1,0
BAze,1,0,67.0,1.0,False,False,False,False,False,False,0,1,0,0,0,0,1,1,1,1,1,1,1,1,0,1,1,0,1,0,3.9,0.9,101.0,0.88,88.3365,146.0,6.1,15.2,8.3,747.0,3.4,142.0,,15.0,72.0,128.0,0,1,45.97,0,0,0,0,0,0,0,0,0,0,0,0,0,0,0,1,0
Bgze,0,0,64.0,0.0,False,False,False,False,False,False,0,0,0,0,0,0,0,1,1,0,0,0,0,0,1,0,0,0,0,0,,,,,,,,,,,,,,,71.0,122.0,0,0,25.82,0,1,1,1,1,1,1,1,1,1,1,0,0,1,1,1,1
BQ0e,0,0,54.0,4.0,False,True,False,False,False,False,0,0,1,1,0,0,1,0,1,0,0,0,1,1,0,0,1,0,0,0,3.7,0.7,90.0,0.54,150.8583,162.0,9.7,12.9,4.1,,4.1,137.0,,11.0,80.0,110.0,0,0,35.44,0,0,0,0,0,0,0,0,0,0,0,0,0,0,1,1,0
Bw0e,0,0,49.0,0.0,True,False,False,False,True,False,0,0,0,0,0,0,0,1,1,1,0,0,1,0,0,0,1,0,0,0,,1.1,106.0,1.03,70.0271,114.0,,13.5,,,4.2,141.0,,20.0,62.0,102.0,0,0,30.26,0,0,0,0,0,0,1,0,0,0,0,0,0,1,1,1,1
BA1e,0,0,70.0,5.0,True,False,False,False,False,False,0,1,0,1,0,0,0,1,0,0,0,0,0,0,1,0,1,0,0,0,,,101.0,1.02,,116.0,6.4,,,,5.3,142.0,,17.0,63.0,120.0,0,0,28.58,0,1,0,0,1,0,0,1,0,0,0,0,0,1,1,1,1
BQ3e,0,1,85.0,1.0,False,False,False,False,False,False,0,1,0,0,0,0,1,0,1,1,1,1,1,1,0,0,1,0,0,0,4.0,,102.0,0.75,75.1305,100.0,8.5,11.0,7.1,,4.3,143.0,,19.0,64.0,128.0,1,0,31.24,0,1,0,0,0,0,0,0,0,0,0,0,0,0,1,1,0
Bg3e,0,0,65.0,0.0,False,False,False,False,False,False,0,0,0,0,0,0,0,0,1,0,0,0,0,0,0,0,0,0,0,0,,,,,,,,,,,,,,,76.0,140.0,0,1,36.44,0,1,1,1,1,1,1,1,1,1,1,0,0,1,1,1,1
Bw4e,0,0,63.0,0.0,True,False,False,False,False,False,0,0,0,0,0,0,0,0,0,0,1,1,0,1,0,0,1,0,0,0,3.8,0.6,106.0,1.64,41.049,,,16.9,10.7,,4.6,137.0,,23.0,59.0,127.0,1,0,25.1,0,0,0,0,0,1,1,0,0,0,0,0,0,0,1,1,0
BQ5e,0,0,58.0,0.0,False,False,False,False,False,True,1,0,0,1,0,1,0,0,0,1,1,0,1,0,0,1,1,0,0,0,,0.3,104.0,0.83,68.3639,79.0,4.8,8.7,,5004.0,3.6,139.0,12.0,27.0,72.0,154.0,0,0,20.97,0,0,0,0,0,0,0,0,0,0,0,0,0,1,0,0,1
Bg5e,0,0,28.0,0.0,True,False,True,False,False,False,0,0,0,0,0,0,0,1,1,0,0,1,1,1,0,0,0,0,1,0,,0.4,107.0,0.72,,179.0,,11.5,,1669.0,4.0,145.0,14.0,19.0,62.0,147.0,0,1,,1,0,0,0,1,0,1,0,0,0,0,0,0,1,0,0,1
Bg6e,0,0,52.0,0.0,True,False,False,False,False,False,0,0,0,0,0,0,0,1,1,0,0,0,1,0,1,0,1,0,0,0,,,,,,,,,,,,,,,82.0,148.0,0,1,20.89,0,1,1,1,1,1,1,1,1,1,1,0,0,1,1,1,1
BA7e,0,1,71.0,0.0,False,False,False,True,True,False,0,0,0,0,0,0,1,1,1,1,0,1,0,0,1,1,1,0,1,0,,0.3,99.0,1.3,58.0451,218.0,7.9,12.4,,1556.0,4.7,134.0,,26.0,47.0,82.0,0,0,40.26,0,0,0,0,0,0,0,0,0,0,0,0,0,1,0,1,1
Bg7e,0,0,58.0,2.0,False,False,False,False,False,False,0,1,0,0,0,0,0,1,1,1,0,0,0,0,1,1,1,0,0,0,4.4,0.4,102.0,1.29,53.4558,175.0,6.7,15.2,9.1,,4.5,141.0,,36.0,63.0,181.0,1,0,40.97,0,0,0,0,0,0,0,0,0,0,0,0,0,0,1,1,0
BA9e,0,0,79.0,7.0,True,False,False,False,False,False,0,0,0,0,0,0,0,0,0,0,0,0,0,0,0,0,0,0,0,0,,,,,,,,,,,,,,,64.0,106.0,1,0,31.54,0,1,1,1,1,1,1,1,1,1,1,0,0,1,1,1,1
BA#e,0,0,90.0,0.0,True,False,False,False,False,True,0,0,0,0,0,0,0,0,1,0,0,0,1,0,1,0,0,0,0,0,,2.8,96.0,0.73,143.5063,222.0,,13.0,,8359.0,4.8,130.0,7.0,28.0,72.0,100.0,0,0,23.49,0,0,0,0,0,0,1,0,0,0,0,0,0,1,0,0,1
Bw#e,1,0,80.0,2.0,False,False,False,True,True,False,0,0,1,0,0,0,1,0,0,0,0,0,0,1,0,1,1,0,0,0,,0.6,100.0,1.08,85.0,130.0,5.8,16.2,,,4.8,138.0,,29.0,67.0,105.0,0,0,30.99,0,0,0,0,0,0,0,0,0,0,0,0,0,1,1,1,1
BAAf,0,0,67.0,0.0,True,False,False,False,False,False,0,1,0,0,0,0,0,1,0,1,0,0,1,0,1,0,1,0,0,0,,,,,,,,,,,,,,,73.0,130.0,1,0,31.45,0,1,1,1,1,1,1,1,1,1,1,0,0,1,1,1,1
BQAf,0,0,70.0,3.0,True,False,False,False,False,False,0,1,0,0,0,1,1,1,1,0,1,1,1,1,0,0,1,0,0,0,,0.4,102.0,0.9,81.6107,305.0,7.5,16.1,,3111.0,4.4,135.0,,36.0,67.0,114.0,0,0,,1,0,0,0,0,0,0,0,0,0,0,0,0,1,0,1,1
BABf,1,0,54.0,4.0,True,False,False,False,False,True,1,1,0,0,0,0,1,1,1,1,1,1,0,1,0,1,1,1,0,0,4.1,0.3,103.0,1.3,55.2306,133.0,7.7,12.9,5.5,598.0,4.4,138.0,,27.0,64.0,132.0,1,0,36.54,0,0,0,0,0,0,0,0,0,0,0,0,0,0,0,1,0
BACf,1,0,70.0,2.0,False,False,False,False,False,False,0,0,0,0,0,1,0,0,0,0,0,0,0,0,0,0,0,0,0,0,4.4,0.2,105.0,0.67,92.0712,101.0,5.6,13.8,6.4,,4.5,142.0,,19.0,70.0,129.0,0,0,40.74,0,0,0,0,0,0,0,0,0,0,0,0,0,0,1,1,0
BQCf,1,0,79.0,1.0,False,False,True,False,False,False,0,0,0,0,0,0,1,1,0,1,1,1,1,1,0,0,1,0,1,0,,0.9,97.0,1.09,49.7697,104.0,,11.9,,653.0,4.8,136.0,,18.0,68.0,144.0,0,0,43.04,0,0,0,0,0,0,1,0,0,0,0,0,0,1,0,1,1
BwCf,1,0,59.0,5.0,False,False,False,False,False,False,0,0,0,1,0,0,0,1,1,0,0,0,0,0,0,0,0,0,1,0,4.5,0.6,103.0,0.79,79.0605,125.0,5.2,11.5,4.7,,4.5,139.0,,11.0,60.0,150.0,0,1,42.99,0,0,0,0,0,0,0,0,0,0,0,0,0,0,1,1,0
BgDf,0,0,62.0,3.0,True,False,False,False,False,False,0,0,0,1,0,0,0,1,1,0,0,0,1,0,0,0,1,0,0,0,,,,,,,,,,,,,,,83.0,163.0,1,0,25.77,0,1,1,1,1,1,1,1,1,1,1,0,0,1,1,1,1
BAEf,0,0,32.0,0.0,False,False,False,False,False,False,0,1,0,0,0,0,1,0,1,1,0,1,0,1,0,0,1,0,0,0,,,,0.9,85.2268,101.0,,13.3,6.9,,4.2,,,,82.0,108.0,1,0,27.44,0,1,1,0,0,0,1,0,0,1,1,0,0,0,1,1,1
BAGf,0,0,56.0,0.0,False,False,False,False,False,False,0,1,0,1,1,0,0,1,1,1,0,0,1,0,1,1,1,0,0,0,,0.7,105.0,1.35,51.9511,102.0,6.4,11.6,,4417.0,4.5,141.0,18.0,31.0,81.0,159.0,0,1,32.33,0,0,0,0,0,0,0,0,0,0,0,0,0,1,0,0,1
BgGf,0,0,72.0,0.0,False,False,False,False,False,False,0,0,0,0,0,0,0,1,1,1,0,0,1,0,0,0,1,0,0,0,4.1,0.9,101.0,1.0,73.2459,,6.0,16.2,17.53,246.1,4.1,140.0,,23.0,80.0,124.0,0,0,23.6,0,0,0,0,0,1,0,0,0,0,0,0,0,0,0,1,0
BgHf,0,0,74.0,3.0,False,False,False,False,False,False,0,1,0,0,0,0,0,0,0,0,0,0,0,0,1,0,0,0,0,0,4.2,0.6,107.0,1.28,,104.0,,,,368.0,4.6,142.0,,18.0,69.0,105.0,0,1,29.43,0,0,0,0,1,0,1,1,0,0,0,0,0,1,0,1,0
BQIf,0,0,57.0,0.0,False,False,False,False,False,False,0,0,0,0,0,0,0,1,1,0,0,0,1,0,1,0,0,0,0,0,,1.6,100.0,0.75,109.0,134.0,6.3,15.0,,4209.0,4.0,138.0,,17.0,106.0,150.0,0,0,23.14,0,0,0,0,0,0,0,0,0,0,0,0,0,1,0,1,1
BwIf,0,0,58.0,0.0,True,False,False,True,True,False,0,0,0,0,1,0,1,1,1,0,0,0,1,0,0,0,1,0,0,0,4.2,0.3,102.0,1.08,48.4505,165.0,6.8,13.4,7.5,,4.7,143.0,,,86.0,132.0,0,0,40.23,0,0,0,0,0,0,0,0,0,0,1,0,0,0,1,1,0
BALf,0,1,61.0,0.0,False,False,False,False,False,False,0,0,0,0,0,0,0,1,1,1,0,0,1,0,1,0,1,0,0,0,3.9,1.1,105.0,0.81,91.2309,74.0,5.6,12.7,9.0,3956.0,3.8,141.0,,17.0,60.0,124.0,1,0,24.1,0,0,0,0,0,0,0,0,0,0,0,0,0,0,0,1,0
BQLf,0,0,84.0,0.0,False,False,False,False,False,False,0,0,1,0,0,0,1,1,0,0,0,0,0,1,0,0,1,0,0,0,,,,,,,8.0,,,,,,,,77.0,126.0,1,0,28.36,0,1,1,1,1,1,0,1,1,1,1,0,0,1,1,1,1
BgLf,0,0,46.0,2.0,False,False,False,False,False,False,0,1,0,0,1,0,1,1,1,1,0,1,1,0,0,1,1,0,0,0,,1.5,102.0,1.34,56.0,103.0,5.7,10.5,,,4.9,140.0,,27.0,60.0,140.0,1,0,25.82,0,0,0,0,0,0,0,0,0,0,0,0,0,1,1,1,1
BQMf,0,0,70.0,1.0,True,False,False,False,False,False,0,0,0,0,0,0,0,1,1,1,0,0,0,1,0,0,1,1,0,0,4.0,0.2,94.0,0.57,104.8594,,9.5,10.3,7.9,,4.2,136.0,,8.0,80.0,140.0,0,1,23.784,0,0,0,0,0,1,0,0,0,0,0,0,0,0,1,1,0
BQNf,0,0,53.0,0.0,False,False,True,False,False,False,0,1,0,0,1,0,1,1,1,1,0,1,1,0,1,0,1,0,1,0,,0.3,95.0,1.06,68.2938,162.0,6.3,10.0,,280.0,3.3,138.0,50.0,20.0,76.0,133.0,1,0,40.62,0,0,0,0,0,0,0,0,0,0,0,0,0,1,0,0,1
BAOf,0,0,60.0,0.0,True,False,False,False,False,False,0,1,0,0,0,0,0,1,1,1,1,1,1,0,1,0,1,0,1,0,,0.7,102.0,0.78,103.0,114.0,6.4,8.8,,2571.0,3.7,136.0,,28.0,58.0,100.0,0,0,23.22,0,0,0,0,0,0,0,0,0,0,0,0,0,1,0,1,1
BwPf,0,0,74.0,0.0,False,False,False,False,False,False,0,0,0,0,0,0,0,0,1,0,0,0,1,0,0,0,0,0,0,0,,0.7,99.0,1.15,,80.0,,9.7,,3298.0,3.7,140.0,34.0,36.0,69.0,114.0,0,1,29.44,0,0,0,0,1,0,1,0,0,0,0,0,0,1,0,0,1
BQQf,1,0,74.0,0.0,False,False,False,False,False,False,0,1,0,0,0,1,1,1,1,1,0,0,0,0,1,0,1,1,0,0,,0.6,103.0,0.87,91.1044,145.0,,10.5,,,4.3,138.0,,26.0,80.0,109.0,0,1,43.85,0,0,0,0,0,0,1,0,0,0,0,0,0,1,1,1,1
BgQf,1,0,63.0,1.0,False,False,True,False,False,False,0,1,0,0,1,0,1,1,1,1,0,1,0,1,1,0,1,0,0,0,,0.4,104.0,1.12,68.3226,224.0,5.9,13.4,,,3.8,137.0,,14.0,84.0,138.0,0,1,33.1453,0,0,0,0,0,0,0,0,0,0,0,0,0,1,1,1,1
BwQf,0,1,52.0,0.0,False,False,False,False,False,False,0,1,0,0,0,0,1,0,1,1,0,1,0,1,0,0,1,1,0,0,4.0,0.8,103.0,1.14,66.0,142.0,6.6,15.2,8.5,1072.0,4.1,139.0,,13.0,72.0,137.0,0,0,34.44,0,0,0,0,0,0,0,0,0,0,0,0,0,0,0,1,0
BgRf,0,0,79.0,0.0,True,False,False,True,True,False,0,0,0,0,0,0,0,0,0,1,0,1,0,0,0,0,0,0,0,0,,0.5,82.0,0.45,109.0,230.0,8.2,15.8,,,4.7,118.0,,5.0,89.0,163.0,0,1,43.54,0,0,0,0,0,0,0,0,0,0,0,0,0,1,1,1,1
BwRf,0,1,53.0,0.0,False,False,False,True,False,False,0,1,0,0,0,0,0,1,1,1,0,1,1,0,0,1,1,0,1,0,,0.5,98.0,0.94,80.5429,150.0,7.1,15.7,,1089.0,3.6,140.0,37.0,31.0,61.0,125.0,1,0,39.58,0,0,0,0,0,0,0,0,0,0,0,0,0,1,0,0,1
BASf,1,0,49.0,6.0,True,False,False,False,False,False,0,1,0,1,1,0,0,1,1,0,0,0,0,0,0,1,1,0,0,0,3.9,0.7,100.0,1.06,72.534,81.0,,15.3,6.6,,4.3,136.0,,13.0,84.0,157.0,1,0,40.43,0,0,0,0,0,0,1,0,0,0,0,0,0,0,1,1,0
BQSf,1,1,47.0,0.0,False,False,True,False,False,False,0,1,0,0,0,0,1,1,1,0,0,1,1,0,0,0,1,0,0,0,,0.5,91.0,0.78,93.2806,495.0,10.8,11.1,,1726.0,4.9,133.0,,12.0,80.0,137.0,0,1,38.87,0,0,0,0,0,0,0,0,0,0,0,0,0,1,0,1,1
BgSf,0,0,84.0,1.0,True,False,True,False,False,True,0,0,0,0,0,0,0,1,1,0,0,0,1,0,1,0,0,0,0,0,,1.0,102.0,0.9,60.8753,88.0,4.7,9.5,,,4.0,137.0,,10.0,54.0,78.0,0,1,39.87,0,0,0,0,0,0,0,0,0,0,0,0,0,1,1,1,1
BwSf,1,0,63.0,4.0,False,False,False,True,True,False,0,0,0,0,0,0,0,0,0,0,0,0,0,1,0,0,0,0,0,0,4.3,0.3,103.0,0.63,,,5.8,14.2,8.91,,4.0,138.0,,6.0,74.0,108.0,1,0,28.75,0,0,0,0,1,1,0,0,0,0,0,0,0,0,1,1,0
BQTf,0,0,83.0,0.0,False,False,False,False,False,False,0,0,0,0,0,0,0,1,1,1,0,0,1,0,0,0,1,0,1,0,,0.7,102.0,1.07,73.0,105.0,,11.9,,4735.0,3.8,139.0,,28.0,73.0,106.0,0,0,28.53,0,0,0,0,0,0,1,0,0,0,0,0,0,1,0,1,1
BAUf,0,0,40.0,1.0,True,False,False,False,True,False,0,0,0,0,0,0,0,1,1,0,0,0,0,0,1,0,1,0,0,0,,,,,,,,,,,,,,,62.0,106.0,1,0,23.41,0,1,1,1,1,1,1,1,1,1,1,0,0,1,1,1,1
BgVf,0,0,57.0,0.0,False,False,False,False,False,False,0,0,0,0,0,0,0,0,1,0,0,0,1,0,0,0,1,0,0,0,,0.3,89.0,1.29,58.8735,136.0,,8.2,,,3.9,129.0,242.0,59.0,87.0,129.0,0,1,25.1,0,0,0,0,0,0,1,0,0,0,0,0,0,1,1,0,1
BQWf,0,0,54.0,0.0,False,False,False,False,False,False,0,0,0,0,0,1,0,1,1,0,0,0,1,0,1,1,0,0,0,0,4.5,0.7,102.0,0.76,72.5027,90.0,5.9,12.1,,2491.0,5.0,142.0,,21.0,78.0,144.0,0,0,27.05,0,0,0,0,0,0,0,0,0,0,0,0,0,1,0,1,0
BAXf,0,0,73.0,1.0,False,False,False,False,True,False,0,1,0,0,0,0,0,0,1,1,0,0,0,1,0,0,1,0,0,0,,,,,,,,,,,,,,,66.0,100.0,0,0,30.38,0,1,1,1,1,1,1,1,1,1,1,0,0,1,1,1,1
BQXf,0,0,63.0,6.0,True,False,False,False,False,False,0,0,0,0,0,0,0,1,1,0,0,0,1,0,1,0,1,0,0,0,,0.3,99.0,0.82,90.6314,135.0,,12.1,,516.0,4.7,138.0,17.0,27.0,64.0,104.0,0,1,,1,0,0,0,0,0,1,0,0,0,0,0,0,1,0,0,1
BwXf,0,1,72.0,0.0,True,False,False,False,False,False,1,1,0,0,0,0,0,1,1,1,0,1,1,0,1,0,1,0,1,0,,0.6,96.0,0.97,80.4216,102.0,5.7,12.4,,7841.0,3.8,142.0,20.0,19.0,65.0,145.0,0,0,41.76,0,0,0,0,0,0,0,0,0,0,0,0,0,1,0,0,1
BwYf,0,0,66.0,6.0,False,False,False,False,False,False,0,0,0,0,1,0,1,1,1,0,0,0,0,0,0,0,1,0,0,0,,,,,,,,,,,,,,,64.0,122.0,0,1,28.43,0,1,1,1,1,1,1,1,1,1,1,0,0,1,1,1,1
Bgaf,0,1,69.0,0.0,True,False,False,True,False,False,0,1,0,1,1,0,1,0,1,0,1,1,1,1,1,0,1,1,1,0,,0.5,101.0,0.67,88.0611,274.0,13.3,10.3,,31128.0,4.7,136.0,,16.0,55.0,96.0,0,1,21.95,0,0,0,0,0,0,0,0,0,0,0,0,0,1,0,1,1
Bwcf,0,0,86.0,0.0,False,False,False,False,False,True,0,0,0,0,0,0,0,1,1,1,0,0,1,0,0,1,0,0,0,0,3.9,0.4,100.0,0.86,,,,10.7,9.24,1126.0,2.8,139.0,,13.0,,,1,0,,1,0,0,0,1,1,1,0,0,0,0,1,1,0,0,1,0
BAef,1,0,45.0,0.0,True,False,False,False,False,False,0,0,0,0,0,0,1,1,1,0,0,0,0,1,0,0,1,0,0,0,3.9,0.6,102.0,0.52,120.2844,192.0,7.7,13.7,6.2,,4.3,138.0,,14.0,82.0,130.0,0,0,45.35,0,0,0,0,0,0,0,0,0,0,0,0,0,0,1,1,0
BQef,1,0,85.0,2.0,False,False,False,False,False,False,0,0,0,0,0,0,0,1,1,0,0,0,0,0,1,0,0,0,0,0,4.3,0.5,106.0,1.33,56.4631,83.0,5.5,14.4,5.8,98.0,4.7,141.0,,20.0,79.0,130.0,0,1,47.63,0,0,0,0,0,0,0,0,0,0,0,0,0,0,0,1,0
Bgef,0,1,80.0,3.0,True,False,False,False,False,False,0,1,0,1,0,0,0,1,1,0,0,0,1,0,1,0,1,0,0,0,,0.3,101.0,1.18,63.1834,203.0,7.6,15.9,,444.0,4.4,139.0,,20.0,69.0,104.0,0,1,34.15,0,0,0,0,0,0,0,0,0,0,0,0,0,1,0,1,1
Bwff,0,0,73.0,7.0,False,False,False,False,False,False,0,0,0,0,0,0,0,0,1,0,0,0,0,0,1,0,1,0,0,0,,,,,,,,,,,,,,,,,0,1,20.67,0,1,1,1,1,1,1,1,1,1,1,1,1,1,1,1,1
Bghf,0,1,49.0,0.0,True,False,False,False,False,False,0,1,0,0,0,0,0,0,1,1,0,1,1,1,1,0,1,0,1,0,,0.6,103.0,0.74,77.1454,301.0,8.1,8.8,,3224.0,3.9,132.0,184.0,22.0,82.0,111.0,0,0,49.09,0,0,0,0,0,0,0,0,0,0,0,0,0,1,0,0,1
BQif,1,0,79.0,2.0,True,False,False,False,False,False,0,1,0,0,0,0,0,0,1,0,0,0,1,0,0,0,1,0,0,0,4.5,0.4,100.0,0.65,95.7175,119.0,,13.7,10.9,198.0,4.4,137.0,,21.0,81.0,120.0,0,0,39.79,0,0,0,0,0,0,1,0,0,0,0,0,0,0,0,1,0
Bgif,1,0,80.0,7.0,True,False,False,False,False,False,0,1,0,0,0,0,1,1,1,0,0,0,0,1,0,1,1,0,0,0,4.2,0.5,102.0,0.84,91.4223,153.0,6.8,13.9,,,4.4,135.0,,13.0,81.0,121.0,0,0,29.97,0,0,0,0,0,0,0,0,0,0,0,0,0,1,1,1,0
BAkf,1,0,83.0,0.0,False,False,False,False,False,True,0,0,0,1,0,0,0,1,0,0,0,1,0,0,0,1,1,0,0,0,,0.4,100.0,1.03,73.4179,145.0,6.3,14.7,,15.0,4.7,140.0,,20.0,69.0,154.0,0,1,34.22,0,0,0,0,0,0,0,0,0,0,0,0,0,1,0,1,1
BQkf,0,1,82.0,1.0,False,False,True,False,False,False,0,0,0,1,1,0,0,0,0,1,0,0,1,0,1,0,0,0,0,0,3.1,,96.0,1.92,25.0663,120.0,,11.5,7.7,,3.6,136.0,,42.0,64.0,116.0,0,0,34.9454,0,1,0,0,0,0,1,0,0,0,0,0,0,0,1,1,0
Bwkf,1,0,34.0,5.0,False,False,True,False,False,False,0,1,0,0,0,1,1,1,1,0,0,1,0,0,0,0,1,1,1,0,,0.3,98.0,0.58,93.0,167.0,8.2,13.3,,843.0,4.1,142.0,,10.0,76.0,177.0,0,1,35.14,0,0,0,0,0,0,0,0,0,0,0,0,0,1,0,1,1
BQlf,0,0,50.0,3.0,False,False,True,False,False,False,0,1,0,0,0,0,0,1,1,0,0,0,1,0,1,0,1,0,0,0,4.1,0.6,104.0,0.9,86.6695,102.0,5.4,,,212.0,4.8,140.0,,17.0,71.0,103.0,0,1,30.13,0,0,0,0,0,0,0,1,0,0,0,0,0,1,0,1,0
Bglf,1,0,,,False,False,False,False,False,False,0,0,0,0,0,1,1,1,1,1,0,1,1,1,0,1,1,0,1,0,,0.4,103.0,0.94,81.3192,112.0,10.9,10.8,,900.0,3.8,138.0,,8.0,92.0,174.0,1,0,34.99,0,0,0,0,0,0,0,0,0,0,0,0,0,1,0,1,1
Bwmf,0,0,62.0,5.0,True,False,False,False,False,False,0,0,0,0,1,0,0,1,1,0,0,0,1,0,1,0,1,0,0,0,,,,,,,,,,,,,,,83.0,122.0,0,0,28.76,0,1,1,1,1,1,1,1,1,1,1,0,0,1,1,1,1
Bwnf,0,0,47.0,1.0,True,False,True,False,False,False,0,0,0,1,0,1,0,1,1,1,0,0,1,0,1,0,1,0,0,0,3.9,0.4,105.0,1.11,46.7162,124.0,,13.2,5.2,,3.5,141.0,,17.0,68.0,182.0,0,1,24.46,0,0,0,0,0,0,1,0,0,0,0,0,0,0,1,1,0
Bwpf,0,0,77.0,0.0,False,False,False,True,False,False,0,0,0,0,0,0,0,0,1,0,0,0,1,0,1,1,0,0,0,0,,1.0,98.0,1.65,45.545,98.0,6.1,12.9,,3248.0,4.1,139.0,,26.0,58.0,127.0,0,1,,1,0,0,0,0,0,0,0,0,0,0,0,0,1,0,1,1
BArf,0,0,68.0,2.0,False,False,False,False,False,False,0,0,0,0,0,0,0,1,1,0,0,1,1,0,0,1,1,0,0,0,3.7,0.4,99.0,1.43,48.6118,,8.0,14.8,9.88,,4.6,137.0,,25.0,78.0,156.0,0,0,39.6049,0,0,0,0,0,1,0,0,0,0,0,0,0,0,1,1,0
BQsf,0,1,75.0,1.0,True,False,False,False,False,False,0,1,0,0,0,0,0,1,1,1,0,1,0,0,1,1,1,0,0,0,,,104.0,1.06,75.0,178.0,,14.2,,1634.0,5.0,139.0,,19.0,111.0,194.0,0,1,29.46,0,1,0,0,0,0,1,0,0,0,0,0,0,1,0,1,1
Bgsf,0,0,57.0,1.0,False,False,True,False,False,True,0,0,0,0,0,0,0,1,1,0,0,0,1,0,1,0,0,0,0,0,,,,,,,,,,,,,,,100.0,176.0,0,0,24.35,0,1,1,1,1,1,1,1,1,1,1,0,0,1,1,1,1
Bwsf,0,1,86.0,0.0,True,False,False,False,False,False,0,0,0,0,0,0,0,1,0,0,0,0,1,0,1,0,0,0,1,0,,0.8,105.0,1.03,57.1921,145.0,5.4,14.5,,25503.0,4.0,141.0,31.0,19.0,82.0,154.0,0,1,24.3946,0,0,0,0,0,0,0,0,0,0,0,0,0,1,0,0,1
BQvf,0,0,69.0,2.0,False,False,False,False,False,False,0,0,0,0,0,0,0,1,1,0,0,0,1,0,1,0,1,0,0,0,,,,,,,,,,,,,,,68.0,102.0,0,0,40.42,0,1,1,1,1,1,1,1,1,1,1,0,0,1,1,1,1
Bwvf,0,0,48.0,0.0,False,False,True,False,False,True,0,1,0,0,0,0,1,0,1,1,0,1,0,0,0,1,0,0,0,0,,0.4,104.0,1.0,,132.0,5.9,12.1,,641.0,4.2,141.0,20.0,21.0,74.0,154.0,1,0,26.78,0,0,0,0,1,0,0,0,0,0,0,0,0,1,0,0,1
BQxf,1,0,62.0,6.0,False,False,False,True,True,False,0,0,0,0,0,0,0,0,0,0,1,0,0,0,0,0,1,0,0,0,4.4,0.4,106.0,0.91,60.94,,5.7,,,,4.5,138.0,,21.0,84.0,136.0,0,0,47.61,0,0,0,0,0,1,0,1,0,0,0,0,0,1,1,1,0
BQyf,0,0,60.0,1.0,False,False,False,True,False,False,0,0,0,0,0,0,0,1,0,0,0,0,1,0,1,0,1,0,0,0,4.4,0.7,100.0,1.0,53.906,85.0,,11.8,6.8,,4.5,137.0,,25.0,60.0,128.0,1,0,30.66,0,0,0,0,0,0,1,0,0,0,0,0,0,0,1,1,0
Bgyf,1,0,87.0,6.0,False,False,False,False,True,False,0,1,0,0,0,0,0,1,1,1,0,0,0,0,0,1,1,0,1,0,4.4,0.6,102.0,0.99,75.4018,97.0,5.8,14.7,4.8,,4.8,141.0,,20.0,80.0,140.0,1,0,32.0,0,0,0,0,0,0,0,0,0,0,0,0,0,0,1,1,0
BQzf,0,0,49.0,5.0,False,False,False,True,True,False,0,1,0,1,0,0,1,1,1,0,0,0,1,0,1,0,1,0,0,0,,,107.0,1.27,54.4285,115.0,,12.4,,,4.0,142.0,,16.0,77.0,120.0,0,0,26.47,0,1,0,0,0,0,1,0,0,0,0,0,0,1,1,1,1
Bgzf,0,0,78.0,7.0,False,False,False,False,False,True,0,0,1,0,0,0,0,1,1,0,0,0,0,0,1,0,0,0,0,0,4.1,0.3,100.0,1.06,72.2691,87.0,6.1,14.2,6.9,23.0,4.8,137.0,,25.0,86.0,117.0,1,0,34.33,0,0,0,0,0,0,0,0,0,0,0,0,0,0,0,1,0
Bw0f,0,0,58.0,5.0,True,False,False,False,False,False,0,0,0,0,0,0,0,0,1,1,0,0,1,0,1,0,1,0,0,0,,0.9,94.0,1.14,45.5199,145.0,6.3,11.7,,4476.0,4.0,137.0,34.0,27.0,57.0,106.0,0,1,27.97,0,0,0,0,0,0,0,0,0,0,0,0,0,1,0,0,1
BQ2f,0,0,84.0,0.0,True,False,False,False,False,False,0,0,0,0,0,0,0,1,0,1,0,0,1,0,1,1,1,0,0,0,,0.3,100.0,1.35,,97.0,6.9,11.3,,13520.0,3.6,141.0,53.0,24.0,103.0,155.0,0,1,23.84,0,0,0,0,1,0,0,0,0,0,0,0,0,1,0,0,1
Bw2f,0,0,78.0,0.0,False,False,False,False,False,True,0,0,0,0,0,0,0,0,1,1,0,0,1,0,1,0,1,0,0,0,,1.0,98.0,1.04,54.6189,102.0,5.4,10.4,,53303.0,4.2,137.0,542.0,24.0,54.0,99.0,0,1,30.4,0,0,0,0,0,0,0,0,0,0,0,0,0,1,0,0,1
BA3f,0,0,69.0,0.0,True,False,False,False,False,False,0,1,0,1,0,0,1,1,1,1,0,1,1,1,0,0,1,0,1,0,,2.1,100.0,0.79,74.4899,107.0,6.3,13.2,,2797.0,3.9,134.0,,20.0,71.0,108.0,0,1,34.28,0,0,0,0,0,0,0,0,0,0,0,0,0,1,0,1,1
Bw3f,0,0,69.0,0.0,True,False,False,False,False,False,0,1,0,0,0,0,0,1,0,0,0,0,0,0,0,0,0,0,0,0,,,,,,,,,,,,,,,72.0,111.0,1,0,26.38,0,1,1,1,1,1,1,1,1,1,1,0,0,1,1,1,1
BQ4f,0,0,71.0,0.0,True,False,False,False,False,False,0,0,0,1,0,0,0,1,1,0,0,0,0,0,1,0,0,0,0,0,,0.4,98.0,0.9,86.0751,89.0,4.5,9.8,,1446.0,4.7,134.0,11.0,13.0,75.0,145.0,0,0,25.14,0,0,0,0,0,0,0,0,0,0,0,0,0,1,0,0,1
Bw4f,1,0,55.0,1.0,False,False,False,False,False,False,0,1,0,0,0,0,1,0,0,1,0,0,0,0,0,0,0,0,0,0,,,,,,,,,,,,,,,65.0,117.0,1,0,39.61,0,1,1,1,1,1,1,1,1,1,1,0,0,1,1,1,1
BA5f,0,0,53.0,0.0,False,False,False,False,False,False,0,1,0,0,0,1,0,1,1,1,0,1,0,0,1,1,1,0,1,0,,0.5,104.0,1.01,72.4097,100.0,6.0,15.6,,220.0,4.6,138.0,,32.0,78.0,125.0,0,1,29.61,0,0,0,0,0,0,0,0,0,0,0,0,0,1,0,1,1
BQ5f,0,0,69.0,1.0,True,False,False,False,False,False,0,0,0,0,0,0,0,1,1,1,0,0,1,0,1,0,0,0,0,0,,0.4,102.0,0.9,116.0,87.0,5.5,12.4,,4349.0,4.6,139.0,,15.0,70.0,111.0,0,0,25.18,0,0,0,0,0,0,0,0,0,0,0,0,0,1,0,1,1
Bg7f,0,0,77.0,0.0,True,False,False,False,False,False,0,0,0,1,0,0,1,1,1,0,0,0,0,1,1,0,1,0,0,0,,,,,,,,,,,,,,,70.0,147.0,0,0,39.67,0,1,1,1,1,1,1,1,1,1,1,0,0,1,1,1,1
BA8f,0,0,66.0,1.0,True,False,False,False,False,False,0,0,0,0,0,0,0,1,1,1,0,0,0,0,1,0,1,0,0,0,,,101.0,0.67,91.7225,80.0,,14.0,,,4.0,140.0,,12.0,81.0,107.0,0,0,23.87,0,1,0,0,0,0,1,0,0,0,0,0,0,1,1,1,1
Bw#f,1,0,67.0,6.0,True,False,False,False,False,False,0,0,0,0,0,0,0,0,1,1,0,0,0,1,0,0,0,1,0,1,,,,,,,,,,,,,,,,,1,0,,1,1,1,1,1,1,1,1,1,1,1,1,1,1,1,1,1
BABg,1,0,64.0,1.0,False,False,False,False,False,False,0,1,0,0,0,1,1,1,0,1,1,1,1,0,1,1,1,0,0,0,4.3,0.6,97.0,0.92,64.3567,313.0,10.6,12.7,,170.0,4.7,132.0,,16.0,87.0,155.0,0,0,42.19,0,0,0,0,0,0,0,0,0,0,0,0,0,1,0,1,0
BgBg,1,0,80.0,2.0,False,False,False,False,False,False,0,0,0,1,0,0,0,0,0,0,0,1,0,0,0,0,0,0,0,0,,,,,,,,,,,,,,,71.0,122.0,0,0,45.34,0,1,1,1,1,1,1,1,1,1,1,0,0,1,1,1,1
BgCg,0,0,30.0,0.0,False,False,False,False,False,False,0,0,0,0,0,0,0,1,1,0,0,0,0,0,0,0,1,0,0,0,,0.5,108.0,1.33,53.3122,125.0,5.3,10.7,,572.0,4.0,142.0,,36.0,60.0,104.0,0,0,28.7,0,0,0,0,0,0,0,0,0,0,0,0,0,1,0,1,1
BADg,0,1,72.0,0.0,True,False,False,False,False,False,0,0,0,0,0,0,1,1,1,0,0,0,0,0,0,1,1,0,0,0,,,,,,,,,,,,,,,80.0,120.0,0,0,26.61,0,1,1,1,1,1,1,1,1,1,1,0,0,1,1,1,1
BwB,1,1,61.0,4.0,False,False,False,False,False,True,0,1,0,0,0,0,1,1,1,0,1,0,1,1,1,0,1,0,0,0,,,,,,,6.3,,,,,,,,71.0,160.0,0,0,42.38,0,1,1,1,1,1,0,1,1,1,1,0,0,1,1,1,1
BAC,1,0,81.0,1.0,True,False,False,False,False,False,0,1,0,0,0,1,0,0,0,1,0,0,0,0,0,0,1,0,0,0,,,,,,,,,,,,,,,88.0,145.0,0,0,33.31,0,1,1,1,1,1,1,1,1,1,1,0,0,1,1,1,1
BQD,0,1,60.0,6.0,False,False,False,False,False,False,0,0,0,1,0,0,0,0,0,1,1,0,1,0,0,0,1,0,0,0,4.3,1.0,102.0,0.83,88.0,136.0,5.3,13.8,4.9,2450.0,3.1,140.0,,15.0,77.0,134.0,0,1,29.63,0,0,0,0,0,0,0,0,0,0,0,0,0,0,0,1,0
BgD,1,0,81.0,1.0,False,False,False,True,False,False,0,0,0,1,0,0,0,1,1,1,0,1,1,1,1,0,1,0,0,0,,1.1,102.0,0.67,101.0,157.0,6.6,13.8,,292.0,4.0,139.0,,19.0,72.0,122.0,0,1,41.81,0,0,0,0,0,0,0,0,0,0,0,0,0,1,0,1,1
BAE,0,0,54.0,0.0,False,False,False,True,False,True,0,1,0,0,0,1,1,1,1,0,1,1,0,1,1,0,1,0,0,0,,0.5,102.0,1.15,65.0,169.0,7.4,12.7,,,4.4,139.0,,19.0,80.0,126.0,0,1,23.91,0,0,0,0,0,0,0,0,0,0,0,0,0,1,1,1,1
BQE,0,0,84.0,0.0,True,False,False,False,False,False,0,1,0,0,0,1,1,1,1,1,0,1,1,0,1,1,1,0,1,0,,0.4,101.0,0.52,,111.0,7.6,11.5,,1307.0,4.5,137.0,58.0,11.0,79.0,122.0,0,1,26.35,0,0,0,0,1,0,0,0,0,0,0,0,0,1,0,0,1
BAG,0,0,69.0,4.0,True,False,False,False,False,False,0,1,0,0,0,0,0,1,1,0,0,0,0,0,0,0,1,0,0,0,,,,,,,,,,,,,,,75.0,129.0,0,1,39.28,0,1,1,1,1,1,1,1,1,1,1,0,0,1,1,1,1
BgH,0,0,71.0,3.0,True,False,False,False,False,False,0,0,0,1,1,0,1,0,1,0,0,0,0,1,0,0,0,0,0,0,4.8,0.3,105.0,1.26,66.0822,154.0,7.4,14.3,5.9,,4.5,142.0,,21.0,67.0,141.0,0,0,23.19,0,0,0,0,0,0,0,0,0,0,0,0,0,0,1,1,0
BAL,0,0,43.0,0.0,False,False,False,True,True,False,0,0,0,0,0,0,0,1,1,0,0,0,0,0,0,1,0,0,1,0,,,,,,,,,,,,,,,,,0,1,,1,1,1,1,1,1,1,1,1,1,1,1,1,1,1,1,1
BgM,0,0,57.0,5.0,False,False,False,False,False,False,0,0,0,0,0,0,0,1,1,0,0,0,0,0,0,0,1,0,0,0,,,,,,,,,,,,,,,76.0,126.0,0,1,37.1,0,1,1,1,1,1,1,1,1,1,1,0,0,1,1,1,1
BwM,0,0,74.0,3.0,True,False,False,False,False,False,0,0,0,0,0,0,0,1,1,0,0,0,0,0,1,0,1,0,0,0,,0.5,96.0,1.01,98.0,137.0,,14.1,,154.0,3.3,136.0,,17.0,124.0,208.0,0,0,40.21,0,0,0,0,0,0,1,0,0,0,0,0,0,1,0,1,1
BAO,0,0,84.0,5.0,True,False,False,False,False,False,0,1,0,0,0,0,1,1,0,0,0,1,1,0,0,0,1,0,0,0,4.3,0.5,103.0,0.9,82.7156,157.0,,14.5,,,5.1,140.0,,27.0,82.0,132.0,1,0,23.37,0,0,0,0,0,0,1,0,0,0,0,0,0,1,1,1,0
BwP,0,1,85.0,0.0,True,False,False,False,False,False,0,1,0,1,0,0,1,1,1,0,0,1,1,1,1,0,1,0,0,0,,2.2,103.0,1.11,48.881,100.0,9.9,8.6,,24309.0,4.0,140.0,6183.0,14.0,50.0,89.0,0,1,25.96,0,0,0,0,0,0,0,0,0,0,0,0,0,1,0,0,1
BAQ,0,0,79.0,0.0,True,False,False,False,False,False,0,0,0,1,0,0,0,1,1,1,0,0,1,0,1,0,0,0,0,0,,1.1,103.0,0.64,89.5142,94.0,,14.7,,191.0,3.9,139.0,17.0,16.0,59.0,109.0,0,1,27.99,0,0,0,0,0,0,1,0,0,0,0,0,0,1,0,0,1
BwQ,0,0,59.0,2.0,False,False,False,False,False,False,0,1,0,0,0,0,0,0,0,0,0,0,0,0,0,0,1,0,0,0,,,,,,,,,,,,,,,66.0,118.0,1,0,30.41,0,1,1,1,1,1,1,1,1,1,1,0,0,1,1,1,1
BAS,1,0,55.0,2.0,True,False,False,False,False,False,0,1,0,0,0,0,1,1,1,1,0,0,0,0,0,1,1,0,1,0,,,,,,,,,,,,,,,70.0,140.0,1,0,33.36,0,1,1,1,1,1,1,1,1,1,1,0,0,1,1,1,1
BQS,0,0,79.0,0.0,True,False,False,False,False,False,0,1,0,0,0,0,0,1,1,1,0,1,1,0,1,0,1,0,0,0,,0.4,98.0,0.72,116.5693,94.0,5.5,8.7,,5148.0,4.5,133.0,259.0,15.0,55.0,91.0,0,0,30.47,0,0,0,0,0,0,0,0,0,0,0,0,0,1,0,0,1
BQV,0,1,56.0,0.0,False,False,False,False,False,False,0,0,0,1,0,0,0,1,1,1,1,1,1,0,0,1,1,0,0,0,,0.3,94.0,1.38,49.3303,144.0,6.3,10.2,,4117.0,4.5,146.0,,39.0,58.0,125.0,1,0,,1,0,0,0,0,0,0,0,0,0,0,0,0,1,0,1,1
BgV,0,0,75.0,5.0,False,False,False,False,False,False,0,0,0,0,1,0,1,1,1,0,0,0,1,0,1,0,1,0,0,0,,,,,,,,,,,,,,,70.0,140.0,0,0,34.79,0,1,1,1,1,1,1,1,1,1,1,0,0,1,1,1,1
BwV,0,0,57.0,5.0,False,False,False,False,False,False,0,1,0,0,0,0,0,1,1,0,0,0,0,0,1,0,1,0,0,0,,,,,,,,,,,,,,,88.0,134.0,0,0,26.79,0,1,1,1,1,1,1,1,1,1,1,0,0,1,1,1,1
BgX,0,1,50.0,0.0,True,False,True,False,False,False,0,0,0,0,0,0,0,1,1,0,1,1,1,1,0,0,1,1,0,0,,,100.0,0.93,79.4245,167.0,,13.9,,1532.0,4.3,138.0,28.0,25.0,81.0,117.0,1,0,40.76,0,1,0,0,0,0,1,0,0,0,0,0,0,1,0,0,1
BAZ,1,0,44.0,2.0,False,True,False,False,False,False,0,0,0,0,0,0,1,1,1,0,1,0,0,0,0,1,1,0,0,0,4.3,0.8,98.0,0.83,91.3306,140.0,5.8,16.3,10.0,,4.9,138.0,,17.0,,,0,0,36.49,0,0,0,0,0,0,0,0,0,0,0,1,1,0,1,1,0
BgZ,0,0,41.0,0.0,False,False,True,False,False,False,0,0,0,0,0,0,0,1,1,0,0,0,1,0,1,0,0,0,0,0,,1.1,106.0,0.72,157.5455,84.0,,,,,3.9,141.0,,3.0,85.0,129.0,0,0,48.18,0,0,0,0,0,0,1,1,0,0,0,0,0,1,1,1,1
BAa,0,0,86.0,0.0,False,False,False,False,False,False,0,1,0,0,0,0,0,1,1,1,0,1,1,0,1,0,1,0,0,0,,0.9,97.0,1.03,57.0,106.0,6.4,11.4,,418.0,4.0,137.0,,28.0,80.0,154.0,0,0,29.21,0,0,0,0,0,0,0,0,0,0,0,0,0,1,0,1,1
BQb,0,0,68.0,3.0,True,False,True,False,False,False,0,1,0,1,0,0,0,1,1,1,0,0,0,0,1,0,1,0,1,0,,0.3,103.0,0.87,,100.0,5.8,16.4,,292.0,4.4,140.0,10.0,19.0,79.0,129.0,0,1,26.68,0,0,0,0,1,0,0,0,0,0,0,0,0,1,0,0,1
Bgb,0,0,86.0,3.0,False,False,False,False,False,False,0,0,0,0,0,0,0,1,1,0,0,0,1,0,1,0,0,0,0,0,,0.3,98.0,1.25,68.0,116.0,5.9,16.0,,889.0,4.6,140.0,,26.0,56.0,87.0,0,1,30.36,0,0,0,0,0,0,0,0,0,0,0,0,0,1,0,1,1
Bwb,0,1,78.0,0.0,False,False,False,False,False,True,0,0,0,0,0,0,0,1,1,1,0,0,1,0,0,0,0,0,0,0,,0.5,102.0,1.37,69.0,107.0,,13.9,,8971.0,4.8,136.0,,19.0,83.0,109.0,0,0,31.03,0,0,0,0,0,0,1,0,0,0,0,0,0,1,0,1,1
Bwc,1,0,72.0,4.0,False,False,False,False,False,False,0,1,0,0,0,0,1,1,1,0,0,0,0,0,0,0,1,0,0,0,4.3,0.2,105.0,0.78,73.4455,,6.1,12.8,6.33,,4.0,140.0,,16.0,74.0,120.0,1,0,27.92,0,0,0,0,0,1,0,0,0,0,0,0,0,0,1,1,0
Bwd,1,0,84.0,5.0,False,False,False,False,False,False,0,0,0,0,0,0,0,1,1,1,0,0,0,0,0,0,1,0,0,0,,,,,,,,,,,,,,,,,0,1,,1,1,1,1,1,1,1,1,1,1,1,1,1,1,1,1,1
Bwf,0,1,74.0,2.0,False,False,False,False,False,False,0,1,0,0,0,0,1,1,1,0,1,1,1,1,0,0,0,0,0,0,,,105.0,1.12,62.6134,140.0,,16.1,9.1,,5.0,142.0,,16.0,60.0,142.0,1,0,22.92,0,1,0,0,0,0,1,0,0,0,0,0,0,0,1,1,1
Bwg,0,1,80.0,0.0,True,False,False,False,False,False,0,1,0,0,0,0,0,1,1,0,0,0,1,0,1,0,1,0,0,0,,0.5,106.0,1.21,57.7001,106.0,5.7,8.6,,3508.0,3.7,146.0,,37.0,61.0,138.0,0,1,25.19,0,0,0,0,0,0,0,0,0,0,0,0,0,1,0,1,1
BAh,0,1,68.0,0.0,False,False,False,True,False,False,1,1,0,0,0,1,0,1,1,1,0,1,1,0,0,0,1,0,0,0,,1.1,106.0,0.64,,92.0,6.0,14.6,,,4.6,139.0,186.0,16.0,79.0,126.0,0,1,31.2,0,0,0,0,1,0,0,0,0,0,0,0,0,1,1,0,1
Bwi,0,1,71.0,5.0,False,False,False,False,False,False,0,1,0,1,0,1,1,1,1,1,0,1,1,0,0,0,1,1,1,0,,0.5,103.0,1.17,65.0,98.0,8.7,10.2,,519.0,4.2,138.0,,19.0,72.0,118.0,1,0,30.19,0,0,0,0,0,0,0,0,0,0,0,0,0,1,0,1,1
Bgj,1,0,82.0,2.0,True,False,False,False,False,False,0,0,0,0,0,0,0,0,1,0,0,0,0,0,0,0,0,0,0,0,,0.5,105.0,0.72,79.6236,100.0,,13.8,,,4.4,141.0,,13.0,86.0,142.0,1,0,29.4,0,0,0,0,0,0,1,0,0,0,0,0,0,1,1,1,1
BAk,0,1,51.0,0.0,False,False,True,False,False,False,0,0,0,1,0,0,1,1,1,1,1,1,1,1,1,0,1,1,1,0,,1.0,99.0,0.86,63.8169,113.0,5.7,10.4,,1804.0,3.4,136.0,,19.0,55.0,104.0,0,1,38.27,0,0,0,0,0,0,0,0,0,0,0,0,0,1,0,1,1
BQk,1,0,66.0,5.0,False,False,False,False,False,False,1,1,0,0,0,0,1,0,1,0,0,0,0,1,0,0,0,0,0,0,,0.5,100.0,1.11,65.8773,110.0,7.5,15.1,,,4.3,136.0,,15.0,84.0,122.0,1,0,37.4009,0,0,0,0,0,0,0,0,0,0,0,0,0,1,1,1,1
Bgk,1,0,64.0,0.0,True,False,False,False,False,False,0,0,0,0,0,0,0,0,0,0,0,0,0,0,0,0,1,0,0,0,4.3,0.3,101.0,0.58,106.4053,91.0,,13.2,6.7,,4.2,141.0,,7.0,86.0,120.0,0,0,35.74,0,0,0,0,0,0,1,0,0,0,0,0,0,0,1,1,0
Bwm,0,0,73.0,0.0,False,False,False,False,False,False,0,0,0,0,0,0,0,1,1,0,0,1,0,1,0,0,1,0,0,0,,0.3,107.0,1.37,52.651,110.0,5.9,11.9,,,4.5,142.0,,19.0,63.0,130.0,0,1,25.83,0,0,0,0,0,0,0,0,0,0,0,0,0,1,1,1,1
Bgn,1,1,74.0,4.0,True,False,False,False,False,False,0,0,0,0,0,0,1,0,1,1,0,1,0,0,0,0,1,0,0,0,,,103.0,0.85,63.7182,157.0,7.9,8.6,,1685.0,3.7,141.0,,15.0,86.0,122.0,1,0,32.73,0,1,0,0,0,0,0,0,0,0,0,0,0,1,0,1,1
BQo,0,1,85.0,0.0,True,False,False,False,False,False,0,0,1,0,1,0,0,1,1,1,0,0,1,0,1,0,1,0,1,0,1.8,1.0,105.0,0.99,64.0,90.0,4.5,9.1,5.1,656.0,4.0,139.0,,18.0,72.0,101.0,0,0,21.13,0,0,0,0,0,0,0,0,0,0,0,0,0,0,0,1,0
Bgo,0,0,81.0,1.0,False,False,False,False,False,False,0,1,0,1,0,0,1,1,1,1,0,1,1,1,1,0,1,0,0,0,,0.9,100.0,0.84,91.9952,168.0,8.1,15.2,,803.0,4.4,135.0,17.0,17.0,65.0,125.0,0,1,29.44,0,0,0,0,0,0,0,0,0,0,0,0,0,1,0,0,1
BAp,0,0,49.0,3.0,False,False,False,False,False,False,0,0,0,0,1,0,1,1,1,0,0,0,1,0,0,0,1,0,0,0,3.7,0.4,102.0,1.32,39.234,78.0,6.3,11.6,9.3,,4.0,142.0,,14.0,70.0,106.0,0,0,36.4,0,0,0,0,0,0,0,0,0,0,0,0,0,0,1,1,0
Bwp,0,0,67.0,0.0,False,False,False,True,False,False,0,0,0,0,0,0,0,1,1,0,1,0,0,1,0,0,1,0,0,0,,,,,,,,,,,,,,,80.0,138.0,1,0,33.75,0,1,1,1,1,1,1,1,1,1,1,0,0,1,1,1,1
Bgt,0,0,84.0,0.0,True,False,False,False,False,False,0,1,0,0,1,0,1,1,1,1,0,1,1,0,0,0,1,0,0,0,4.0,0.4,102.0,1.11,49.4863,380.0,8.5,12.9,12.4,1349.0,4.5,140.0,,20.0,52.0,120.0,1,0,36.21,0,0,0,0,0,0,0,0,0,0,0,0,0,0,0,1,0
BAu,0,0,58.0,0.0,False,False,False,False,False,False,0,1,0,0,0,0,1,1,1,1,0,1,1,1,1,0,1,0,0,0,,0.7,101.0,1.1,67.829,144.0,7.0,16.1,,2813.0,4.1,136.0,16.0,19.0,81.0,122.0,0,0,39.51,0,0,0,0,0,0,0,0,0,0,0,0,0,1,0,0,1
Bwu,1,0,62.0,2.0,True,False,False,False,False,False,0,1,0,1,0,0,0,1,1,1,0,0,1,0,1,0,1,0,0,0,,1.0,100.0,0.84,71.1992,144.0,6.5,13.5,,,3.7,139.0,,14.0,88.0,152.0,1,0,,1,0,0,0,0,0,0,0,0,0,0,0,0,1,1,1,1
BAx,0,0,64.0,0.0,True,False,False,False,False,False,0,1,0,0,0,0,0,1,1,1,0,1,1,0,1,0,1,0,1,0,,0.3,100.0,0.47,131.3877,152.0,5.7,13.3,,11139.0,3.8,140.0,,11.0,88.0,155.0,1,0,27.03,0,0,0,0,0,0,0,0,0,0,0,0,0,1,0,1,1
BQx,0,0,85.0,1.0,True,False,False,False,True,False,0,1,0,0,0,0,1,0,1,1,0,1,1,1,1,0,1,0,0,0,,1.4,98.0,1.0,76.4813,99.0,6.3,15.0,,230.0,4.0,141.0,101.0,17.0,72.0,123.0,0,0,40.43,0,0,0,0,0,0,0,0,0,0,0,0,0,1,0,0,1
Bwx,0,1,48.0,0.0,False,False,False,True,False,False,0,0,0,0,0,0,1,1,1,0,0,1,1,0,1,0,1,0,0,0,,0.2,99.0,1.02,,130.0,7.0,12.4,,763.0,4.4,135.0,,20.0,56.0,105.0,0,1,49.39,0,0,0,0,1,0,0,0,0,0,0,0,0,1,0,1,1
Bwy,0,0,62.0,3.0,False,False,False,False,False,False,0,0,0,0,0,0,0,1,1,1,0,0,1,0,1,0,1,0,0,0,,1.4,103.0,1.14,77.0,86.0,6.1,14.0,,6039.0,3.3,144.0,,16.0,93.0,125.0,0,1,42.61,0,0,0,0,0,0,0,0,0,0,0,0,0,1,0,1,1
BQ0,0,0,60.0,0.0,False,False,False,False,False,False,0,0,0,0,0,0,1,1,1,0,1,1,0,1,1,0,1,0,0,0,4.5,0.4,0.1,0.63,,102.0,7.1,14.1,7.5,,0.0041,0.137,,,72.0,134.0,1,0,34.01,0,0,0,0,1,0,0,0,0,0,1,0,0,0,1,1,0
Bw0,0,0,79.0,0.0,False,False,False,False,False,False,0,1,0,0,1,0,0,1,1,1,0,0,1,0,1,0,1,0,1,0,4.1,0.4,96.0,1.69,29.5806,130.0,6.5,13.8,8.5,1361.0,5.0,137.0,,35.0,76.0,133.0,0,1,37.42,0,0,0,0,0,0,0,0,0,0,0,0,0,0,0,1,0
BQ1,0,0,41.0,0.0,False,False,False,False,False,False,0,0,0,0,1,0,0,1,1,0,0,0,1,0,1,0,1,0,0,0,,0.9,101.0,1.45,34.5716,111.0,5.9,14.3,,3410.0,4.3,139.0,,37.0,65.0,127.0,0,1,30.44,0,0,0,0,0,0,0,0,0,0,0,0,0,1,0,1,1
Bw1,0,0,61.0,0.0,True,False,False,False,False,False,0,1,0,0,0,0,0,0,0,0,0,0,0,0,1,0,0,0,0,0,,,,,,,,,,,,,,,83.0,123.0,0,1,27.89,0,1,1,1,1,1,1,1,1,1,1,0,0,1,1,1,1
BQ2,0,0,62.0,0.0,True,False,False,False,False,False,0,0,0,0,0,0,0,1,1,1,0,1,0,1,0,1,0,0,1,0,,0.3,102.0,1.17,55.0,136.0,8.0,10.8,,,4.4,141.0,,28.0,71.0,121.0,0,0,,1,0,0,0,0,0,0,0,0,0,0,0,0,1,1,1,1
Bg5,0,0,77.0,3.0,False,False,False,False,False,False,0,0,0,0,0,0,1,0,0,0,0,0,0,0,0,0,0,0,0,0,,,,,,,,,,,,,,,66.0,131.0,0,0,,1,1,1,1,1,1,1,1,1,1,1,0,0,1,1,1,1
BQ6,0,0,78.0,0.0,False,False,False,False,False,False,0,0,0,0,0,0,0,0,1,1,0,0,1,0,1,0,1,0,0,0,,0.3,96.0,0.88,63.7122,108.0,5.6,13.4,,2025.0,3.3,137.0,25.0,31.0,83.0,143.0,0,1,38.5,0,0,0,0,0,0,0,0,0,0,0,0,0,1,0,0,1
Bw6,0,1,78.0,0.0,False,False,False,True,False,False,0,1,0,0,0,1,1,1,1,1,1,1,0,1,1,0,1,1,0,0,,0.6,103.0,0.74,77.5878,154.0,6.8,13.0,,3803.0,4.2,138.0,,15.0,50.0,97.0,0,1,,1,0,0,0,0,0,0,0,0,0,0,0,0,1,0,1,1
Bg7,0,1,80.0,0.0,True,False,False,False,False,False,0,1,0,1,0,1,1,1,1,1,0,0,0,0,1,0,1,0,0,0,,0.2,100.0,0.87,89.8152,107.0,5.6,14.5,,292.0,4.1,136.0,,17.0,67.0,107.0,0,1,24.51,0,0,0,0,0,0,0,0,0,0,0,0,0,1,0,1,1
BQ9,0,0,48.0,4.0,False,False,False,False,False,False,0,1,0,0,0,0,0,0,1,0,0,0,0,0,1,0,0,0,0,0,,,,,,,,,,,,,,,74.0,131.0,0,1,30.62,0,1,1,1,1,1,1,1,1,1,1,0,0,1,1,1,1
Bg9,0,0,49.0,4.0,False,False,True,False,False,False,0,0,0,0,0,0,0,1,1,0,0,0,0,0,1,0,0,0,0,0,4.3,0.2,99.0,0.79,77.3518,,,11.9,6.1,57.0,4.3,138.0,,17.0,78.0,122.0,0,1,42.51,0,0,0,0,0,1,1,0,0,0,0,0,0,0,0,1,0
Bw9,0,0,80.0,0.0,True,False,False,False,False,False,0,1,0,0,0,0,1,1,1,0,0,1,1,0,1,0,1,0,1,0,,0.5,101.0,0.95,81.1451,138.0,6.9,15.6,,828.0,4.3,138.0,48.0,24.0,84.0,130.0,0,1,42.25,0,0,0,0,0,0,0,0,0,0,0,0,0,1,0,0,1
Bg#,0,0,85.0,0.0,True,False,False,False,False,True,0,0,0,0,0,0,0,1,1,1,0,1,1,0,1,0,1,0,0,0,,0.7,99.0,1.01,71.0762,93.0,5.6,14.6,6.51,5729.0,4.2,139.0,41.0,25.0,72.0,113.0,0,1,22.11,0,0,0,0,0,0,0,0,0,0,0,0,0,0,0,0,1
BAAB,0,0,75.0,3.0,True,False,False,False,False,False,0,0,0,1,0,0,0,0,1,0,1,0,1,0,1,0,1,0,0,0,,,104.0,1.32,38.159,187.0,,,,,4.3,141.0,,43.0,58.0,110.0,0,1,24.96,0,1,0,0,0,0,1,1,0,0,0,0,0,1,1,1,1
BQBB,0,0,85.0,0.0,True,False,False,False,False,False,0,0,0,0,0,0,1,1,1,0,1,0,0,1,1,0,1,0,0,0,4.2,0.5,102.0,0.99,81.3833,105.0,5.4,12.4,5.9,111.0,4.3,137.0,,16.0,64.0,110.0,0,1,30.3418,0,0,0,0,0,0,0,0,0,0,0,0,0,0,0,1,0
BQCB,0,0,69.0,0.0,True,False,False,False,False,False,0,0,0,0,0,0,1,1,1,0,0,0,0,0,1,0,1,0,0,0,3.3,0.3,106.0,1.3,,,6.3,15.8,6.5,,4.3,140.0,,20.0,69.0,104.0,0,1,32.49,0,0,0,0,1,1,0,0,0,0,0,0,0,0,1,1,0
BgCB,1,0,81.0,4.0,True,False,False,False,False,False,0,0,0,0,0,0,0,0,1,1,0,0,0,1,0,1,1,0,0,0,4.6,0.9,100.0,0.95,80.8687,250.0,10.5,15.3,7.0,,4.4,137.0,,14.0,85.0,127.0,0,0,36.98,0,0,0,0,0,0,0,0,0,0,0,0,0,0,1,1,0
BQDB,0,0,72.0,0.0,False,False,False,False,False,False,0,0,0,0,0,0,0,1,1,1,0,0,1,0,1,0,1,0,0,0,,0.6,102.0,1.06,73.0814,146.0,5.9,16.6,,4302.0,4.2,139.0,15.0,17.0,68.0,110.0,0,1,31.96,0,0,0,0,0,0,0,0,0,0,0,0,0,1,0,0,1
BgDB,0,0,80.0,0.0,False,False,False,False,False,False,0,1,0,0,0,0,0,1,1,1,0,0,0,0,0,1,1,0,0,0,,0.6,98.0,0.97,96.0,132.0,5.6,17.9,,5765.0,,136.0,,12.0,102.0,134.0,0,0,27.68,0,0,0,0,0,0,0,0,1,0,0,0,0,1,0,1,1
BwEB,0,0,80.0,1.0,True,False,False,False,False,False,0,1,0,1,0,0,0,0,0,0,0,0,0,0,0,0,0,0,0,0,4.1,0.8,0.103,1.45,46.7086,103.0,,13.7,9.5,,0.0041,0.139,,,76.0,128.0,1,0,38.41,0,0,0,0,0,0,1,0,0,0,1,0,0,0,1,1,0
BQFB,0,0,78.0,1.0,False,False,False,False,False,False,0,1,0,0,0,1,0,1,1,0,0,0,0,0,1,0,1,0,0,0,,,,,,,,,,,,,,,62.0,138.0,0,0,22.55,0,1,1,1,1,1,1,1,1,1,1,0,0,1,1,1,1
BgFB,1,0,55.0,1.0,False,False,False,False,False,False,0,0,0,0,0,0,0,1,1,0,0,0,0,0,0,0,1,0,0,0,,,,,,,,,,,,,,,90.0,160.0,1,0,,1,1,1,1,1,1,1,1,1,1,1,0,0,1,1,1,1
BwGB,0,1,85.0,0.0,False,False,False,False,False,False,0,0,0,0,1,0,0,1,1,0,0,0,1,0,1,0,0,0,0,0,,0.9,100.0,1.11,48.0,89.0,5.9,14.6,,33343.0,3.5,139.0,,28.0,78.0,132.0,0,1,22.56,0,0,0,0,0,0,0,0,0,0,0,0,0,1,0,1,1
BQHB,0,0,56.0,4.0,True,False,False,True,False,True,0,0,0,0,0,0,0,1,1,1,0,0,0,0,0,0,1,0,1,0,,,,,,,,,,,,,,,80.0,124.0,1,0,27.62,0,1,1,1,1,1,1,1,1,1,1,0,0,1,1,1,1
BwHB,0,0,70.0,0.0,False,False,False,False,False,False,0,0,0,0,0,0,1,1,1,1,1,1,1,1,0,0,0,0,0,0,,0.9,101.0,1.22,59.8032,240.0,7.5,14.6,,8605.0,3.8,140.0,,20.0,103.0,171.0,0,0,25.98,0,0,0,0,0,0,0,0,0,0,0,0,0,1,0,1,1
BQJB,0,0,52.0,0.0,False,False,False,False,False,False,0,0,0,0,0,1,0,1,1,0,1,0,1,1,0,1,1,1,0,0,,0.4,101.0,1.37,49.8701,204.0,,15.1,,,4.3,139.0,,28.0,72.0,157.0,0,0,,1,0,0,0,0,0,1,0,0,0,0,0,0,1,1,1,1
BwJB,0,0,83.0,4.0,False,False,False,False,False,False,0,1,0,0,0,0,1,0,1,0,0,0,0,0,0,1,0,0,0,0,4.1,1.1,106.0,1.01,70.547,125.0,7.1,15.6,8.0,,4.6,145.0,,18.0,67.0,152.0,1,0,24.12,0,0,0,0,0,0,0,0,0,0,0,0,0,0,1,1,0
BAMB,0,0,81.0,2.0,False,False,False,False,False,False,0,1,0,0,0,0,0,1,1,0,0,0,0,0,0,0,0,0,0,0,4.6,0.5,0.104,1.42,49.1464,267.0,,,,,0.005,0.139,,,66.0,99.0,0,1,33.9,0,0,0,0,0,0,1,1,0,0,1,0,0,1,1,1,0
BgMB,0,0,,,True,False,False,False,False,False,0,1,0,0,0,0,1,1,1,0,1,1,1,1,0,0,1,0,0,0,,0.4,99.0,1.02,75.0132,191.0,8.3,15.3,,984.0,4.2,138.0,,33.0,78.0,143.0,0,1,30.86,0,0,0,0,0,0,0,0,0,0,0,0,0,1,0,1,1
BwMB,0,0,67.0,6.0,False,False,False,False,False,False,0,0,0,0,0,0,0,1,1,0,0,1,1,1,1,0,1,0,0,0,,0.3,103.0,1.15,60.0154,109.0,6.8,12.7,,,4.5,137.0,125.0,22.0,56.0,111.0,0,1,26.12,0,0,0,0,0,0,0,0,0,0,0,0,0,1,1,0,1
BgPB,0,0,57.0,0.0,False,False,False,False,False,False,0,1,0,0,0,0,0,1,1,1,0,1,0,0,1,0,1,0,0,0,,0.5,105.0,0.8,92.779,108.0,6.0,12.4,,731.0,4.1,142.0,9.0,19.0,79.0,147.0,0,1,36.01,0,0,0,0,0,0,0,0,0,0,0,0,0,1,0,0,1
BwQB,1,0,31.0,3.0,False,False,False,False,False,False,1,1,0,0,0,0,1,0,1,1,0,0,0,1,1,0,0,0,0,0,4.1,1.1,104.0,0.72,,114.0,,13.2,6.1,,4.0,140.0,,13.0,72.0,120.0,1,0,48.13,0,0,0,0,1,0,1,0,0,0,0,0,0,0,1,1,0
BARB,0,0,78.0,5.0,False,False,False,False,False,False,0,1,0,0,0,0,0,0,1,0,0,1,0,0,0,0,1,0,0,0,,0.8,98.0,0.93,57.8616,295.0,7.7,17.0,,948.0,4.4,140.0,27.0,28.0,89.0,147.0,0,0,23.31,0,0,0,0,0,0,0,0,0,0,0,0,0,1,0,0,1
BQRB,1,1,82.0,0.0,False,False,False,False,False,False,0,0,0,0,0,0,0,1,1,0,0,0,1,1,1,0,1,0,0,1,3.9,0.9,101.0,0.87,86.5022,,7.3,13.4,4.54,365.0,4.1,136.0,,16.0,68.0,96.0,0,1,25.53,0,0,0,0,0,1,0,0,0,0,0,0,0,0,0,1,0
BgSB,0,0,69.0,0.0,False,False,False,False,False,False,0,0,0,0,0,0,0,1,1,0,0,0,1,0,0,0,0,0,0,0,,0.6,97.0,1.39,36.0355,98.0,5.3,9.7,,16703.0,3.8,137.0,,38.0,52.0,130.0,0,1,,1,0,0,0,0,0,0,0,0,0,0,0,0,1,0,1,1
BwSB,1,0,56.0,0.0,False,False,False,True,True,False,0,1,0,0,1,0,1,1,1,0,1,1,0,0,0,0,1,0,1,0,4.1,0.3,101.0,1.26,61.0,157.0,,14.6,,106.0,4.6,138.0,,18.0,65.0,117.0,0,0,26.14,0,0,0,0,0,0,1,0,0,0,0,0,0,1,0,1,0
BAUB,0,1,75.0,0.0,True,False,False,False,False,False,0,0,0,0,0,0,0,1,0,0,0,0,1,1,0,0,0,0,0,0,3.9,0.3,110.0,1.37,54.7805,53.0,,,,3446.0,5.1,140.0,,40.0,76.0,134.0,0,1,26.5,0,0,0,0,0,0,1,1,0,0,0,0,0,1,0,1,0
BwUB,1,0,84.0,1.0,False,False,False,False,False,False,0,0,0,0,0,0,0,0,0,0,0,0,0,0,0,1,0,0,0,0,,,,,,,,,,,,,,,,,0,0,37.83,0,1,1,1,1,1,1,1,1,1,1,1,1,1,1,1,1
BAVB,0,0,76.0,0.0,True,False,False,False,False,False,0,1,0,0,0,0,1,1,1,0,0,1,1,0,1,1,1,0,0,0,,0.5,98.0,1.02,73.7645,205.0,8.5,15.4,,994.0,4.0,137.0,20.0,17.0,78.0,138.0,1,0,28.0,0,0,0,0,0,0,0,0,0,0,0,0,0,1,0,0,1
BwWB,0,1,73.0,4.0,False,False,False,True,True,False,0,0,0,0,0,0,1,1,1,0,0,1,0,1,1,0,1,0,0,0,,,,,,,7.9,,,,,,,,51.0,90.0,0,1,35.53,0,1,1,1,1,1,0,1,1,1,1,0,0,1,1,1,1
BQXB,0,0,86.0,1.0,False,True,False,False,False,False,0,0,0,0,0,0,0,0,0,0,0,0,0,0,0,0,0,0,0,0,,,,,,,,,,,,,,,68.0,106.0,0,0,27.4,0,1,1,1,1,1,1,1,1,1,1,0,0,1,1,1,1
BwXB,0,0,55.0,1.0,False,False,False,False,False,False,0,1,0,0,0,0,0,1,1,0,0,0,0,1,1,0,1,0,0,0,,,,,,,,,,,,,,,90.0,130.0,0,0,33.9,0,1,1,1,1,1,1,1,1,1,1,0,0,1,1,1,1
BgYB,0,0,68.0,0.0,True,False,False,False,False,False,0,1,0,1,0,0,1,0,1,1,0,1,1,1,0,0,1,0,0,0,4.2,0.4,104.0,0.68,90.1676,107.0,8.7,8.9,6.7,,3.9,142.0,,11.0,58.0,108.0,0,0,38.98,0,0,0,0,0,0,0,0,0,0,0,0,0,0,1,1,0
BAZB,1,0,47.0,0.0,True,False,False,False,False,False,0,0,0,0,0,0,1,1,1,0,0,0,0,0,0,0,1,0,0,0,,,,,,,7.0,,,,,,,,86.0,151.0,1,0,31.01,0,1,1,1,1,1,0,1,1,1,1,0,0,1,1,1,1
BQZB,0,0,61.0,0.0,True,False,True,False,False,False,0,1,0,0,0,0,1,1,0,1,0,1,1,1,0,0,1,0,0,0,,,101.0,0.85,88.3556,126.0,,15.3,,,4.3,140.0,,15.0,68.0,100.0,0,0,30.67,0,1,0,0,0,0,1,0,0,0,0,0,0,1,1,1,1
BwZB,0,0,72.0,4.0,True,False,False,False,False,False,0,0,0,0,0,0,0,0,0,0,0,0,0,0,0,0,0,0,0,0,,,,,,,,,,,,,,,,,1,0,22.31,0,1,1,1,1,1,1,1,1,1,1,1,1,1,1,1,1
BgaB,0,1,84.0,0.0,True,False,False,False,False,False,0,1,0,0,0,0,0,1,1,1,0,1,0,0,0,0,1,0,0,0,,0.7,100.0,0.89,86.3328,148.0,,14.1,,512.0,4.4,135.0,405.0,10.0,89.0,133.0,0,0,24.49,0,0,0,0,0,0,1,0,0,0,0,0,0,1,0,0,1
BwbB,0,0,64.0,1.0,False,False,False,False,False,False,0,0,0,0,0,0,1,1,1,1,0,1,1,1,1,0,0,1,0,0,,0.9,97.0,0.9,90.0,98.0,4.5,9.3,,2183.0,3.8,139.0,,22.0,46.0,114.0,1,0,37.43,0,0,0,0,0,0,0,0,0,0,0,0,0,1,0,1,1
BgeB,0,0,84.0,0.0,False,False,False,False,False,False,0,1,0,0,1,1,0,0,0,1,0,0,0,0,0,0,1,0,0,0,,0.5,106.0,1.01,52.3458,97.0,5.5,11.1,,5124.0,4.4,140.0,325.0,24.0,54.0,126.0,0,0,,1,0,0,0,0,0,0,0,0,0,0,0,0,1,0,0,1
BweB,0,0,24.0,6.0,False,False,True,False,False,False,0,0,0,0,0,0,1,0,1,1,0,1,0,1,0,0,1,0,0,0,,,99.0,0.86,90.4076,293.0,8.6,14.5,,,5.1,135.0,,12.0,82.0,152.0,0,1,24.78,0,1,0,0,0,0,0,0,0,0,0,0,0,1,1,1,1
BQfB,0,0,49.0,4.0,False,False,True,False,False,False,0,1,0,0,0,0,0,1,1,0,0,0,1,0,1,1,1,0,1,0,,0.7,108.0,1.28,70.0,94.0,5.9,13.6,,2005.0,5.1,139.0,,21.0,93.0,126.0,0,1,32.2,0,0,0,0,0,0,0,0,0,0,0,0,0,1,0,1,1
BgfB,0,0,73.0,2.0,False,False,False,False,False,False,0,0,0,0,0,0,0,0,0,0,0,0,0,1,0,0,0,0,0,0,,,,,,,,,,,,,,,82.0,134.0,1,0,32.42,0,1,1,1,1,1,1,1,1,1,1,0,0,1,1,1,1
BwfB,0,0,76.0,7.0,False,True,False,False,False,False,0,1,0,0,0,0,0,1,1,0,0,0,0,0,0,0,1,0,0,0,4.2,0.5,106.0,1.04,71.6738,125.0,5.6,15.0,7.8,,4.9,143.0,,21.0,70.0,128.0,0,1,31.87,0,0,0,0,0,0,0,0,0,0,0,0,0,0,1,1,0
BAgB,1,0,67.0,2.0,False,False,False,False,False,False,0,0,0,0,0,0,1,0,0,0,1,1,1,1,0,0,0,0,0,0,,,,,,,,,,,,,,,72.0,134.0,1,0,33.28,0,1,1,1,1,1,1,1,1,1,1,0,0,1,1,1,1
BAhB,0,0,72.0,4.0,True,False,False,False,False,False,0,0,0,0,1,0,0,0,0,0,0,0,0,0,0,0,0,0,0,0,,,108.0,1.6,50.6593,137.0,5.7,10.5,,,5.6,139.0,,31.0,,,0,0,27.55,0,1,0,0,0,0,0,0,0,0,0,1,1,1,1,1,1
BQhB,0,0,85.0,0.0,True,False,False,False,False,False,0,0,0,1,0,0,0,1,1,0,0,0,1,0,0,0,1,0,0,0,,1.4,91.0,1.09,70.0,78.0,,15.2,,2768.0,4.2,132.0,,15.0,56.0,113.0,1,0,25.67,0,0,0,0,0,0,1,0,0,0,0,0,0,1,0,1,1
BQiB,0,0,83.0,5.0,True,False,False,False,False,False,0,1,0,0,0,1,1,1,0,1,0,0,0,1,0,0,1,0,1,0,4.3,0.4,99.0,0.76,78.7229,377.0,12.8,14.0,7.0,115.0,4.4,138.0,,18.0,86.0,150.0,1,0,37.76,0,0,0,0,0,0,0,0,0,0,0,0,0,0,0,1,0
BwiB,0,0,79.0,1.0,False,False,False,True,False,False,0,0,0,0,0,0,0,0,0,0,0,0,0,0,0,0,0,0,0,0,,,,,,,,,,,,,,,82.0,132.0,1,0,34.67,0,1,1,1,1,1,1,1,1,1,1,0,0,1,1,1,1
BgkB,0,0,80.0,0.0,False,False,False,False,False,False,0,1,0,0,0,0,0,1,1,1,0,1,1,0,1,0,1,0,1,0,3.0,0.8,107.0,1.28,40.7631,85.0,5.6,8.2,22.01,8223.0,4.4,142.0,,30.0,55.0,93.0,0,0,19.81,0,0,0,0,0,0,0,0,0,0,0,0,0,0,0,1,0
BglB,0,0,73.0,0.0,False,False,False,False,False,False,0,1,0,0,1,0,1,1,1,1,0,1,0,0,0,0,0,0,1,0,3.9,0.4,112.0,1.02,60.0,106.0,5.4,10.0,8.2,9299.0,4.5,141.0,,26.0,65.0,105.0,0,0,31.81,0,0,0,0,0,0,0,0,0,0,0,0,0,0,0,1,0
BgmB,0,0,69.0,0.0,False,False,False,False,False,False,0,0,1,0,0,0,0,0,1,0,0,0,0,0,0,0,0,0,0,0,,0.7,100.0,0.91,95.3705,113.0,5.0,13.4,,,3.7,134.0,,17.0,66.0,97.0,0,1,33.84,0,0,0,0,0,0,0,0,0,0,0,0,0,1,1,1,1
BwqB,0,0,54.0,0.0,False,False,False,True,False,True,0,0,0,0,0,0,1,0,1,0,0,0,0,0,0,0,1,0,0,0,4.5,0.7,105.0,1.0,,131.0,,14.9,10.9,,4.0,144.0,,13.0,64.0,108.0,0,0,31.75,0,0,0,0,1,0,1,0,0,0,0,0,0,0,1,1,0
BgsB,0,0,73.0,0.0,False,False,False,True,False,False,0,0,0,0,0,0,0,1,1,1,0,0,1,0,1,0,0,0,0,0,,0.4,102.0,0.81,95.0,166.0,8.5,13.3,,2162.0,3.9,141.0,,13.0,110.0,146.0,0,0,29.45,0,0,0,0,0,0,0,0,0,0,0,0,0,1,0,1,1
BwsB,0,0,,,True,False,False,False,False,False,0,0,0,0,0,0,0,0,1,1,0,0,0,0,0,0,0,0,0,0,,1.4,100.0,0.66,125.3114,75.0,,14.6,,,4.3,133.0,9.0,10.0,66.0,91.0,0,1,28.98,0,0,0,0,0,0,1,0,0,0,0,0,0,1,1,0,1
BAtB,1,0,71.0,1.0,True,False,False,False,False,False,0,0,1,0,0,0,1,1,0,0,0,0,0,1,0,0,1,0,1,0,4.4,0.3,104.0,0.72,82.0776,123.0,,13.8,7.3,,4.5,143.0,,15.0,79.0,156.0,0,0,37.6,0,0,0,0,0,0,1,0,0,0,0,0,0,0,1,1,0
BgtB,0,0,75.0,0.0,False,False,False,False,False,False,0,1,0,0,0,1,1,1,1,1,0,1,0,1,0,0,1,0,0,0,3.4,0.5,102.0,1.06,66.5589,93.0,8.9,13.8,11.89,2315.0,3.9,139.0,,18.0,56.0,114.0,0,0,24.51,0,0,0,0,0,0,0,0,0,0,0,0,0,0,0,1,0
BwtB,1,0,80.0,0.0,True,False,False,True,False,False,0,0,0,0,0,0,0,0,0,0,0,0,1,0,0,0,0,0,0,0,,,,,,,,,,,,,,,72.0,114.0,0,0,39.32,0,1,1,1,1,1,1,1,1,1,1,0,0,1,1,1,1
BAuB,0,0,42.0,0.0,False,False,True,False,False,False,0,0,0,0,0,0,0,1,1,0,0,0,0,0,1,0,0,0,0,0,,,,,,,,,,,,,,,80.0,140.0,0,1,,1,1,1,1,1,1,1,1,1,1,1,0,0,1,1,1,1
BwuB,0,0,54.0,0.0,False,False,False,False,False,False,0,1,0,0,0,0,1,1,0,1,0,0,0,0,0,0,0,0,0,0,,,100.0,1.16,66.0,82.0,,15.1,,,5.0,139.0,,22.0,81.0,177.0,1,0,36.73,0,1,0,0,0,0,1,0,0,0,0,0,0,1,1,1,1
BAvB,1,0,71.0,5.0,False,False,False,False,False,False,0,0,0,0,0,0,0,1,0,0,0,0,0,0,0,0,0,0,0,0,,,,,,,,,,,,,,,,,0,0,25.84,0,1,1,1,1,1,1,1,1,1,1,1,1,1,1,1,1
BgvB,0,0,76.0,1.0,False,False,False,False,False,False,0,0,0,0,0,0,0,1,1,0,0,0,1,0,1,0,1,0,0,0,,2.7,100.0,0.93,81.8002,109.0,5.6,12.8,,2052.0,4.0,138.0,,16.0,56.0,91.0,1,0,34.42,0,0,0,0,0,0,0,0,0,0,0,0,0,1,0,1,1
BQwB,0,1,64.0,5.0,False,False,False,True,False,True,0,1,0,0,0,0,1,0,1,1,0,1,1,1,0,0,1,0,0,1,,0.3,102.0,1.13,61.2429,138.0,6.4,8.9,,4937.0,4.0,139.0,59.0,37.0,68.0,113.0,1,0,27.59,0,0,0,0,0,0,0,0,0,0,0,0,0,1,0,0,1
BgwB,0,0,58.0,1.0,False,False,False,False,False,False,0,1,0,0,0,0,0,1,1,1,0,0,1,0,1,0,1,0,1,0,,1.0,100.0,0.76,95.0,94.0,6.4,13.2,,4167.0,3.9,139.0,,28.0,65.0,124.0,0,1,25.98,0,0,0,0,0,0,0,0,0,0,0,0,0,1,0,1,1
BAxB,0,0,75.0,0.0,False,False,False,False,False,False,0,0,0,0,1,0,1,1,1,1,0,1,1,0,1,0,0,0,0,0,,0.5,99.0,1.48,63.4839,89.0,6.6,13.7,,5160.0,4.2,137.0,32.0,17.0,84.0,127.0,0,1,38.44,0,0,0,0,0,0,0,0,0,0,0,0,0,1,0,0,1
BwxB,1,0,60.0,1.0,False,False,False,True,False,False,0,0,0,0,0,0,1,1,0,1,0,0,0,1,0,0,1,0,0,0,4.4,0.5,0.102,0.66,89.3295,102.0,6.5,13.9,6.7,,0.0043,0.142,,16.0,80.0,140.0,0,0,35.57,0,0,0,0,0,0,0,0,0,0,0,0,0,0,1,1,0
BQyB,0,0,62.0,0.0,False,False,False,False,False,False,0,1,0,0,0,0,0,1,1,1,0,0,1,0,1,0,1,0,1,0,,0.6,101.0,0.7,79.7205,78.0,5.5,11.8,,185.0,4.1,131.0,22.0,15.0,58.0,117.0,0,1,23.29,0,0,0,0,0,0,0,0,0,0,0,0,0,1,0,0,1
BAzB,1,0,68.0,0.0,False,False,False,False,False,False,0,1,0,0,0,0,1,1,0,0,1,0,0,1,0,0,1,1,1,1,,,,,,,,,,,,,,,80.0,117.0,0,1,34.61,0,1,1,1,1,1,1,1,1,1,1,0,0,1,1,1,1
BA0B,0,0,83.0,0.0,False,False,False,False,False,False,0,1,0,0,0,0,0,1,1,0,0,0,1,0,1,1,1,0,1,0,3.8,0.4,106.0,0.65,86.0,96.0,5.0,10.4,9.27,2303.0,4.1,138.0,,12.0,71.0,153.0,0,1,28.69,0,0,0,0,0,0,0,0,0,0,0,0,0,0,0,1,0
BQ0B,0,1,46.0,1.0,False,False,False,False,False,True,0,1,0,0,0,0,1,1,1,1,0,1,1,1,1,1,1,0,1,0,,0.5,97.0,1.14,78.3823,191.0,7.5,12.0,,2456.0,4.2,140.0,,20.0,74.0,131.0,0,0,31.87,0,0,0,0,0,0,0,0,0,0,0,0,0,1,0,1,1
BA1B,0,1,66.0,1.0,True,False,False,False,False,False,0,0,0,0,0,0,0,1,1,0,0,0,0,0,1,0,0,0,1,0,4.5,0.2,105.0,0.87,108.1219,,,,,94.7,4.5,139.0,,17.0,100.0,142.0,0,0,22.75,0,0,0,0,0,1,1,1,0,0,0,0,0,1,0,1,0
Bg2B,0,0,63.0,0.0,True,False,False,False,False,True,0,0,0,0,0,0,0,1,1,1,0,0,1,0,1,0,1,0,0,0,,1.0,102.0,0.78,106.6903,96.0,5.9,12.5,,1240.0,4.4,135.0,13.0,22.0,68.0,101.0,0,1,25.36,0,0,0,0,0,0,0,0,0,0,0,0,0,1,0,0,1
Bw5B,0,1,84.0,0.0,True,True,False,False,False,False,0,0,0,1,0,0,0,0,1,0,0,0,1,0,1,0,1,0,0,0,,0.4,107.0,0.91,62.6401,103.0,5.0,8.4,,12867.0,4.3,144.0,,6.0,54.0,91.0,1,0,25.62,0,0,0,0,0,0,0,0,0,0,0,0,0,1,0,1,1
BA6B,0,0,53.0,0.0,False,False,False,False,False,False,0,0,0,0,0,1,0,1,1,1,0,0,1,0,1,1,1,0,0,0,4.0,0.3,95.0,1.21,,107.0,6.2,11.7,,112.0,3.7,139.0,,30.0,66.0,103.0,0,0,44.38,0,0,0,0,1,0,0,0,0,0,0,0,0,1,0,1,0
Bw6B,1,0,63.0,8.0,False,False,False,False,False,True,0,0,0,0,0,0,1,1,0,0,0,0,0,0,0,0,1,0,0,0,4.2,0.8,106.0,1.02,86.7684,133.0,7.8,15.5,8.2,,4.7,142.0,,20.0,79.0,146.0,0,0,35.8,0,0,0,0,0,0,0,0,0,0,0,0,0,0,1,1,0
BQ7B,0,0,84.0,4.0,False,False,False,False,False,False,0,0,0,0,0,0,0,1,1,1,0,0,1,0,1,0,1,0,0,0,,,,,,,,,,,,,,,72.0,118.0,1,0,27.06,0,1,1,1,1,1,1,1,1,1,1,0,0,1,1,1,1
BA8B,0,0,78.0,0.0,True,False,False,False,False,True,0,0,0,0,0,0,0,1,1,0,0,1,0,1,1,0,0,1,1,1,4.2,0.9,103.0,0.78,,,6.8,14.9,8.69,883.9,4.2,140.0,,20.0,,,0,0,34.7,0,0,0,0,1,1,0,0,0,0,0,1,1,0,0,1,0
BQ9B,0,0,83.0,0.0,False,False,False,False,False,False,0,0,0,0,0,0,0,1,1,1,0,0,1,0,1,0,0,0,1,0,,1.9,87.0,1.05,61.0,85.0,5.3,8.7,,4378.0,4.1,141.0,,16.0,54.0,105.0,1,0,49.93,0,0,0,0,0,0,0,0,0,0,0,0,0,1,0,1,1
BA_B,1,0,86.0,2.0,True,False,False,True,True,False,0,0,0,0,0,0,1,1,1,0,1,0,0,0,0,0,1,0,0,0,4.3,0.3,106.0,0.96,59.2838,106.0,6.3,,,,4.1,145.0,,18.0,78.0,147.0,0,0,35.78,0,0,0,0,0,0,0,1,0,0,0,0,0,1,1,1,0
BAAC,1,0,71.0,3.0,False,False,False,False,False,False,0,1,0,0,0,0,0,1,1,0,0,0,0,0,0,0,1,0,0,0,,0.8,106.0,0.67,87.5291,105.0,5.4,,,441.0,4.8,143.0,,11.0,85.0,126.0,1,0,48.71,0,0,0,0,0,0,0,1,0,0,0,0,0,1,0,1,1
BQAC,0,0,70.0,4.0,False,False,False,False,False,False,0,0,0,0,0,0,0,1,0,0,0,0,1,0,1,0,0,0,0,0,4.1,0.4,104.0,1.16,65.6111,107.0,5.6,,,111.0,5.0,141.0,,19.0,77.0,117.0,0,1,39.14,0,0,0,0,0,0,0,1,0,0,0,0,0,1,0,1,0
BACC,0,0,56.0,1.0,False,False,True,False,False,False,0,1,0,0,1,0,0,1,1,1,0,0,1,0,1,1,1,0,0,0,,1.0,103.0,1.44,34.7631,81.0,5.3,12.1,,28426.0,3.8,143.0,18.0,37.0,72.0,114.0,0,1,27.2875,0,0,0,0,0,0,0,0,0,0,0,0,0,1,0,0,1
BQCC,0,0,60.0,1.0,False,False,False,True,False,True,0,1,0,1,0,0,1,1,1,0,1,1,1,1,0,0,1,1,0,0,,0.8,103.0,1.03,71.3952,178.0,9.2,16.9,,2978.0,4.5,141.0,166.0,27.0,82.0,140.0,0,0,34.49,0,0,0,0,0,0,0,0,0,0,0,0,0,1,0,0,1
BgEC,0,0,72.0,1.0,False,False,False,False,False,False,0,0,0,0,0,0,0,0,1,0,1,0,0,1,0,0,1,0,0,0,,,,,,,,,,,,,,,64.0,111.0,0,0,,1,1,1,1,1,1,1,1,1,1,1,0,0,1,1,1,1
BQGC,0,0,63.0,0.0,True,False,False,False,False,False,0,1,0,0,0,0,1,1,1,1,0,1,0,1,0,1,1,1,1,0,,1.4,103.0,0.95,,112.0,8.3,13.6,,2302.0,4.3,140.0,,12.0,76.0,124.0,0,1,23.73,0,0,0,0,1,0,0,0,0,0,0,0,0,1,0,1,1
BgGC,0,0,68.0,0.0,True,False,False,False,False,False,0,1,0,0,0,0,0,1,1,1,0,0,0,0,1,0,1,0,0,0,,,101.0,0.66,,116.0,,14.4,,,4.0,139.0,,9.0,68.0,107.0,0,0,29.65,0,1,0,0,1,0,1,0,0,0,0,0,0,1,1,1,1
BQHC,0,1,79.0,6.0,False,False,False,False,False,False,0,1,0,0,0,0,1,1,1,0,0,1,1,0,0,0,1,0,0,0,,,97.0,0.76,83.0,265.0,8.4,14.4,,274.0,4.2,134.0,,18.0,60.0,130.0,1,0,46.83,0,1,0,0,0,0,0,0,0,0,0,0,0,1,0,1,1
BgIC,0,0,63.0,0.0,True,False,False,False,False,False,0,1,0,0,0,1,0,1,1,1,0,0,0,0,1,1,1,0,1,0,,0.5,109.0,1.04,69.2507,80.0,5.2,13.2,,335.0,4.3,139.0,,20.0,58.0,110.0,0,1,29.37,0,0,0,0,0,0,0,0,0,0,0,0,0,1,0,1,1
BQKC,0,0,50.0,0.0,True,False,False,False,False,False,0,0,0,0,0,1,1,1,1,1,1,1,1,1,0,0,1,0,1,0,,0.7,101.0,1.87,36.0,173.0,,12.7,,,4.5,136.0,,33.0,81.0,152.0,0,1,26.05,0,0,0,0,0,0,1,0,0,0,0,0,0,1,1,1,1
BgKC,1,0,73.0,0.0,True,False,False,False,False,False,0,0,0,0,0,1,1,0,1,1,0,1,1,0,0,0,1,1,0,0,,0.3,100.0,0.92,,147.0,,7.7,,,4.2,140.0,,16.0,50.0,96.0,1,0,36.09,0,0,0,0,1,0,1,0,0,0,0,0,0,1,1,1,1
BQLC,1,0,59.0,0.0,False,False,False,False,False,False,0,0,0,0,0,0,1,1,1,0,0,1,1,0,0,0,1,0,0,0,,,,,,,,,,,,,,,68.0,134.0,0,0,33.2,0,1,1,1,1,1,1,1,1,1,1,0,0,1,1,1,1
BAMC,1,0,74.0,1.0,True,False,False,False,False,True,0,1,0,1,0,0,1,1,0,1,0,1,0,1,0,0,0,0,0,0,4.4,0.7,103.0,0.99,74.9529,124.0,7.0,18.4,9.0,120.6,5.3,144.0,,,68.0,142.0,1,0,38.39,0,0,0,0,0,0,0,0,0,0,1,0,0,0,0,1,0
BgMC,0,0,29.0,0.0,False,False,False,False,False,False,0,0,0,0,0,0,0,1,1,0,0,0,0,0,1,0,0,0,1,0,,0.4,104.0,0.67,94.0,96.0,,10.7,,1530.0,4.0,141.0,,17.0,55.0,108.0,0,1,17.4,0,0,0,0,0,0,1,0,0,0,0,0,0,1,0,1,1
BwNC,0,0,69.0,5.0,True,False,False,False,False,False,0,0,0,0,0,0,0,0,0,0,0,0,1,0,0,0,0,0,0,0,4.3,0.7,104.0,0.92,60.3498,76.0,,,,,4.8,137.0,,31.0,64.0,108.0,0,1,33.88,0,0,0,0,0,0,1,1,0,0,0,0,0,1,1,1,0
BQOC,0,0,53.0,0.0,False,False,True,False,False,False,0,1,0,1,0,0,0,1,0,1,0,1,0,0,1,0,1,0,0,0,,0.3,104.0,0.59,101.9791,89.0,5.3,12.1,,879.0,3.9,142.0,43.0,11.0,73.0,108.0,0,1,21.91,0,0,0,0,0,0,0,0,0,0,0,0,0,1,0,0,1
BAPC,1,0,52.0,0.0,False,False,False,False,False,False,0,0,0,0,0,0,0,0,1,0,0,0,0,0,0,0,0,0,0,0,,,,,,,,,,,,,,,73.0,130.0,0,0,26.09,0,1,1,1,1,1,1,1,1,1,1,0,0,1,1,1,1
BwPC,0,0,59.0,2.0,False,False,False,False,False,False,0,1,0,0,0,0,0,1,1,0,0,0,0,0,1,0,1,0,0,0,,,102.0,1.25,58.5259,106.0,,,,,4.7,139.0,,15.0,80.0,133.0,0,0,36.96,0,1,0,0,0,0,1,1,0,0,0,0,0,1,1,1,1
BgQC,0,0,76.0,4.0,True,False,False,False,False,False,1,0,0,0,0,0,0,1,0,0,0,0,0,0,0,0,1,0,1,0,4.5,0.3,99.0,1.91,35.0083,,7.5,12.6,7.7,,3.6,140.0,,34.0,84.0,166.0,0,1,28.59,0,0,0,0,0,1,0,0,0,0,0,0,0,0,1,1,0
BwQC,0,1,71.0,0.0,True,False,False,False,False,False,0,1,0,1,1,0,0,1,1,1,0,0,1,0,0,1,1,0,0,0,4.5,0.3,106.0,1.38,,113.0,,12.1,12.1,11713.0,4.8,138.0,,66.0,92.0,150.0,0,0,22.89,0,0,0,0,1,0,1,0,0,0,0,0,0,0,0,1,0
BQRC,0,0,61.0,0.0,True,False,False,False,False,False,0,0,0,0,0,0,0,1,0,0,0,0,1,0,0,0,0,0,1,0,,0.6,105.0,1.09,64.4494,109.0,5.7,9.3,,2458.0,4.2,139.0,54.0,23.0,58.0,105.0,1,0,33.19,0,0,0,0,0,0,0,0,0,0,0,0,0,1,0,0,1
BwRC,0,0,71.0,0.0,True,False,False,False,True,False,0,1,0,0,0,0,1,1,1,1,0,1,1,1,0,0,1,1,0,0,,0.7,104.0,0.99,79.0,246.0,5.4,7.6,,,4.4,139.0,,19.0,59.0,90.0,0,1,38.06,0,0,0,0,0,0,0,0,0,0,0,0,0,1,1,1,1
BQSC,0,1,88.0,1.0,True,False,False,False,False,False,0,0,0,0,0,0,0,1,1,0,0,1,1,0,1,0,0,0,0,0,,0.6,96.0,0.71,172.1311,74.0,,12.8,,9681.0,6.2,137.0,82.0,15.0,57.0,109.0,0,1,15.63,0,0,0,0,0,0,1,0,0,0,0,0,0,1,0,0,1
BgSC,1,0,74.0,2.0,True,False,False,False,False,True,0,1,0,0,0,0,1,1,1,1,1,0,0,1,0,0,0,1,0,0,,,,,,,7.6,,,,,,,,69.0,136.0,1,0,37.65,0,1,1,1,1,1,0,1,1,1,1,0,0,1,1,1,1
BwTC,0,0,71.0,0.0,True,False,False,False,False,False,0,0,0,0,0,0,1,0,0,0,0,1,1,1,0,0,1,1,0,0,,,,,,,,,,,,,,,66.0,120.0,0,0,,1,1,1,1,1,1,1,1,1,1,1,0,0,1,1,1,1
BQUC,0,0,69.0,0.0,False,False,False,False,False,False,0,1,0,0,0,0,0,1,1,0,0,0,1,0,1,0,0,0,0,0,4.3,0.5,102.0,0.88,88.3365,107.0,,,,60.0,4.2,139.0,,15.0,75.0,113.0,0,1,34.31,0,0,0,0,0,0,1,1,0,0,0,0,0,1,0,1,0
BwUC,1,0,42.0,1.0,False,False,False,False,False,False,1,1,0,0,0,0,0,0,1,1,0,0,1,0,0,0,0,0,0,0,,0.7,108.0,0.94,61.1613,101.0,,9.8,,2888.0,4.1,145.0,,15.0,78.0,116.0,1,0,49.74,0,0,0,0,0,0,1,0,0,0,0,0,0,1,0,1,1
BgVC,0,0,71.0,3.0,True,False,False,False,False,False,0,1,0,0,0,0,0,1,1,0,0,1,0,1,0,0,1,1,0,0,,0.3,97.0,0.59,137.0193,82.0,7.0,11.1,,,4.1,136.0,,12.0,69.0,107.0,0,0,27.68,0,0,0,0,0,0,0,0,0,0,0,0,0,1,1,1,1
BwWC,0,0,80.0,0.0,False,False,False,False,False,False,0,1,0,0,0,0,0,0,0,1,0,0,1,0,0,0,0,0,0,0,,0.4,97.0,1.63,49.0,119.0,6.2,13.6,,489.0,4.1,138.0,,31.0,66.0,139.0,1,0,35.36,0,0,0,0,0,0,0,0,0,0,0,0,0,1,0,1,1
BAXC,0,0,66.0,3.0,False,False,False,False,False,False,0,0,0,0,0,0,1,1,0,0,0,0,1,0,1,0,0,0,0,0,,,,,,,,,,,,,,,,,0,0,44.29,0,1,1,1,1,1,1,1,1,1,1,1,1,1,1,1,1
BgXC,1,0,62.0,3.0,False,False,False,False,False,False,0,1,0,1,0,0,1,1,1,0,0,0,0,1,0,0,0,0,0,0,4.2,0.3,101.0,1.13,63.6108,298.0,9.6,12.3,8.9,,4.8,138.0,,9.0,60.0,124.0,1,0,26.0,0,0,0,0,0,0,0,0,0,0,0,0,0,0,1,1,0
BwXC,0,0,80.0,0.0,False,False,False,False,False,False,0,0,0,0,0,0,1,1,1,1,0,1,1,1,0,0,0,1,0,0,,0.7,100.0,0.89,103.0,129.0,7.1,13.3,,2453.0,4.2,142.0,,24.0,66.0,126.0,0,1,,1,0,0,0,0,0,0,0,0,0,0,0,0,1,0,1,1
BwYC,0,1,81.0,0.0,False,False,False,False,False,False,0,1,0,0,0,0,0,1,1,0,0,0,0,0,0,0,1,0,0,0,4.1,0.7,,,,,,,,,,,,,78.0,126.0,0,0,25.72,0,0,1,1,1,1,1,1,1,1,1,0,0,1,1,1,0
BAaC,0,0,53.0,2.0,False,False,True,False,False,False,0,1,0,1,1,0,1,1,1,1,0,0,1,0,1,1,1,0,0,0,3.7,0.4,106.0,1.21,58.6205,154.0,9.3,13.0,6.6,1659.0,4.6,144.0,,22.0,44.0,100.0,0,0,29.83,0,0,0,0,0,0,0,0,0,0,0,0,0,0,0,1,0
BQaC,0,0,66.0,0.0,True,False,False,False,False,False,0,0,0,0,0,0,0,1,1,1,0,0,1,0,1,0,0,0,0,0,,0.2,97.0,0.47,110.0,114.0,5.3,9.9,,6113.0,3.8,134.0,,10.0,67.0,122.0,0,1,18.36,0,0,0,0,0,0,0,0,0,0,0,0,0,1,0,1,1
BwaC,1,0,50.0,3.0,False,False,False,True,True,False,0,0,0,0,0,0,1,0,1,0,0,1,0,0,0,0,0,0,0,0,,,,,,,,,,,,,,,62.0,98.0,0,0,27.34,0,1,1,1,1,1,1,1,1,1,1,0,0,1,1,1,1
BQbC,0,0,87.0,0.0,False,False,False,True,False,True,0,1,1,0,0,0,0,1,0,0,0,0,1,0,0,0,1,0,0,0,3.4,1.2,102.0,0.76,98.4366,117.0,,11.9,8.4,,4.5,138.0,,19.0,72.0,119.0,1,0,26.69,0,0,0,0,0,0,1,0,0,0,0,0,0,0,1,1,0
BgcC,0,0,55.0,0.0,True,False,True,False,False,False,0,1,0,1,0,0,1,1,1,1,0,1,1,0,1,0,0,0,1,0,,0.4,91.0,0.51,120.2854,246.0,6.5,11.4,,2444.0,4.1,134.0,,16.0,56.0,104.0,0,0,22.66,0,0,0,0,0,0,0,0,0,0,0,0,0,1,0,1,1
BwcC,0,0,81.0,3.0,False,False,False,False,False,False,0,0,0,0,0,0,0,1,1,0,0,0,0,0,1,0,0,0,0,0,,,,,,,,,,,,,,,64.0,90.0,0,1,39.38,0,1,1,1,1,1,1,1,1,1,1,0,0,1,1,1,1
BAdC,0,0,73.0,0.0,False,False,False,False,False,False,0,0,0,1,0,0,0,0,1,0,0,1,1,1,0,0,1,0,1,0,,0.5,93.0,0.75,101.8036,187.0,8.5,18.7,,3184.0,4.7,133.0,51.0,30.0,74.0,143.0,0,0,,1,0,0,0,0,0,0,0,0,0,0,0,0,1,0,0,1
BQeC,0,0,57.0,7.0,False,False,False,False,False,False,0,0,0,0,0,0,0,1,0,0,0,0,0,0,0,0,0,0,0,0,,,,,,,,,,,,,,,,,0,1,31.95,0,1,1,1,1,1,1,1,1,1,1,1,1,1,1,1,1
BAfC,0,0,74.0,3.0,False,False,False,False,False,False,0,1,0,0,0,0,0,1,1,0,0,0,1,0,0,0,0,0,0,0,3.8,0.6,103.0,1.44,46.8506,84.0,5.8,10.9,6.82,1759.0,4.4,140.0,,23.0,68.0,116.0,0,0,24.27,0,0,0,0,0,0,0,0,0,0,0,0,0,0,0,1,0
BAgC,1,0,86.0,1.0,True,False,False,False,False,False,0,1,0,0,0,0,1,0,0,1,1,0,0,1,0,0,1,0,0,0,4.3,0.2,106.0,0.51,117.8832,128.0,6.6,13.7,7.3,,4.1,145.0,,8.0,70.0,108.0,0,0,30.9046,0,0,0,0,0,0,0,0,0,0,0,0,0,0,1,1,0
BghC,0,0,41.0,1.0,False,False,False,False,False,False,0,0,0,0,0,0,0,1,1,0,0,0,1,0,1,1,1,0,1,0,,0.4,102.0,0.83,90.5666,92.0,5.7,12.1,,,4.8,136.0,,21.0,68.0,116.0,0,1,23.92,0,0,0,0,0,0,0,0,0,0,0,0,0,1,1,1,1
BAiC,1,0,57.0,1.0,False,False,False,False,False,False,0,0,0,0,0,0,0,0,0,1,0,0,0,0,0,0,1,0,0,0,4.5,1.4,105.0,1.01,74.1361,101.0,5.4,,,,4.6,142.0,,21.0,80.0,150.0,0,0,35.17,0,0,0,0,0,0,0,1,0,0,0,0,0,1,1,1,0
BgiC,0,0,77.0,1.0,False,False,False,False,False,False,0,0,0,1,0,0,0,0,1,0,0,0,1,0,1,0,1,0,0,0,,,,,,,,,,,,,,,,,1,0,34.48,0,1,1,1,1,1,1,1,1,1,1,1,1,1,1,1,1
BwiC,1,0,81.0,6.0,False,False,False,False,False,False,0,0,0,0,0,0,0,1,0,0,0,0,0,0,0,0,1,0,0,0,,,,,,,,,,,,,,,72.0,116.0,0,0,27.24,0,1,1,1,1,1,1,1,1,1,1,0,0,1,1,1,1
BQkC,0,0,73.0,2.0,False,False,False,True,False,True,0,0,0,0,1,0,0,0,0,0,0,0,1,0,0,0,1,0,0,0,,0.3,98.0,1.02,71.3936,90.0,5.5,14.8,,34.0,3.9,141.0,24.0,22.0,7.0,117.0,0,0,46.16,0,0,0,0,0,0,0,0,0,0,0,0,0,1,0,0,1
BglC,1,0,77.0,6.0,True,False,True,False,False,False,0,0,0,0,0,0,0,0,1,0,0,0,0,0,0,0,1,0,0,0,,,,,,,,,,,,,,,80.0,126.0,0,0,27.85,0,1,1,1,1,1,1,1,1,1,1,0,0,1,1,1,1
BwlC,0,0,70.0,0.0,False,False,True,False,False,False,0,0,0,0,0,0,0,1,1,1,1,1,0,1,0,1,1,0,1,0,,0.4,95.0,0.96,55.78,197.0,5.7,11.5,,,3.7,137.0,,10.0,69.0,154.0,1,0,24.8017,0,0,0,0,0,0,0,0,0,0,0,0,0,1,1,1,1
BAmC,0,0,75.0,0.0,False,False,False,True,False,True,0,1,0,0,0,0,1,1,1,1,1,1,0,0,1,0,1,0,0,0,,0.5,101.0,1.17,61.1079,149.0,7.6,14.4,,208.0,4.8,138.0,19.0,22.0,75.0,142.0,1,0,30.92,0,0,0,0,0,0,0,0,0,0,0,0,0,1,0,0,1
BgnC,0,1,61.0,3.0,True,False,False,False,False,False,0,1,0,0,1,0,0,1,1,0,0,0,1,0,1,0,1,0,1,0,,,103.0,1.14,61.0517,98.0,5.1,12.2,,1980.0,4.2,138.0,35.0,31.0,55.0,104.0,0,1,21.01,0,1,0,0,0,0,0,0,0,0,0,0,0,1,0,0,1
BApC,0,0,67.0,1.0,False,False,False,False,False,False,0,0,0,0,0,0,1,1,0,0,0,0,0,0,1,0,1,0,0,0,4.6,0.3,105.0,0.8,94.2399,165.0,,13.4,8.7,8276.0,4.5,143.0,,24.0,72.0,140.0,0,1,25.42,0,0,0,0,0,0,1,0,0,0,0,0,0,0,0,1,0
BArC,0,0,60.0,0.0,True,False,True,False,False,False,0,1,0,0,1,0,0,1,1,1,0,0,1,0,1,0,1,0,0,0,4.2,0.5,104.0,1.14,61.3475,111.0,,13.6,5.5,,4.3,141.0,,19.0,86.0,130.0,0,0,29.53,0,0,0,0,0,0,1,0,0,0,0,0,0,0,1,1,0
BQsC,0,0,83.0,4.0,True,False,False,False,False,False,0,0,0,0,0,1,0,1,1,0,0,1,0,0,0,0,0,0,0,0,3.8,0.7,97.0,1.02,71.5911,,6.3,15.1,4.73,4852.0,4.3,131.0,,17.0,66.0,114.0,0,0,24.9,0,0,0,0,0,1,0,0,0,0,0,0,0,0,0,1,0
BgsC,0,0,76.0,0.0,True,False,False,False,False,False,0,1,0,0,0,0,1,1,1,0,0,1,0,0,0,0,1,0,0,0,4.6,1.1,101.0,0.96,79.3673,167.0,9.0,13.8,6.9,,4.1,139.0,,14.0,67.0,119.0,0,0,35.93,0,0,0,0,0,0,0,0,0,0,0,0,0,0,1,1,0
BAtC,1,0,39.0,4.0,True,False,False,True,True,False,0,0,0,0,0,0,0,0,1,0,0,0,0,0,1,0,0,0,0,0,4.1,0.4,102.0,1.46,47.5959,,5.7,14.7,7.17,,4.4,139.0,,21.0,72.0,98.0,0,1,29.8283,0,0,0,0,0,1,0,0,0,0,0,0,0,0,1,1,0
BQtC,0,0,81.0,6.0,False,False,False,False,False,False,0,1,0,0,0,0,1,0,0,0,0,0,0,1,0,0,0,0,0,0,,,,,,,,,,,,,,,68.0,114.0,1,0,33.22,0,1,1,1,1,1,1,1,1,1,1,0,0,1,1,1,1
BAuC,0,0,45.0,0.0,False,False,False,False,False,False,0,1,0,0,0,0,0,1,1,1,0,0,1,0,1,0,0,0,0,0,4.3,1.1,99.0,0.69,89.3432,109.0,6.2,13.9,8.0,5641.0,4.2,136.0,28.0,15.0,84.0,128.0,0,1,,1,0,0,0,0,0,0,0,0,0,0,0,0,0,0,0,0
BQuC,0,0,65.0,0.0,False,False,False,False,False,False,0,1,0,0,0,0,1,1,1,0,0,0,0,1,0,0,1,0,0,0,4.2,0.5,103.0,1.07,,108.0,6.3,14.9,6.7,885.0,4.9,141.0,,18.0,82.0,146.0,0,0,32.38,0,0,0,0,1,0,0,0,0,0,0,0,0,0,0,1,0
BwuC,0,0,57.0,0.0,False,True,False,False,False,False,0,1,0,1,1,0,0,1,1,0,0,0,1,0,0,0,1,0,0,0,4.6,0.6,104.0,1.25,43.0117,108.0,6.2,13.9,6.2,,4.9,140.0,,18.0,82.0,98.0,0,1,24.36,0,0,0,0,0,0,0,0,0,0,0,0,0,0,1,1,0
BQvC,1,0,57.0,1.0,True,False,False,False,False,False,0,0,0,0,0,0,0,0,0,1,0,0,0,0,0,0,0,0,0,0,,,,,,,,,,,,,,,,,0,0,31.61,0,1,1,1,1,1,1,1,1,1,1,1,1,1,1,1,1
BwwC,0,0,60.0,5.0,True,True,False,False,False,False,0,0,0,0,0,0,0,1,1,0,0,0,0,0,1,1,1,0,0,0,4.2,0.6,104.0,0.68,118.5498,,,14.5,5.41,160.5,4.7,140.0,,16.0,70.0,118.0,0,1,25.56,0,0,0,0,0,1,1,0,0,0,0,0,0,0,0,1,0
BgxC,0,0,65.0,0.0,True,False,True,False,False,False,0,0,0,0,0,0,0,1,1,1,0,0,1,0,1,0,1,0,0,0,,0.9,99.0,1.03,84.0,91.0,5.7,15.5,,8439.0,4.1,137.0,,19.0,91.0,141.0,0,0,31.79,0,0,0,0,0,0,0,0,0,0,0,0,0,1,0,1,1
BwyC,1,0,59.0,2.0,False,False,False,False,False,False,0,0,0,1,0,0,1,0,0,0,0,1,0,0,0,0,0,0,0,0,,,,,,,,12.7,,,,,,,75.0,129.0,0,0,22.7213,0,1,1,1,1,1,1,0,1,1,1,0,0,1,1,1,1
BQ0C,0,0,86.0,0.0,False,False,False,False,False,False,0,1,0,0,0,0,0,1,1,1,0,0,1,0,1,0,1,0,0,0,,1.8,103.0,0.83,,104.0,6.0,13.6,,7207.0,3.7,142.0,,24.0,68.0,102.0,0,1,25.18,0,0,0,0,1,0,0,0,0,0,0,0,0,1,0,1,1
Bg0C,0,0,40.0,6.0,False,False,True,False,False,False,0,1,0,0,1,0,1,0,0,0,0,0,0,0,0,0,0,0,0,0,4.3,0.6,0.104,1.77,38.1129,72.0,7.1,15.3,6.0,,0.0052,0.139,,,76.0,128.0,0,0,27.82,0,0,0,0,0,0,0,0,0,0,1,0,0,0,1,1,0
Bw0C,0,1,66.0,1.0,True,False,False,False,False,False,0,1,0,0,0,0,1,1,1,0,0,0,1,0,0,0,1,0,0,0,4.5,0.8,0.097,0.98,76.0613,148.0,7.2,14.0,10.3,,0.0048,0.139,,15.0,66.0,119.0,0,1,43.23,0,0,0,0,0,0,0,0,0,0,0,0,0,0,1,1,0
BA2C,0,0,54.0,0.0,True,False,False,False,False,False,0,0,0,0,0,0,0,1,1,0,0,0,0,0,1,1,0,0,1,0,,0.8,101.0,0.94,94.8815,90.0,5.0,12.7,,745.0,4.3,139.0,,17.0,55.0,111.0,0,1,26.83,0,0,0,0,0,0,0,0,0,0,0,0,0,1,0,1,1
Bg2C,0,0,59.0,0.0,True,False,False,False,False,False,1,1,0,1,0,0,1,1,1,1,0,1,1,1,0,0,1,1,1,0,,0.4,105.0,1.5,47.4213,71.0,7.8,11.6,,229.0,4.2,143.0,,10.0,53.0,108.0,0,0,29.1,0,0,0,0,0,0,0,0,0,0,0,0,0,1,0,1,1
Bw3C,1,0,56.0,0.0,False,False,False,False,False,False,0,1,0,0,0,1,1,1,1,0,0,1,0,1,0,0,1,0,0,0,,0.5,101.0,0.94,78.4503,188.0,8.7,15.5,,,3.9,138.0,,17.0,78.0,122.0,0,0,28.48,0,0,0,0,0,0,0,0,0,0,0,0,0,1,1,1,1
BA4C,0,0,79.0,0.0,False,False,False,False,False,False,0,0,0,0,0,0,1,1,1,0,0,0,0,0,0,0,1,0,0,0,4.0,0.6,105.0,1.15,60.5849,136.0,,12.4,8.5,586.1,4.2,142.0,,32.0,64.0,114.0,0,1,27.73,0,0,0,0,0,0,1,0,0,0,0,0,0,0,0,1,0
BQ4C,0,0,70.0,0.0,False,False,False,False,False,False,0,1,0,0,0,0,0,1,1,1,0,0,0,0,1,0,0,0,1,0,4.3,0.4,103.0,1.13,65.9726,90.0,,13.4,7.8,220.0,4.4,138.0,,12.0,91.0,142.0,0,0,27.73,0,0,0,0,0,0,1,0,0,0,0,0,0,0,0,1,0
Bg4C,0,0,80.0,3.0,True,False,False,False,False,False,0,1,0,0,0,0,1,1,1,1,0,0,0,0,0,0,0,0,0,0,,,103.0,0.79,99.0,124.0,,17.7,,,4.3,139.0,,14.0,65.0,121.0,1,0,36.3,0,1,0,0,0,0,1,0,0,0,0,0,0,1,1,1,1
BQ5C,1,0,71.0,3.0,False,False,False,False,False,False,0,0,0,0,0,0,0,0,0,0,0,0,0,0,0,0,0,0,0,0,3.7,0.6,102.0,1.01,76.6933,116.0,,13.6,9.1,,4.0,141.0,,20.0,83.0,134.0,1,0,40.57,0,0,0,0,0,0,1,0,0,0,0,0,0,0,1,1,0
Bg5C,0,1,79.0,0.0,False,False,False,False,False,False,0,1,1,0,1,0,0,1,1,0,0,0,1,0,1,0,0,0,1,0,,1.1,108.0,0.81,91.2309,101.0,,14.1,,45727.0,4.3,142.0,26.0,22.0,76.0,145.0,0,0,26.19,0,0,0,0,0,0,1,0,0,0,0,0,0,1,0,0,1
Bg6C,0,0,,,True,False,False,True,False,True,0,0,0,0,0,0,0,1,0,0,0,0,0,0,0,1,0,0,0,0,,,,,,,,,,,,,,,74.0,152.0,0,0,26.48,0,1,1,1,1,1,1,1,1,1,1,0,0,1,1,1,1
Bw7C,0,0,40.0,0.0,True,False,False,False,False,False,0,1,0,0,0,0,1,1,1,1,0,1,1,0,1,1,1,0,0,0,,0.3,103.0,1.04,74.146,110.0,8.2,9.2,,962.0,4.7,139.0,,29.0,44.0,101.0,0,0,33.45,0,0,0,0,0,0,0,0,0,0,0,0,0,1,0,1,1
BA9C,0,1,76.0,0.0,False,False,False,False,False,False,0,1,0,0,0,0,0,1,1,0,0,0,0,0,1,0,1,0,0,0,,0.6,106.0,0.76,109.9369,114.0,,14.5,,405.0,3.5,143.0,,12.0,61.0,97.0,0,1,25.69,0,0,0,0,0,0,1,0,0,0,0,0,0,1,0,1,1
BA_C,0,0,56.0,1.0,False,False,False,False,False,False,0,1,0,0,0,1,0,1,1,0,0,0,1,0,1,0,1,0,0,0,,,,,,,,,,,,,,,63.0,96.0,1,0,22.59,0,1,1,1,1,1,1,1,1,1,1,0,0,1,1,1,1
BQ_C,0,1,86.0,0.0,False,False,False,False,False,False,1,1,0,0,0,0,0,1,1,1,0,0,1,0,1,1,0,0,1,0,4.2,0.7,100.0,0.91,88.0,94.0,5.3,16.7,6.1,642.0,4.1,137.0,,23.0,74.0,136.0,0,1,28.65,0,0,0,0,0,0,0,0,0,0,0,0,0,0,0,1,0
Bg_C,0,0,63.0,6.0,False,True,False,False,False,False,0,0,0,0,0,0,0,0,1,0,0,1,0,0,1,1,0,0,1,0,,0.7,107.0,0.76,99.4538,111.0,5.6,12.5,,,4.3,141.0,,13.0,73.0,119.0,0,0,22.86,0,0,0,0,0,0,0,0,0,0,0,0,0,1,1,1,1
Bw_C,0,0,73.0,5.0,True,False,False,False,True,False,0,1,0,0,0,0,0,1,1,1,0,0,0,0,1,0,1,0,0,0,,,105.0,1.02,,92.0,,12.6,,,4.3,142.0,,14.0,81.0,129.0,0,1,26.0,0,1,0,0,1,0,1,0,0,0,0,0,0,1,1,1,1
Bg#C,0,0,35.0,0.0,False,False,False,False,False,False,0,1,0,0,0,0,0,1,1,1,0,0,0,0,0,0,1,0,1,0,,,101.0,1.47,34.4667,99.0,,14.1,,,4.2,139.0,,28.0,64.0,124.0,0,1,32.61,0,1,0,0,0,0,1,0,0,0,0,0,0,1,1,1,1
Bw#C,0,0,70.0,1.0,False,False,False,False,False,False,0,1,0,1,0,0,0,1,1,1,1,0,0,0,0,0,1,0,1,0,,,103.0,0.96,87.0,107.0,,15.8,,,4.0,139.0,,20.0,66.0,118.0,1,0,27.19,0,1,0,0,0,0,1,0,0,0,0,0,0,1,1,1,1
BAAD,0,0,78.0,3.0,True,False,False,False,False,False,0,1,0,0,0,0,0,1,1,0,0,0,0,0,1,0,1,0,0,0,4.2,0.6,102.0,1.18,64.0903,,5.5,15.7,8.0,61.0,4.5,141.0,,20.0,66.0,102.0,1,0,29.97,0,0,0,0,0,1,0,0,0,0,0,0,0,0,0,1,0
BACD,0,1,65.0,4.0,False,False,False,True,False,False,0,1,0,0,0,0,0,1,1,0,0,0,0,0,1,0,1,0,0,0,3.8,0.6,106.0,0.71,77.8695,105.0,5.3,11.3,8.9,130.0,3.8,142.0,,24.0,62.0,97.0,1,0,24.96,0,0,0,0,0,0,0,0,0,0,0,0,0,0,0,1,0
BgCD,0,1,81.0,0.0,True,False,False,False,False,False,0,0,1,0,0,0,0,1,1,0,0,0,0,0,1,0,0,0,1,0,3.9,0.7,100.0,0.68,,77.0,5.7,12.0,6.3,5679.0,3.5,141.0,181.0,7.0,82.0,111.0,0,0,37.26,0,0,0,0,1,0,0,0,0,0,0,0,0,0,0,0,0
BADD,0,0,63.0,3.0,False,False,True,False,False,False,0,0,0,0,0,0,0,0,0,0,0,0,0,0,0,0,0,0,0,0,,0.7,102.0,0.89,99.0,116.0,,15.7,,,5.4,137.0,,17.0,85.0,130.0,0,0,41.42,0,0,0,0,0,0,1,0,0,0,0,0,0,1,1,1,1
BAFD,0,0,71.0,0.0,False,False,False,False,False,False,0,0,0,0,0,1,0,1,1,1,0,0,0,0,1,1,1,0,0,0,4.2,1.2,102.0,0.88,,92.0,5.3,16.6,8.66,596.0,4.2,137.0,17.0,14.0,81.0,131.0,0,1,47.05,0,0,0,0,1,0,0,0,0,0,0,0,0,0,0,0,0
BQFD,1,0,36.0,0.0,False,False,False,False,False,False,0,0,0,0,0,0,0,0,1,0,1,1,0,0,0,0,1,0,1,0,,,102.0,1.62,,192.0,8.7,11.0,,,3.4,139.0,,19.0,71.0,143.0,0,0,27.05,0,1,0,0,1,0,0,0,0,0,0,0,0,1,1,1,1
BgHD,1,0,82.0,4.0,False,False,False,False,False,False,0,0,0,0,0,0,0,0,0,0,0,0,0,0,0,0,0,0,0,0,,,,,,,,,,,,,,,78.0,134.0,0,0,35.8845,0,1,1,1,1,1,1,1,1,1,1,0,0,1,1,1,1
BgJD,0,0,73.0,2.0,False,False,False,False,False,False,0,0,0,0,0,0,0,1,1,1,0,0,1,0,1,0,1,0,0,0,,0.7,99.0,1.22,67.0,111.0,5.5,13.4,,7368.0,4.1,138.0,,33.0,57.0,107.0,0,1,30.52,0,0,0,0,0,0,0,0,0,0,0,0,0,1,0,1,1
BwKD,0,0,62.0,0.0,True,False,False,False,False,False,0,0,0,0,0,0,0,0,1,1,0,0,0,0,0,1,0,0,0,0,,0.8,98.0,0.74,75.5129,131.0,,12.0,,6779.0,3.8,136.0,35.0,17.0,75.0,160.0,1,0,24.34,0,0,0,0,0,0,1,0,0,0,0,0,0,1,0,0,1
BwLD,0,0,73.0,5.0,True,False,False,True,True,False,0,0,0,0,0,0,0,0,1,0,0,0,1,0,1,0,1,0,0,0,3.8,0.8,105.0,0.62,92.8546,123.0,,,,,3.8,141.0,,15.0,78.0,112.0,1,0,28.58,0,0,0,0,0,0,1,1,0,0,0,0,0,1,1,1,0
BAMD,0,0,61.0,2.0,False,False,False,False,False,False,0,1,0,0,0,0,1,1,1,1,0,0,0,1,0,0,1,0,0,0,4.6,0.9,103.0,1.02,74.0045,155.0,7.4,15.1,5.5,,4.6,141.0,,20.0,95.0,142.0,1,0,30.81,0,0,0,0,0,0,0,0,0,0,0,0,0,0,1,1,0
BgND,0,0,83.0,5.0,True,False,False,True,False,True,0,1,0,0,0,0,0,1,1,1,0,0,0,0,1,0,0,0,1,0,4.5,0.9,107.0,1.39,52.6692,93.0,5.1,15.1,6.0,529.0,4.0,142.0,,21.0,68.0,122.0,0,0,20.87,0,0,0,0,0,0,0,0,0,0,0,0,0,0,0,1,0
BAPD,0,0,80.0,2.0,False,True,False,False,False,False,0,0,0,0,0,0,0,0,0,0,0,0,0,0,0,0,0,0,0,0,,,,,,,,,,,,,,,,,0,1,,1,1,1,1,1,1,1,1,1,1,1,1,1,1,1,1,1
BgPD,0,0,59.0,1.0,False,False,False,False,False,False,0,0,0,0,0,0,0,1,1,1,0,0,0,0,0,0,1,0,0,0,,0.4,102.0,0.84,87.6995,108.0,5.7,13.7,,,4.3,139.0,51.0,18.0,70.0,154.0,0,1,22.8374,0,0,0,0,0,0,0,0,0,0,0,0,0,1,1,0,1
BwPD,0,0,61.0,0.0,True,False,False,True,False,False,0,0,0,0,0,0,0,0,1,0,1,0,1,0,1,0,1,0,1,0,,0.9,101.0,0.77,71.7674,121.0,5.8,9.1,,3677.0,3.3,142.0,23.0,13.0,81.0,133.0,1,0,32.15,0,0,0,0,0,0,0,0,0,0,0,0,0,1,0,0,1
BAQD,0,0,43.0,1.0,False,False,False,False,False,False,0,0,0,0,0,0,0,0,0,0,0,0,0,0,0,0,0,0,0,0,,,,,,,,,,,,,,,,,0,1,32.69,0,1,1,1,1,1,1,1,1,1,1,1,1,1,1,1,1
BQQD,0,0,70.0,0.0,True,False,False,False,False,False,0,0,0,0,0,1,1,1,1,1,0,1,0,1,1,0,1,0,0,0,,1.2,103.0,1.28,69.9591,107.0,11.2,13.2,,,5.1,136.0,,20.0,87.0,157.0,0,0,27.69,0,0,0,0,0,0,0,0,0,0,0,0,0,1,1,1,1
BwRD,0,1,55.0,0.0,True,False,False,True,False,False,0,0,0,0,0,0,0,1,1,1,0,0,0,0,1,0,0,0,0,0,,0.5,101.0,0.92,92.0727,79.0,5.3,14.7,,1301.0,3.3,140.0,13.0,11.0,79.0,142.0,0,0,,1,0,0,0,0,0,0,0,0,0,0,0,0,1,0,0,1
BASD,1,0,49.0,0.0,True,False,False,True,True,False,0,0,0,1,0,0,0,0,1,0,1,0,0,1,1,0,1,1,1,0,,,,,,,,,,,,,,,77.0,176.0,0,0,31.22,0,1,1,1,1,1,1,1,1,1,1,0,0,1,1,1,1
BgSD,0,1,62.0,0.0,False,False,False,False,False,False,0,0,0,0,0,0,0,0,1,1,0,0,0,0,1,0,1,0,1,0,,0.8,100.0,0.68,97.0,87.0,5.7,13.1,,1372.0,4.3,135.0,,10.0,80.0,142.0,0,1,36.39,0,0,0,0,0,0,0,0,0,0,0,0,0,1,0,1,1
BgTD,0,0,55.0,5.0,True,False,False,False,False,False,0,1,0,0,0,0,0,1,1,0,0,1,0,0,0,0,1,0,0,0,,,,,,,,,,,,,,,66.0,110.0,0,0,23.0546,0,1,1,1,1,1,1,1,1,1,1,0,0,1,1,1,1
BwUD,0,0,63.0,0.0,False,False,False,False,False,False,0,0,0,0,0,0,0,1,1,0,0,0,0,0,0,0,1,0,1,0,,,,,,,,,,,,,,,80.0,124.0,0,1,,1,1,1,1,1,1,1,1,1,1,1,0,0,1,1,1,1
BAVD,0,0,41.0,0.0,True,False,False,False,False,False,0,0,1,0,0,0,1,0,1,0,0,0,1,0,1,0,0,0,0,0,,1.7,97.0,0.79,98.4362,87.0,5.8,11.8,5.9,3159.0,3.7,138.0,27.0,13.0,72.0,115.0,1,0,,1,0,0,0,0,0,0,0,0,0,0,0,0,0,0,0,1
BwVD,0,0,54.0,0.0,True,False,False,False,True,False,0,0,0,0,0,0,0,1,1,0,0,0,0,0,0,0,0,0,0,0,,0.2,102.0,1.2,43.7955,79.0,,8.5,,19825.0,4.3,134.0,58.0,25.0,70.0,113.0,0,1,32.87,0,0,0,0,0,0,1,0,0,0,0,0,0,1,0,0,1
BAWD,0,0,79.0,0.0,True,False,False,False,False,False,0,0,0,0,0,0,1,1,1,1,0,1,1,0,1,1,1,0,0,0,,0.4,100.0,1.15,55.6025,97.0,6.4,11.4,,2815.0,4.4,138.0,85.0,19.0,86.0,169.0,0,0,25.16,0,0,0,0,0,0,0,0,0,0,0,0,0,1,0,0,1
BwXD,0,0,80.0,0.0,True,False,False,False,False,False,0,1,0,0,0,0,0,1,1,1,0,0,1,0,1,0,1,0,0,0,4.5,0.6,105.0,0.87,85.3154,130.0,5.8,14.4,6.9,3494.0,3.9,136.0,,22.0,60.0,123.0,0,0,35.41,0,0,0,0,0,0,0,0,0,0,0,0,0,0,0,1,0
BAYD,1,0,83.0,5.0,True,False,False,False,False,True,0,0,0,0,0,0,1,0,1,1,0,0,0,0,0,0,1,1,1,0,,,,,,,6.2,,,,,,,,64.0,120.0,1,0,26.63,0,1,1,1,1,1,0,1,1,1,1,0,0,1,1,1,1
BgZD,1,0,80.0,6.0,True,False,False,False,False,False,0,0,0,0,0,0,1,0,0,0,0,1,0,1,0,0,0,0,0,0,,,,,,,9.1,,,,,,,,,,1,0,,1,1,1,1,1,1,0,1,1,1,1,1,1,1,1,1,1
BAaD,0,0,63.0,0.0,False,False,False,False,False,True,0,0,0,1,0,0,0,1,1,1,0,0,1,0,1,0,1,0,1,0,,0.7,108.0,0.79,93.219,90.0,5.4,13.6,4.4,1974.0,4.4,137.0,25.0,17.0,56.0,120.0,0,1,28.55,0,0,0,0,0,0,0,0,0,0,0,0,0,0,0,0,1
BwbD,0,0,59.0,0.0,True,False,False,False,False,False,0,0,0,0,0,0,0,1,1,0,0,0,1,0,1,0,1,0,0,0,3.7,0.3,102.0,0.86,93.7541,,6.2,,,538.0,4.4,137.0,,23.0,72.0,104.0,0,1,33.9,0,0,0,0,0,1,0,1,0,0,0,0,0,1,0,1,0
BQcD,0,0,82.0,0.0,False,False,False,False,False,False,0,0,0,0,0,0,0,1,1,0,0,1,1,1,0,0,1,0,1,0,,0.5,104.0,0.62,93.8392,82.0,6.2,10.6,,3286.0,3.5,140.0,822.0,15.0,50.0,78.0,0,1,20.64,0,0,0,0,0,0,0,0,0,0,0,0,0,1,0,0,1
BwcD,0,0,81.0,4.0,False,False,False,True,False,False,0,1,0,0,0,0,1,1,1,0,0,0,1,0,1,0,1,0,0,0,,0.8,97.0,1.11,66.9066,134.0,7.4,14.4,,12844.0,4.1,141.0,50.0,26.0,81.0,118.0,0,1,33.02,0,0,0,0,0,0,0,0,0,0,0,0,0,1,0,0,1
BAdD,0,0,81.0,0.0,True,False,False,False,False,False,0,0,0,0,0,1,0,0,1,1,0,1,0,1,0,0,1,0,0,1,,0.7,104.0,0.5,112.0,77.0,6.8,8.7,,,3.3,141.0,,4.0,75.0,132.0,0,0,29.4,0,0,0,0,0,0,0,0,0,0,0,0,0,1,1,1,1
BwdD,1,0,63.0,3.0,False,False,False,False,False,False,0,1,0,0,0,0,1,1,1,0,0,0,1,0,1,0,1,0,0,0,,0.8,101.0,0.78,104.1197,138.0,,13.3,,658.0,4.3,141.0,,14.0,54.0,110.0,0,1,30.17,0,0,0,0,0,0,1,0,0,0,0,0,0,1,0,1,1
BQeD,0,0,85.0,1.0,True,False,False,True,False,True,0,1,0,0,0,0,0,1,1,1,0,0,1,0,1,0,1,0,0,0,4.3,0.5,113.0,0.58,141.5064,117.0,5.5,7.9,6.7,2402.0,3.6,144.0,,10.0,61.0,115.0,0,0,27.86,0,0,0,0,0,0,0,0,0,0,0,0,0,0,0,1,0
BgeD,0,1,75.0,4.0,True,False,False,False,False,False,0,1,0,1,0,0,0,1,1,0,0,0,1,0,1,0,1,0,0,0,,0.6,99.0,0.72,77.7424,130.0,,13.7,,2951.0,4.8,143.0,34.0,32.0,80.0,124.0,1,0,32.73,0,0,0,0,0,0,1,0,0,0,0,0,0,1,0,0,1
BAfD,1,0,82.0,7.0,True,False,False,False,False,False,1,1,0,0,0,0,1,1,1,1,0,0,0,1,1,0,1,0,0,0,4.2,0.3,106.0,0.65,89.5986,113.0,6.3,12.8,4.7,,4.3,143.0,,13.0,71.0,139.0,1,0,25.76,0,0,0,0,0,0,0,0,0,0,0,0,0,0,1,1,0
BwfD,0,0,45.0,1.0,False,False,False,True,False,False,0,1,0,1,0,0,1,1,1,1,0,1,0,1,0,0,1,1,0,0,4.1,0.4,102.0,0.98,56.2705,233.0,8.6,12.4,6.2,225.0,4.4,140.0,,18.0,75.0,120.0,1,0,32.06,0,0,0,0,0,0,0,0,0,0,0,0,0,0,0,1,0
BwhD,1,0,68.0,1.0,False,False,False,False,False,False,0,0,0,0,0,0,0,1,0,0,0,0,1,0,0,0,1,0,1,0,,,,,,,,,,,,,,,60.0,124.0,1,0,35.66,0,1,1,1,1,1,1,1,1,1,1,0,0,1,1,1,1
BgjD,0,0,81.0,0.0,False,False,False,False,False,False,0,1,0,0,0,0,0,1,1,0,0,0,0,0,0,0,1,0,0,0,,0.6,100.0,0.97,83.6953,128.0,5.2,17.2,,520.0,4.0,137.0,4282.0,11.0,82.0,122.0,0,1,28.94,0,0,0,0,0,0,0,0,0,0,0,0,0,1,0,0,1
BglD,0,0,41.0,0.0,False,False,False,True,True,False,0,0,0,0,0,0,0,1,1,1,0,0,0,0,1,1,0,0,0,0,3.3,0.6,101.0,1.37,48.8811,101.0,5.9,14.3,6.7,3464.0,4.2,141.0,,13.0,90.0,150.0,0,1,29.69,0,0,0,0,0,0,0,0,0,0,0,0,0,0,0,1,0
BwlD,1,0,71.0,2.0,False,False,False,False,False,False,0,0,0,0,1,0,0,1,1,1,0,0,0,0,0,1,0,0,0,0,4.6,0.8,108.0,0.88,88.9466,107.0,5.5,16.0,7.6,,4.9,143.0,,22.0,72.0,143.0,0,0,39.19,0,0,0,0,0,0,0,0,0,0,0,0,0,0,1,1,0
BAmD,0,0,65.0,0.0,False,False,False,False,False,False,0,1,0,0,0,1,1,1,1,0,0,0,1,0,1,0,1,0,0,0,,0.3,98.0,0.73,76.904,169.0,5.9,10.5,,2557.0,2.9,138.0,28.0,18.0,54.0,90.0,0,1,22.3,0,0,0,0,0,0,0,0,0,0,0,0,0,1,0,0,1
BAnD,0,0,71.0,0.0,False,False,False,False,True,False,0,1,0,0,0,0,0,1,1,1,0,0,0,0,1,0,1,0,1,0,,0.4,105.0,0.99,76.5984,95.0,5.0,14.5,6.07,127.0,4.5,141.0,12.0,12.0,60.0,118.0,0,1,27.87,0,0,0,0,0,0,0,0,0,0,0,0,0,0,0,0,1
BQnD,1,0,80.0,5.0,True,False,False,False,False,False,0,0,0,0,1,0,1,0,0,0,0,0,0,0,0,0,0,1,0,0,,,,,,,,,,,,,,,67.0,99.0,1,0,34.52,0,1,1,1,1,1,1,1,1,1,1,0,0,1,1,1,1
BwnD,0,0,81.0,3.0,True,False,False,False,False,False,0,0,0,1,0,0,1,0,0,0,0,0,0,0,0,0,0,0,0,0,,,,,,,,,,,,,,,56.0,150.0,0,1,37.65,0,1,1,1,1,1,1,1,1,1,1,0,0,1,1,1,1
BgoD,0,0,59.0,3.0,True,False,False,False,True,False,0,1,0,0,0,0,0,1,1,0,0,0,0,0,1,1,1,0,0,0,,1.1,100.0,0.95,86.0,84.0,,14.5,,,4.9,138.0,,22.0,64.0,109.0,0,1,28.19,0,0,0,0,0,0,1,0,0,0,0,0,0,1,1,1,1
BApD,0,0,52.0,3.0,False,False,False,True,True,False,0,1,0,0,0,0,0,0,1,0,0,0,0,0,0,0,0,0,0,0,,,,,,,,,,,,,,,80.0,118.0,1,0,24.21,0,1,1,1,1,1,1,1,1,1,1,0,0,1,1,1,1
BgpD,0,0,83.0,0.0,False,False,False,False,False,False,0,1,0,0,0,0,1,0,1,1,0,1,1,0,0,0,1,1,0,0,,0.4,99.0,1.26,54.2634,145.0,8.2,10.4,,5198.0,4.5,133.0,18.0,16.0,74.0,148.0,0,0,20.15,0,0,0,0,0,0,0,0,0,0,0,0,0,1,0,0,1
BwpD,0,0,59.0,2.0,False,True,False,False,False,False,0,0,0,0,0,0,0,1,1,0,0,0,0,0,0,0,0,0,0,0,,,,,,,,,,,,,,,80.0,112.0,0,1,38.54,0,1,1,1,1,1,1,1,1,1,1,0,0,1,1,1,1
BQrD,1,0,66.0,5.0,False,False,False,True,False,False,0,0,0,1,0,0,1,0,1,0,0,0,0,1,0,1,1,0,0,0,3.8,1.0,107.0,0.77,72.883,129.0,6.1,12.2,8.0,174.0,4.2,140.0,,12.0,67.0,129.0,0,0,36.76,0,0,0,0,0,0,0,0,0,0,0,0,0,0,0,1,0
BgrD,0,0,85.0,0.0,True,False,False,False,False,False,0,1,0,0,0,1,1,1,1,1,1,1,0,1,1,1,1,1,0,0,,1.0,95.0,0.97,59.0,253.0,6.5,12.3,,,4.1,135.0,,22.0,82.0,132.0,0,1,,1,0,0,0,0,0,0,0,0,0,0,0,0,1,1,1,1
BAsD,1,0,75.0,2.0,True,False,False,False,False,False,0,0,0,0,0,0,0,0,1,0,0,0,1,0,0,0,1,0,0,0,3.7,0.5,101.0,1.37,51.52,,6.7,14.1,8.82,,3.9,141.0,,24.0,80.0,145.0,0,0,30.16,0,0,0,0,0,1,0,0,0,0,0,0,0,0,1,1,0
BwsD,0,1,81.0,2.0,False,False,False,False,False,False,0,1,0,0,1,0,1,1,1,0,0,0,1,0,1,0,1,0,0,0,4.1,1.7,105.0,1.49,,89.0,6.7,16.1,,9513.0,4.6,138.0,,40.0,75.0,85.0,0,0,29.86,0,0,0,0,1,0,0,0,0,0,0,0,0,1,0,1,0
BAtD,0,1,65.0,0.0,False,False,False,False,False,False,1,1,0,0,0,0,0,1,1,1,1,1,0,0,0,0,1,0,1,0,,1.5,99.0,1.13,62.4393,186.0,6.4,9.1,6.48,,4.2,133.0,,19.0,53.0,103.0,0,0,24.26,0,0,0,0,0,0,0,0,0,0,0,0,0,0,1,1,1
BgtD,0,0,80.0,0.0,False,False,False,True,False,False,0,1,0,0,0,0,0,0,1,0,0,1,1,0,1,0,1,0,1,0,,,104.0,0.88,84.8888,106.0,5.4,8.7,,13123.0,3.7,143.0,4479.0,20.0,84.0,127.0,0,1,30.67,0,1,0,0,0,0,0,0,0,0,0,0,0,1,0,0,1
BAxD,0,0,77.0,1.0,True,False,False,True,False,True,0,0,0,0,0,0,0,1,1,0,0,0,0,0,0,0,1,0,0,0,,,,,,,,,,,,,,,76.0,124.0,0,1,25.01,0,1,1,1,1,1,1,1,1,1,1,0,0,1,1,1,1
BAyD,0,0,71.0,0.0,False,False,True,False,False,False,0,1,0,0,0,0,0,1,1,1,0,0,0,0,1,0,1,0,0,0,,0.5,102.0,1.03,74.9774,127.0,5.9,11.0,9.47,,4.4,138.0,4434.0,23.0,55.0,102.0,0,1,33.41,0,0,0,0,0,0,0,0,0,0,0,0,0,0,1,0,1
BAzD,0,1,85.0,0.0,False,False,False,False,False,False,0,0,0,0,0,0,0,1,1,0,0,0,1,0,1,0,0,0,0,0,,,,,,,,,,,,,,,78.0,113.0,0,0,41.19,0,1,1,1,1,1,1,1,1,1,1,0,0,1,1,1,1
BgzD,0,0,53.0,3.0,True,False,False,False,False,False,0,0,0,1,0,0,0,1,1,1,0,0,1,0,1,0,1,0,0,0,,0.5,105.0,1.01,75.6081,113.0,5.4,14.7,,7291.0,4.3,140.0,,21.0,71.0,88.0,0,1,25.15,0,0,0,0,0,0,0,0,0,0,0,0,0,1,0,1,1
BwzD,0,0,78.0,6.0,True,False,False,False,False,False,0,0,0,0,0,0,0,1,1,0,0,1,1,0,0,0,1,0,0,0,,,,,,,,,,,,,,,,,0,1,29.94,0,1,1,1,1,1,1,1,1,1,1,1,1,1,1,1,1
Bg0D,0,0,29.0,0.0,False,False,False,False,False,False,0,1,0,0,0,0,0,0,1,0,0,1,1,1,0,0,1,0,0,0,,1.1,108.0,0.76,104.2695,103.0,6.1,14.4,,832.0,4.4,144.0,63.0,22.0,66.0,103.0,1,0,36.14,0,0,0,0,0,0,0,0,0,0,0,0,0,1,0,0,1
Bw0D,0,0,80.0,0.0,False,False,False,False,False,False,0,0,0,0,1,0,0,1,0,1,0,0,1,0,1,1,0,0,0,0,,0.5,108.0,1.84,39.1334,126.0,5.6,12.5,,2516.0,4.2,140.0,,45.0,87.0,138.0,0,1,22.63,0,0,0,0,0,0,0,0,0,0,0,0,0,1,0,1,1
Bw1D,0,0,74.0,2.0,False,False,False,False,False,False,0,0,0,0,0,0,1,0,0,1,1,0,0,1,0,0,0,1,0,0,,,102.0,1.69,,115.0,,14.4,,,5.3,139.0,16.0,31.0,76.0,173.0,0,1,27.66,0,1,0,0,1,0,1,0,0,0,0,0,0,1,1,0,1
BQ2D,1,0,68.0,5.0,False,False,False,False,False,False,0,1,0,0,0,0,1,0,1,1,0,1,1,0,1,1,1,0,0,0,3.8,0.4,108.0,1.23,57.3654,323.0,8.3,12.9,5.4,,4.1,143.0,,19.0,86.0,172.0,0,1,34.68,0,0,0,0,0,0,0,0,0,0,0,0,0,0,1,1,0
BA3D,0,1,76.0,5.0,True,False,False,False,False,True,1,0,0,0,0,0,0,1,1,1,0,0,1,0,0,0,1,0,0,0,4.4,1.4,103.0,0.48,124.1272,113.0,5.0,10.2,,1977.0,4.5,141.0,,9.0,68.0,134.0,1,0,19.19,0,0,0,0,0,0,0,0,0,0,0,0,0,1,0,1,0
BQ3D,0,0,87.0,2.0,False,False,False,True,False,False,0,1,0,0,1,0,1,1,1,1,0,0,1,0,1,0,1,0,0,0,3.7,1.2,106.0,1.67,39.6827,98.0,,12.8,7.4,,4.4,143.0,,26.0,56.0,89.0,0,0,26.44,0,0,0,0,0,0,1,0,0,0,0,0,0,0,1,1,0
Bw6D,0,0,69.0,2.0,True,False,False,True,False,True,0,0,0,0,0,0,0,0,1,0,0,1,1,0,0,0,1,1,0,0,,0.3,104.0,0.7,80.1115,166.0,8.2,14.8,,386.0,4.5,139.0,,12.0,81.0,137.0,1,0,31.73,0,0,0,0,0,0,0,0,0,0,0,0,0,1,0,1,1
Bg7D,0,0,69.0,0.0,False,False,False,False,False,False,0,0,0,0,0,0,1,1,1,0,0,1,1,0,1,0,1,0,0,0,,0.9,98.0,0.68,,90.0,8.3,11.0,,5384.0,3.8,134.0,,21.0,53.0,89.0,0,1,,1,0,0,0,1,0,0,0,0,0,0,0,0,1,0,1,1
Bg9D,0,0,78.0,0.0,False,False,False,True,True,False,0,0,0,0,0,0,0,0,1,0,1,1,1,1,0,0,1,0,0,0,3.1,0.2,107.0,1.34,53.3325,,5.5,9.1,9.25,,4.5,139.0,,24.0,93.0,143.0,1,0,39.97,0,0,0,0,0,1,0,0,0,0,0,0,0,0,1,1,0
Bg_D,0,1,50.0,2.0,True,False,False,False,False,False,0,1,0,0,0,1,0,1,1,0,0,1,1,0,1,0,1,0,1,0,,0.6,100.0,1.12,64.8165,107.0,,10.8,,1782.0,3.7,136.0,,21.0,47.0,92.0,0,1,33.11,0,0,0,0,0,0,1,0,0,0,0,0,0,1,0,1,1
Bg#D,0,1,63.0,0.0,False,False,False,False,False,False,0,1,0,0,1,0,0,1,1,1,0,0,1,0,0,0,1,0,1,0,,1.0,94.0,1.12,46.3464,112.0,,14.2,,6236.0,4.2,141.0,41.0,29.0,67.0,109.0,0,1,24.38,0,0,0,0,0,0,1,0,0,0,0,0,0,1,0,0,1
BAAE,1,0,46.0,0.0,False,False,False,False,False,False,0,0,0,0,0,0,1,0,1,0,1,1,1,1,0,0,1,0,0,0,4.4,0.3,103.0,1.12,62.6134,382.0,10.6,12.2,10.1,2074.0,5.1,135.0,,23.0,80.0,117.0,0,0,26.1946,0,0,0,0,0,0,0,0,0,0,0,0,0,0,0,1,0
BQAE,0,0,61.0,2.0,False,False,False,True,True,False,0,0,0,0,0,0,1,0,0,0,0,0,0,0,0,0,1,0,0,0,,,,,,,,,,,,,,,80.0,126.0,0,1,36.61,0,1,1,1,1,1,1,1,1,1,1,0,0,1,1,1,1
BgAE,1,0,75.0,0.0,False,False,False,False,False,False,0,0,0,0,0,0,0,1,1,0,0,1,1,1,0,0,1,1,0,0,,0.5,107.0,0.98,77.2497,135.0,6.7,14.8,,4155.0,4.2,142.0,,18.0,87.0,127.0,0,1,27.59,0,0,0,0,0,0,0,0,0,0,0,0,0,1,0,1,1
BwBE,0,0,59.0,6.0,False,False,False,True,False,False,1,1,0,0,0,0,1,1,1,1,0,1,1,1,0,0,1,0,1,0,3.9,0.9,99.0,0.64,91.7393,132.0,7.8,7.9,,,4.0,140.0,,11.0,70.0,139.0,1,0,36.55,0,0,0,0,0,0,0,0,0,0,0,0,0,1,1,1,0
BgCE,0,1,75.0,8.0,False,False,False,False,False,False,0,0,0,0,0,0,0,1,1,0,0,0,1,1,0,0,1,0,0,1,4.3,1.3,100.0,0.97,73.9147,198.0,,,,,4.6,138.0,,21.0,70.0,148.0,1,0,31.45,0,0,0,0,0,0,1,1,0,0,0,0,0,1,1,1,0
BwCE,0,0,79.0,4.0,False,False,False,False,False,False,0,0,0,0,1,0,1,1,1,0,0,0,0,0,0,1,1,0,0,0,4.8,0.7,100.0,2.67,29.3557,115.0,,16.8,5.9,,4.1,137.0,,29.0,77.0,139.0,0,1,24.82,0,0,0,0,0,0,1,0,0,0,0,0,0,0,1,1,0
BgDE,1,0,77.0,4.0,False,False,False,False,False,False,0,1,0,1,0,0,1,1,1,0,0,0,0,1,1,0,1,0,0,0,4.0,0.4,106.0,0.78,76.1241,143.0,7.9,13.0,9.7,,4.5,142.0,,14.0,70.0,118.0,0,0,41.53,0,0,0,0,0,0,0,0,0,0,0,0,0,0,1,1,0
BQEE,0,1,87.0,4.0,False,False,False,False,False,False,0,0,0,0,0,0,0,1,1,0,0,1,1,0,1,0,1,0,1,0,,0.4,86.0,1.71,43.0,82.0,,14.5,,1294.0,4.5,136.0,,40.0,88.0,162.0,1,0,43.32,0,0,0,0,0,0,1,0,0,0,0,0,0,1,0,1,1
BAFE,0,0,66.0,0.0,False,False,False,False,False,False,0,0,0,0,0,0,0,1,0,0,0,1,0,1,0,0,0,0,0,0,,0.4,99.0,0.82,81.0,106.0,7.8,17.4,,5.0,3.7,138.0,,20.0,68.0,107.0,0,0,28.31,0,0,0,0,0,0,0,0,0,0,0,0,0,1,0,1,1
BgFE,1,0,79.0,0.0,True,False,False,False,False,False,0,1,0,0,0,0,0,1,0,1,0,1,0,0,0,0,1,1,0,0,,,,,,,,,,,,,,,,,0,0,,1,1,1,1,1,1,1,1,1,1,1,1,1,1,1,1,1
BwIE,0,0,68.0,5.0,False,False,False,False,False,False,0,1,0,1,0,0,0,1,1,0,0,0,0,0,1,0,1,0,0,0,4.2,0.6,101.0,0.98,76.5237,,6.3,13.9,6.74,713.3,4.4,136.0,,16.0,78.0,132.0,0,0,26.85,0,0,0,0,0,1,0,0,0,0,0,0,0,0,0,1,0
BwJE,0,0,83.0,0.0,False,False,False,True,False,False,0,1,0,0,0,0,0,1,1,1,0,0,0,0,1,0,1,0,0,0,,0.3,103.0,0.73,81.5989,92.0,5.5,10.5,,9550.0,4.3,141.0,56.0,7.0,66.0,104.0,0,1,28.34,0,0,0,0,0,0,0,0,0,0,0,0,0,1,0,0,1
BgKE,0,0,55.0,1.0,False,False,False,False,False,False,0,1,0,0,0,0,0,1,1,1,0,0,0,0,0,0,1,0,0,0,4.4,,104.0,0.69,109.1495,92.0,5.7,12.5,7.8,,4.5,141.0,,16.0,92.0,168.0,0,1,36.36,0,1,0,0,0,0,0,0,0,0,0,0,0,0,1,1,0
BQME,0,1,,,True,False,False,False,False,False,0,0,0,0,0,0,0,1,0,1,0,1,1,1,0,1,1,0,1,0,,1.0,100.0,1.0,64.1759,100.0,5.9,11.8,,375.0,4.2,139.0,,17.0,82.0,159.0,0,0,28.57,0,0,0,0,0,0,0,0,0,0,0,0,0,1,0,1,1
BgME,0,1,80.0,0.0,False,False,False,False,False,False,0,0,0,0,0,0,0,0,1,1,0,0,1,0,1,0,0,0,0,0,,,,,,,,,,,,,,,,,0,1,,1,1,1,1,1,1,1,1,1,1,1,1,1,1,1,1,1
BwME,1,0,78.0,0.0,True,False,True,False,False,False,0,1,0,0,0,0,1,1,1,0,0,1,1,1,1,0,1,0,0,0,,2.5,76.0,1.66,,127.0,5.7,7.6,,4762.0,2.9,123.0,,39.0,53.0,83.0,0,1,36.93,0,0,0,0,1,0,0,0,0,0,0,0,0,1,0,1,1
BgNE,1,0,68.0,1.0,True,False,False,False,False,False,1,1,0,0,1,0,1,0,1,1,0,1,1,0,1,1,1,0,0,0,,0.5,101.0,1.84,36.6566,188.0,,15.1,,2421.0,4.6,138.0,,40.0,778.0,151.0,1,0,43.7596,0,0,0,0,0,0,1,0,0,0,0,0,0,1,0,1,1
BQPE,0,1,68.0,0.0,True,False,False,False,False,False,0,1,0,0,0,0,0,1,1,1,1,0,0,0,1,0,1,0,0,0,,0.2,103.0,0.81,101.7078,88.0,5.7,15.7,,185.0,4.8,139.0,11.0,12.0,64.0,123.0,0,0,25.12,0,0,0,0,0,0,0,0,0,0,0,0,0,1,0,0,1
BgPE,0,0,57.0,0.0,False,False,False,True,False,True,0,1,0,0,0,0,0,1,1,1,0,0,1,0,1,0,1,0,0,0,,1.4,108.0,0.88,103.0,90.0,5.3,14.7,,3956.0,4.6,143.0,,13.0,58.0,100.0,0,1,29.03,0,0,0,0,0,0,0,0,0,0,0,0,0,1,0,1,1
BQQE,0,0,85.0,3.0,True,False,False,False,False,False,0,1,0,0,0,0,1,1,1,1,0,0,0,1,0,0,0,0,0,0,4.2,0.6,101.0,1.16,76.5834,154.0,8.0,13.0,2.9,,4.4,140.0,,16.0,88.0,141.0,0,1,27.72,0,0,0,0,0,0,0,0,0,0,0,0,0,0,1,1,0
BgQE,0,0,69.0,5.0,False,False,False,False,False,False,0,0,0,0,0,0,0,0,1,0,0,0,1,0,1,0,0,0,0,0,,,,,,,,,,,,,,,69.0,102.0,0,0,22.04,0,1,1,1,1,1,1,1,1,1,1,0,0,1,1,1,1
BARE,0,1,52.0,0.0,True,False,False,True,True,False,0,1,0,0,0,0,0,1,1,0,0,1,0,1,0,1,1,0,1,0,,0.2,103.0,0.66,,132.0,5.7,12.7,,1380.0,4.3,140.0,28.0,12.0,59.0,107.0,0,1,28.69,0,0,0,0,1,0,0,0,0,0,0,0,0,1,0,0,1
BQRE,0,0,71.0,0.0,True,False,False,False,False,False,0,0,0,0,0,0,0,1,1,0,0,0,1,0,0,0,1,0,0,0,,1.0,103.0,0.76,73.2244,87.0,,9.9,9.79,6527.0,4.6,138.0,17.0,21.0,88.0,142.0,1,0,25.71,0,0,0,0,0,0,1,0,0,0,0,0,0,0,0,0,1
BwSE,0,1,73.0,0.0,False,True,False,False,False,False,0,0,0,0,0,0,0,0,0,0,0,0,0,1,0,0,0,0,0,0,,,102.0,1.55,46.9591,93.0,,13.5,,,4.5,141.0,,26.0,82.0,148.0,0,0,46.26,0,1,0,0,0,0,1,0,0,0,0,0,0,1,1,1,1
BgTE,0,0,39.0,5.0,True,False,True,False,False,False,0,0,0,0,0,0,0,1,1,0,0,0,0,0,1,1,1,0,0,0,,,,,,,,,,,,,,,103.0,144.0,0,0,35.35,0,1,1,1,1,1,1,1,1,1,1,0,0,1,1,1,1
BwUE,1,0,46.0,2.0,False,False,True,False,False,False,0,0,0,0,0,0,0,1,1,0,0,1,1,0,0,0,1,0,0,0,3.7,0.3,111.0,1.81,39.6588,,8.0,11.0,11.03,93.5,5.4,139.0,,38.0,66.0,139.0,0,1,31.26,0,0,0,0,0,1,0,0,0,0,0,0,0,0,0,1,0
BgXE,0,0,48.0,6.0,True,False,False,False,False,False,0,0,0,0,0,0,0,1,1,1,0,0,0,0,0,0,1,0,1,0,,,,,,,,,,,,,,,80.0,128.0,1,0,31.83,0,1,1,1,1,1,1,1,1,1,1,0,0,1,1,1,1
BQZE,0,0,46.0,1.0,False,False,True,False,False,False,0,1,0,0,0,0,1,1,1,0,0,1,1,1,1,0,1,0,0,0,,0.8,104.0,0.87,85.5452,126.0,5.8,13.7,,337.0,4.0,139.0,,9.0,75.0,145.0,0,1,25.1,0,0,0,0,0,0,0,0,0,0,0,0,0,1,0,1,1
BwZE,0,0,74.0,0.0,True,False,False,False,False,False,0,0,0,0,0,0,0,1,1,0,0,0,1,0,0,0,1,0,0,0,,,,,,,,,,,,,,,64.0,118.0,0,0,34.29,0,1,1,1,1,1,1,1,1,1,1,0,0,1,1,1,1
BQbE,0,1,67.0,0.0,False,False,False,False,True,False,0,1,0,0,0,0,0,0,1,0,0,0,1,0,1,0,1,0,0,0,,1.0,114.0,0.89,86.0,63.0,,7.9,,4160.0,3.0,142.0,,19.0,73.0,110.0,1,0,25.27,0,0,0,0,0,0,1,0,0,0,0,0,0,1,0,1,1
BgbE,0,0,62.0,1.0,True,False,False,False,False,False,0,1,0,0,0,0,0,1,1,0,0,0,0,0,1,0,1,0,0,0,,,107.0,0.8,93.7378,89.0,,,,,4.1,141.0,,15.0,67.0,154.0,0,1,32.32,0,1,0,0,0,0,1,1,0,0,0,0,0,1,1,1,1
BAcE,1,0,80.0,1.0,True,False,False,False,False,False,0,1,0,0,1,0,1,1,1,0,1,1,1,1,1,0,1,0,0,0,4.2,0.6,90.0,1.66,42.4687,448.0,11.8,15.4,14.6,,5.0,135.0,,35.0,63.0,92.0,0,0,30.34,0,0,0,0,0,0,0,0,0,0,0,0,0,0,1,1,0
BQdE,0,0,77.0,0.0,False,False,False,False,False,False,0,1,0,0,0,0,0,1,1,1,0,0,1,0,1,0,0,0,1,0,,1.0,102.0,0.74,117.0,100.0,5.7,14.0,,2928.0,4.2,139.0,,12.0,74.0,133.0,0,1,43.64,0,0,0,0,0,0,0,0,0,0,0,0,0,1,0,1,1
BgdE,0,1,75.0,0.0,False,False,False,False,False,False,0,1,0,0,0,1,1,1,1,0,0,1,0,1,0,0,1,0,0,0,,0.6,104.0,0.97,80.9609,133.0,7.7,12.9,,,4.6,135.0,,16.0,75.0,118.0,0,1,26.9,0,0,0,0,0,0,0,0,0,0,0,0,0,1,1,1,1
BAeE,1,0,79.0,3.0,False,False,False,False,False,False,0,0,0,0,1,0,0,1,1,0,0,0,0,0,0,0,1,0,0,0,3.9,0.5,103.0,1.49,34.1152,73.0,5.1,12.9,7.6,,4.7,139.0,,17.0,84.0,123.0,0,0,36.99,0,0,0,0,0,0,0,0,0,0,0,0,0,0,1,1,0
BQeE,0,0,82.0,0.0,False,False,False,False,False,False,0,0,0,0,0,1,0,1,1,1,0,0,1,0,1,0,1,0,1,0,,0.4,107.0,0.77,98.2251,84.0,6.1,13.8,,,3.7,144.0,19.0,16.0,71.0,132.0,0,1,36.47,0,0,0,0,0,0,0,0,0,0,0,0,0,1,1,0,1
BAfE,0,0,52.0,6.0,False,False,False,False,False,False,0,0,0,0,0,0,0,0,0,0,0,0,0,0,0,1,1,0,0,0,,0.4,106.0,1.27,,184.0,,15.1,,,4.5,142.0,13.0,19.0,78.0,143.0,0,0,33.28,0,0,0,0,1,0,1,0,0,0,0,0,0,1,1,0,1
BQfE,0,1,60.0,0.0,False,False,False,True,True,False,0,1,0,0,0,0,0,1,1,0,0,0,1,0,1,0,1,0,0,0,,0.6,103.0,0.98,76.5237,93.0,,12.0,,5063.0,3.9,141.0,,14.0,66.0,106.0,0,1,24.16,0,0,0,0,0,0,1,0,0,0,0,0,0,1,0,1,1
BgiE,0,0,74.0,1.0,True,False,False,False,False,False,0,0,0,0,0,0,1,1,1,1,0,1,0,1,1,1,1,0,1,0,,0.2,101.0,0.63,118.0,163.0,5.7,11.5,,641.0,3.8,138.0,,13.0,83.0,130.0,0,1,26.83,0,0,0,0,0,0,0,0,0,0,0,0,0,1,0,1,1
BgjE,0,0,72.0,0.0,True,False,False,True,True,False,0,1,0,0,0,0,0,0,1,0,0,0,0,0,0,0,1,0,0,0,,0.3,105.0,0.63,123.8209,81.0,5.3,13.4,,971.0,4.5,141.0,22.0,19.0,76.0,116.0,0,1,23.0,0,0,0,0,0,0,0,0,0,0,0,0,0,1,0,0,1
BwkE,0,1,82.0,0.0,False,False,False,False,False,False,1,1,0,0,0,0,0,1,1,1,0,1,1,0,1,0,1,0,1,0,,0.7,101.0,0.5,98.0,110.0,5.6,8.5,,,5.1,142.0,,23.0,57.0,110.0,0,0,20.41,0,0,0,0,0,0,0,0,0,0,0,0,0,1,1,1,1
BAlE,1,0,80.0,0.0,False,False,False,False,False,False,0,0,0,0,0,0,1,1,1,0,0,1,1,1,0,1,1,0,0,0,4.4,0.5,98.0,1.49,44.367,,8.0,12.8,9.3,11371.0,3.8,141.0,,31.0,68.0,102.0,0,1,32.24,0,0,0,0,0,1,0,0,0,0,0,0,0,0,0,1,0
BQlE,0,0,83.0,4.0,False,False,False,False,False,False,0,1,0,0,0,0,1,0,1,0,1,1,0,1,1,0,0,0,0,0,,,106.0,1.07,67.193,106.0,6.8,,,,4.8,141.0,,25.0,,,0,1,22.76,0,1,0,0,0,0,0,1,0,0,0,1,1,1,1,1,1
BQmE,0,0,75.0,2.0,False,False,False,False,False,False,0,0,0,0,0,0,0,0,0,0,0,0,1,0,0,0,0,0,0,0,4.3,0.8,101.0,1.26,59.2009,95.0,,13.0,10.6,,4.4,142.0,,16.0,82.0,128.0,0,1,34.06,0,0,0,0,0,0,1,0,0,0,0,0,0,0,1,1,0
BgmE,0,0,74.0,0.0,False,False,False,False,False,False,0,1,0,0,0,0,0,1,1,0,0,0,1,0,1,0,1,0,0,0,,1.3,104.0,0.57,152.5691,90.0,6.1,13.1,,4639.0,4.2,139.0,,20.0,88.0,140.0,0,1,,1,0,0,0,0,0,0,0,0,0,0,0,0,1,0,1,1
BAnE,0,0,53.0,0.0,True,False,False,False,False,False,0,1,0,0,1,0,0,1,1,1,0,0,1,0,1,0,1,0,1,0,,1.1,103.0,1.21,60.3739,99.0,5.7,14.4,,3515.0,4.2,138.0,,24.0,81.0,118.0,0,1,25.72,0,0,0,0,0,0,0,0,0,0,0,0,0,1,0,1,1
BgnE,1,0,73.0,0.0,False,True,False,False,False,False,0,1,0,0,0,0,1,1,0,0,0,0,0,1,0,0,0,0,0,0,4.5,0.6,102.0,0.62,96.0127,103.0,6.6,12.7,4.8,,4.4,141.0,,16.0,69.0,114.0,0,0,24.69,0,0,0,0,0,0,0,0,0,0,0,0,0,0,1,1,0
BQoE,0,1,52.0,0.0,False,False,False,False,False,True,0,1,0,0,0,0,0,1,1,1,0,1,1,0,1,0,1,0,1,0,,0.6,99.0,0.98,99.0,98.0,4.9,10.3,,1007.0,4.3,134.0,,24.0,79.0,114.0,0,1,29.47,0,0,0,0,0,0,0,0,0,0,0,0,0,1,0,1,1
BgpE,0,0,75.0,4.0,True,False,False,False,False,False,0,1,0,0,1,0,1,1,1,0,0,0,1,0,0,0,1,0,0,0,,,,,,,,,,,,,,,68.0,126.0,1,0,46.07,0,1,1,1,1,1,1,1,1,1,1,0,0,1,1,1,1
BgqE,0,0,85.0,1.0,True,False,False,False,False,False,0,0,0,0,1,0,0,1,1,0,0,0,1,0,1,0,1,0,0,0,4.2,0.5,100.0,1.15,64.2283,117.0,6.0,13.8,10.1,2694.0,5.0,139.0,,11.0,88.0,177.0,0,1,31.79,0,0,0,0,0,0,0,0,0,0,0,0,0,0,0,1,0
BwrE,0,0,74.0,0.0,False,False,False,False,False,False,0,1,0,1,0,0,1,1,1,1,0,1,1,1,1,1,1,1,0,0,,0.5,104.0,1.04,69.8116,147.0,6.9,12.1,,450.0,4.2,140.0,,17.0,57.0,101.0,0,1,25.03,0,0,0,0,0,0,0,0,0,0,0,0,0,1,0,1,1
BgtE,0,0,26.0,0.0,False,False,True,False,False,False,0,0,0,0,0,0,0,1,1,1,0,0,0,0,1,0,1,0,0,0,,1.0,103.0,0.77,117.0,108.0,5.0,14.5,,1303.0,4.0,139.0,,12.0,106.0,155.0,0,0,40.6,0,0,0,0,0,0,0,0,0,0,0,0,0,1,0,1,1
BguE,0,1,88.0,1.0,False,False,False,False,False,False,0,1,0,0,0,0,1,1,1,1,0,0,1,0,0,1,1,0,0,0,,0.5,101.0,1.03,51.9601,92.0,5.9,11.3,,1673.0,5.0,140.0,,27.0,73.0,166.0,1,0,31.61,0,0,0,0,0,0,0,0,0,0,0,0,0,1,0,1,1
BQwE,0,0,69.0,1.0,True,False,True,False,False,False,0,1,1,0,1,0,1,1,0,1,0,0,0,1,0,0,1,0,0,0,4.5,0.4,99.0,1.42,,125.0,6.7,14.3,9.1,,4.9,139.0,,27.0,81.0,128.0,0,0,25.68,0,0,0,0,1,0,0,0,0,0,0,0,0,0,1,1,0
BAxE,0,0,83.0,1.0,False,False,False,False,False,False,0,1,1,1,0,0,1,1,1,1,0,1,1,1,0,1,1,0,1,0,,0.7,101.0,1.33,56.0,201.0,5.8,13.9,,1770.0,3.8,139.0,,27.0,69.0,142.0,1,0,34.16,0,0,0,0,0,0,0,0,0,0,0,0,0,1,0,1,1
BgxE,1,1,26.0,3.0,False,False,False,True,True,False,0,1,0,0,0,0,1,1,1,0,0,0,0,0,1,0,1,0,0,0,,,,,,,,,,,,,,,81.0,117.0,0,1,35.25,0,1,1,1,1,1,1,1,1,1,1,0,0,1,1,1,1
BAyE,0,0,68.0,3.0,False,False,False,False,False,False,0,0,0,0,0,1,1,0,1,1,1,1,0,1,0,0,1,0,1,0,4.3,0.7,104.0,1.09,49.0679,184.0,9.7,14.9,7.0,,4.8,140.0,,16.0,86.0,140.0,1,0,39.0528,0,0,0,0,0,0,0,0,0,0,0,0,0,0,1,1,0
BQyE,0,1,84.0,1.0,False,False,False,False,False,False,0,1,1,0,0,0,0,1,1,1,1,0,1,0,1,0,1,0,0,0,,1.8,96.0,1.11,46.7162,89.0,6.2,11.0,7.1,2432.0,5.3,132.0,,31.0,79.0,112.0,0,1,23.72,0,0,0,0,0,0,0,0,0,0,0,0,0,0,0,1,1
BA1E,1,0,65.0,0.0,True,False,True,False,False,False,0,0,0,0,0,0,1,1,0,0,1,0,0,1,0,0,1,0,0,0,,0.5,98.0,0.72,,248.0,,12.5,,,3.7,135.0,,12.0,69.0,111.0,0,0,34.27,0,0,0,0,1,0,1,0,0,0,0,0,0,1,1,1,1
Bw2E,0,0,84.0,3.0,False,False,False,False,False,False,0,0,0,0,0,0,0,0,0,0,0,0,0,0,1,0,0,0,0,0,3.9,0.6,104.0,0.83,65.8145,,,13.0,4.76,826.7,4.2,137.0,,21.0,66.0,100.0,1,0,23.7964,0,0,0,0,0,1,1,0,0,0,0,0,0,0,0,1,0
Bg3E,0,1,84.0,0.0,True,False,False,False,False,False,0,1,0,0,0,0,0,1,1,0,0,0,1,0,1,1,1,0,0,0,,0.5,99.0,1.33,51.4765,100.0,5.4,11.4,,2532.0,3.6,139.0,93.0,45.0,58.0,122.0,1,0,28.73,0,0,0,0,0,0,0,0,0,0,0,0,0,1,0,0,1
BQ5E,0,0,63.0,4.0,False,False,False,False,False,False,0,1,1,0,1,0,0,1,1,0,0,0,1,0,1,1,1,0,0,0,4.3,0.7,104.0,1.34,50.7844,94.0,,10.6,7.5,2437.0,4.5,142.0,36.0,37.0,86.0,136.0,0,0,26.52,0,0,0,0,0,0,1,0,0,0,0,0,0,0,0,0,0
Bg7E,0,0,84.0,2.0,True,False,False,False,False,False,0,0,0,0,0,0,0,0,0,0,0,0,0,0,0,0,0,0,0,0,,,,,,,,,,,,,,,75.0,127.0,0,1,,1,1,1,1,1,1,1,1,1,1,1,0,0,1,1,1,1
Bw7E,0,0,80.0,0.0,False,False,False,False,False,False,0,0,0,0,0,1,0,1,1,1,0,1,0,0,0,0,1,0,0,0,,0.6,103.0,1.02,69.9213,222.0,8.0,14.3,,,4.1,140.0,,15.0,70.0,127.0,0,0,26.6,0,0,0,0,0,0,0,0,0,0,0,0,0,1,1,1,1
BQ8E,0,0,59.0,0.0,False,False,False,False,False,False,0,0,1,0,0,0,0,1,1,1,0,0,1,0,1,0,0,0,1,0,,1.7,94.0,0.88,88.0406,101.0,,16.2,,5946.0,3.6,141.0,49.0,23.0,68.0,103.0,0,1,32.21,0,0,0,0,0,0,1,0,0,0,0,0,0,1,0,0,1
Bg8E,0,1,55.0,0.0,True,False,False,False,False,False,0,0,0,0,0,0,0,0,1,0,0,0,1,0,1,0,1,0,0,0,,1.2,97.0,1.11,65.1174,107.0,,10.8,,3847.0,3.4,140.0,57.0,15.0,62.0,104.0,1,0,34.54,0,0,0,0,0,0,1,0,0,0,0,0,0,1,0,0,1
Bg9E,0,0,44.0,0.0,False,False,False,False,False,False,1,1,0,1,0,0,1,1,1,1,0,1,1,0,1,1,1,0,0,0,,0.9,108.0,0.71,111.3434,141.0,5.7,9.5,,,4.1,143.0,,34.0,72.0,126.0,0,1,22.35,0,0,0,0,0,0,0,0,0,0,0,0,0,1,1,1,1
Bw9E,0,1,79.0,5.0,True,False,False,False,False,False,0,1,0,1,0,0,0,1,1,0,0,0,0,0,1,0,1,0,0,0,,,95.0,0.85,87.8721,,,10.6,10.3,,4.8,139.0,,31.0,57.0,90.0,0,1,22.45,0,1,0,0,0,1,1,0,0,0,0,0,0,0,1,1,1
BQ_E,1,0,54.0,2.0,False,False,False,True,False,False,0,0,0,0,0,0,1,1,0,0,0,0,1,0,0,0,0,0,0,0,,,,,,,,,,,,,,,79.0,112.0,0,1,32.95,0,1,1,1,1,1,1,1,1,1,1,0,0,1,1,1,1
Bg_E,0,0,72.0,6.0,False,False,False,False,True,False,0,1,0,0,0,0,1,1,1,0,0,0,0,0,0,0,1,0,0,0,4.0,0.3,95.0,1.06,,288.0,9.3,15.3,5.0,,5.3,135.0,,8.0,80.0,132.0,0,1,23.46,0,0,0,0,1,0,0,0,0,0,0,0,0,0,1,1,0
BQ#E,0,0,72.0,3.0,False,False,False,False,False,False,0,0,0,0,0,0,0,1,1,1,0,1,0,1,0,0,1,0,0,0,4.3,0.6,103.0,1.22,57.7529,,6.2,12.8,8.7,,4.0,144.0,,20.0,76.0,138.0,0,1,30.3764,0,0,0,0,0,1,0,0,0,0,0,0,0,0,1,1,0
Bg#E,0,0,73.0,0.0,False,False,False,False,False,False,0,1,0,0,1,0,1,1,0,1,0,1,1,1,0,1,1,0,0,0,,0.3,103.0,1.78,49.0,84.0,6.4,11.1,,5023.0,4.8,140.0,,33.0,106.0,185.0,0,1,28.3,0,0,0,0,0,0,0,0,0,0,0,0,0,1,0,1,1
BAAF,0,0,64.0,0.0,False,False,False,False,False,False,0,1,0,0,0,0,0,1,1,0,0,0,1,0,1,0,1,0,0,0,,1.5,100.0,1.2,60.0922,102.0,,13.6,,6515.0,4.0,136.0,,31.0,75.0,119.0,0,1,20.21,0,0,0,0,0,0,1,0,0,0,0,0,0,1,0,1,1
BgAF,1,0,80.0,1.0,False,False,False,False,False,False,0,0,0,0,0,0,1,0,0,0,0,0,0,1,0,0,0,0,0,0,3.9,0.2,108.0,0.74,104.2652,111.0,8.1,13.8,5.9,,4.3,142.0,,15.0,71.0,152.0,0,0,39.16,0,0,0,0,0,0,0,0,0,0,0,0,0,0,1,1,0
BwAF,0,0,76.0,5.0,False,False,False,False,False,False,0,0,0,0,0,0,0,1,1,0,0,0,1,0,0,0,1,0,0,0,,,,,,,,,,,,,,,66.0,130.0,0,0,30.92,0,1,1,1,1,1,1,1,1,1,1,0,0,1,1,1,1
BABF,0,1,65.0,0.0,True,False,False,False,False,False,0,1,0,0,0,0,1,1,1,1,1,1,1,1,1,1,1,0,1,0,,0.4,100.0,0.96,,210.0,6.5,8.9,,3730.0,4.0,137.0,20.0,16.0,56.0,133.0,1,0,26.89,0,0,0,0,1,0,0,0,0,0,0,0,0,1,0,0,1
BQBF,0,1,58.0,4.0,False,True,False,False,False,False,0,1,1,0,0,0,0,1,0,1,0,0,1,0,1,0,0,0,1,0,4.1,1.5,102.0,0.8,70.9122,87.0,,9.1,,,3.5,139.0,12.0,15.0,59.0,103.0,1,0,18.78,0,0,0,0,0,0,1,0,0,0,0,0,0,1,1,0,0
BgBF,0,0,84.0,0.0,False,False,False,True,True,False,0,1,0,0,0,0,0,1,1,0,0,1,0,0,1,1,1,0,0,0,4.7,0.5,103.0,0.84,,,6.0,14.9,8.77,,4.5,141.0,,16.0,98.0,160.0,0,0,26.24,0,0,0,0,1,1,0,0,0,0,0,0,0,0,1,1,0
BACF,0,0,61.0,0.0,False,False,False,False,False,False,0,1,0,0,0,0,0,1,0,0,0,1,1,0,0,0,1,0,0,0,,,105.0,1.19,59.9242,101.0,6.2,15.2,,757.0,4.4,141.0,26.0,20.0,72.0,132.0,0,1,33.05,0,1,0,0,0,0,0,0,0,0,0,0,0,1,0,0,1
BADF,0,1,62.0,1.0,True,False,True,False,False,False,0,1,0,1,0,0,0,1,1,1,0,0,1,0,0,0,1,0,0,0,4.2,0.5,109.0,0.81,93.4097,112.0,5.6,13.4,8.7,,4.4,145.0,,19.0,78.0,122.0,0,1,34.04,0,0,0,0,0,0,0,0,0,0,0,0,0,0,1,1,0
BAEF,1,0,64.0,0.0,False,False,False,False,False,False,0,1,0,0,0,0,0,0,1,1,0,1,1,0,1,0,1,0,0,0,,1.5,100.0,1.09,64.927,213.0,,15.0,,2252.0,3.7,140.0,,14.0,93.0,169.0,1,0,,1,0,0,0,0,0,1,0,0,0,0,0,0,1,0,1,1
BQEF,0,0,65.0,0.0,False,False,False,True,True,False,0,0,0,1,0,0,1,0,1,1,0,1,1,1,0,0,1,0,0,0,,0.2,104.0,1.58,41.6932,178.0,6.8,13.3,,2692.0,4.7,142.0,77.0,41.0,69.0,110.0,1,0,25.92,0,0,0,0,0,0,0,0,0,0,0,0,0,1,0,0,1
BwEF,0,0,35.0,0.0,False,False,False,False,False,False,0,0,0,0,0,0,0,1,1,0,0,0,1,0,1,0,1,0,1,0,,0.4,104.0,0.8,69.5534,70.0,5.6,9.7,,12842.0,3.7,138.0,48.0,14.0,87.0,127.0,0,1,24.26,0,0,0,0,0,0,0,0,0,0,0,0,0,1,0,0,1
BQFF,0,0,57.0,0.0,False,False,False,False,False,False,0,0,0,1,0,1,1,1,1,0,0,1,1,1,0,1,0,0,0,0,,0.9,95.0,0.98,75.3976,75.0,6.2,16.8,,2403.0,3.7,138.0,16.0,17.0,94.0,157.0,0,0,35.2196,0,0,0,0,0,0,0,0,0,0,0,0,0,1,0,0,1
BgFF,0,0,74.0,0.0,True,False,False,False,False,False,0,1,0,0,0,1,0,0,1,0,0,0,0,0,1,0,1,0,0,0,,0.7,99.0,1.12,66.6528,147.0,5.9,14.6,,,4.0,137.0,,15.0,54.0,89.0,0,1,21.83,0,0,0,0,0,0,0,0,0,0,0,0,0,1,1,1,1
BQGF,0,0,85.0,0.0,False,False,False,True,True,False,0,1,0,0,1,0,0,1,1,1,0,0,1,0,0,0,1,0,0,0,4.0,0.5,108.0,1.47,40.0,90.0,5.4,11.4,5.4,,4.8,143.0,,26.0,63.0,116.0,1,0,36.13,0,0,0,0,0,0,0,0,0,0,0,0,0,0,1,1,0
BgGF,1,0,74.0,0.0,False,False,False,False,False,False,0,1,0,0,1,0,1,1,0,0,0,1,0,1,0,0,0,1,0,0,4.1,0.4,103.0,1.28,55.0888,130.0,6.7,14.8,7.9,,5.1,140.0,,19.0,73.0,126.0,0,0,29.12,0,0,0,0,0,0,0,0,0,0,0,0,0,0,1,1,0
BQHF,1,0,58.0,2.0,False,False,False,False,False,False,0,0,0,0,0,0,1,1,1,0,0,0,0,1,0,0,0,0,1,0,,0.7,100.0,0.84,96.7228,194.0,7.4,16.5,,,3.7,134.0,,24.0,112.0,160.0,0,0,43.25,0,0,0,0,0,0,0,0,0,0,0,0,0,1,1,1,1
BwHF,0,0,67.0,0.0,False,False,False,False,False,False,0,1,0,0,0,0,0,1,1,0,0,1,0,0,1,0,1,1,0,0,,0.3,109.0,1.15,66.1259,319.0,7.5,15.5,,335.0,4.7,144.0,76.0,22.0,56.0,112.0,0,0,31.14,0,0,0,0,0,0,0,0,0,0,0,0,0,1,0,0,1
BAJF,0,0,78.0,3.0,False,False,False,False,False,False,0,1,0,0,0,0,0,1,1,0,0,0,0,0,0,0,1,0,0,0,4.5,0.5,106.0,0.52,118.7188,86.0,,8.8,,,4.7,138.0,,14.0,80.0,120.0,0,1,21.61,0,0,0,0,0,0,1,0,0,0,0,0,0,1,1,1,0
BAKF,0,0,83.0,0.0,True,False,False,True,False,True,0,0,0,0,0,0,0,1,1,0,0,0,0,0,1,0,1,0,1,0,,0.8,101.0,0.91,81.6676,98.0,5.7,9.2,,11207.0,4.3,140.0,247.0,18.0,69.0,118.0,0,1,27.31,0,0,0,0,0,0,0,0,0,0,0,0,0,1,0,0,1
BwKF,1,1,46.0,2.0,False,False,True,False,False,False,0,0,0,0,1,0,1,1,1,0,1,0,1,1,0,0,1,0,1,0,4.5,0.9,104.0,1.15,62.6884,176.0,6.7,12.7,6.0,,4.8,140.0,,19.0,80.0,140.0,0,1,34.51,0,0,0,0,0,0,0,0,0,0,0,0,0,0,1,1,0
BALF,0,0,73.0,0.0,True,False,False,False,False,False,0,1,0,0,0,0,0,1,1,1,0,0,1,0,1,0,0,0,0,0,,1.3,95.0,0.63,103.0,97.0,6.1,15.7,,2128.0,3.3,137.0,,10.0,63.0,112.0,0,1,20.45,0,0,0,0,0,0,0,0,0,0,0,0,0,1,0,1,1
BQLF,0,0,59.0,2.0,False,False,False,False,False,False,0,0,0,0,0,0,0,1,1,0,0,0,1,0,0,0,0,0,0,0,,,,,,,,,,,,,,,72.0,132.0,0,1,28.69,0,1,1,1,1,1,1,1,1,1,1,0,0,1,1,1,1
BAMF,0,0,74.0,1.0,False,False,False,False,False,False,0,0,0,0,0,0,0,1,0,0,0,0,1,0,1,0,0,0,0,0,4.7,0.3,0.098,1.14,65.9772,110.0,,,,,0.0046,0.136,,,80.0,110.0,0,1,31.11,0,0,0,0,0,0,1,1,0,0,1,0,0,1,1,1,0
BQMF,0,1,89.0,8.0,False,False,False,False,False,False,0,0,0,0,0,0,0,1,1,0,0,1,1,0,0,0,1,0,0,0,,0.8,105.0,1.26,55.2067,106.0,,13.4,,916.0,4.4,138.0,30.0,20.0,75.0,117.0,0,1,27.77,0,0,0,0,0,0,1,0,0,0,0,0,0,1,0,0,1
BAOF,0,0,82.0,1.0,False,False,False,False,False,False,0,1,0,0,0,0,0,1,1,1,0,0,1,0,1,0,1,0,1,0,,0.8,104.0,0.77,,109.0,5.6,13.4,,4292.0,4.7,140.0,,22.0,76.0,122.0,0,1,17.85,0,0,0,0,1,0,0,0,0,0,0,0,0,1,0,1,1
BgOF,0,0,67.0,0.0,True,False,False,True,False,True,0,1,0,1,0,0,0,1,1,0,1,0,1,0,1,0,1,0,1,0,,0.3,104.0,1.21,58.461,150.0,5.7,9.3,,1039.0,4.5,143.0,41.0,18.0,63.0,110.0,0,1,33.01,0,0,0,0,0,0,0,0,0,0,0,0,0,1,0,0,1
BAPF,0,1,54.0,1.0,False,False,False,False,False,False,0,0,0,0,0,0,0,1,1,1,0,1,1,0,0,0,1,0,1,0,3.9,0.5,95.0,0.88,88.0406,180.0,7.3,13.7,8.2,949.0,4.3,137.0,,18.0,80.0,128.0,0,1,20.75,0,0,0,0,0,0,0,0,0,0,0,0,0,0,0,1,0
BwPF,0,0,60.0,6.0,True,False,False,True,True,False,0,0,0,0,0,0,0,1,1,0,0,0,1,0,1,0,1,0,0,0,,,,,,,,,,,,,,,82.0,134.0,0,0,43.12,0,1,1,1,1,1,1,1,1,1,1,0,0,1,1,1,1
BgQF,0,1,71.0,3.0,True,False,False,False,False,False,0,1,0,0,0,0,0,1,0,0,0,0,0,0,1,0,0,0,0,0,,0.4,101.0,0.74,74.238,119.0,6.2,8.8,,1426.0,4.4,134.0,17.0,9.0,64.0,106.0,0,1,29.0,0,0,0,0,0,0,0,0,0,0,0,0,0,1,0,0,1
BwQF,0,0,73.0,0.0,False,False,False,False,False,False,0,0,0,0,0,0,0,0,1,0,0,0,1,0,0,0,1,0,0,0,,,,,,,,,,,,,,,80.0,115.0,0,1,27.8,0,1,1,1,1,1,1,1,1,1,1,0,0,1,1,1,1
BASF,0,0,78.0,0.0,False,False,False,False,False,False,0,1,0,0,0,0,0,1,1,1,0,0,1,0,1,0,1,0,1,0,,0.8,106.0,0.9,88.6122,124.0,5.8,14.6,,91.0,4.0,140.0,,19.0,81.0,133.0,1,0,42.04,0,0,0,0,0,0,0,0,0,0,0,0,0,1,0,1,1
BwSF,0,0,69.0,0.0,True,False,False,False,False,True,0,0,0,0,0,0,0,1,0,0,0,0,0,0,0,0,0,0,0,0,3.9,0.4,108.0,1.08,,,,,,,4.7,138.0,,42.0,72.0,128.0,0,0,45.3482,0,0,0,0,1,1,1,1,0,0,0,0,0,1,1,1,0
BwTF,0,0,73.0,0.0,False,False,False,True,False,False,0,0,0,0,0,0,0,0,0,1,0,0,1,0,0,0,1,0,0,0,3.8,0.7,105.0,0.95,76.8754,97.0,,,,,4.5,141.0,,16.0,75.0,145.0,1,0,28.26,0,0,0,0,0,0,1,1,0,0,0,0,0,1,1,1,0
BAUF,0,0,66.0,0.0,False,False,False,False,False,False,0,1,0,0,0,0,1,1,1,1,0,1,0,0,1,0,1,0,0,0,,0.6,100.0,0.59,139.6538,137.0,7.2,17.2,,8.0,3.9,135.0,9.0,23.0,84.0,137.0,0,0,30.08,0,0,0,0,0,0,0,0,0,0,0,0,0,1,0,0,1
BAWF,1,0,66.0,4.0,False,False,False,False,False,True,0,0,0,0,0,0,1,0,0,0,0,0,0,0,0,0,0,0,0,0,,,,,,,,,,,,,,,83.0,180.0,1,0,25.6,0,1,1,1,1,1,1,1,1,1,1,0,0,1,1,1,1
BwWF,0,0,64.0,1.0,True,False,False,False,False,False,0,0,1,0,1,0,0,0,1,1,1,0,1,0,0,0,1,0,0,0,,2.5,98.0,1.21,61.0,84.0,,16.2,,2098.0,3.8,139.0,,28.0,78.0,146.0,0,0,34.84,0,0,0,0,0,0,1,0,0,0,0,0,0,1,0,1,1
BQXF,1,0,67.0,0.0,False,False,False,False,False,False,0,0,0,0,0,0,1,0,1,0,0,1,0,0,0,0,1,0,0,0,,,,,,,,,,,,,,,84.0,130.0,0,1,27.42,0,1,1,1,1,1,1,1,1,1,1,0,0,1,1,1,1
BgXF,0,0,71.0,5.0,False,False,False,False,False,False,0,1,0,1,0,0,0,0,1,1,0,1,1,1,1,0,1,1,0,0,,,,,,,,,,,,,,,70.0,110.0,0,1,35.87,0,1,1,1,1,1,1,1,1,1,1,0,0,1,1,1,1
BAYF,0,0,77.0,1.0,True,False,False,False,False,True,0,1,0,1,0,0,0,1,1,0,0,0,0,0,1,0,1,0,1,0,,0.7,106.0,0.83,89.3724,82.0,5.1,14.5,,1177.0,3.9,141.0,,13.0,73.0,131.0,0,0,25.71,0,0,0,0,0,0,0,0,0,0,0,0,0,1,0,1,1
BQYF,0,0,78.0,0.0,False,False,False,False,False,False,0,0,0,0,0,0,1,0,0,0,0,1,1,1,0,0,0,1,0,0,,0.3,99.0,0.92,80.2028,167.0,8.1,16.1,,341.0,4.6,142.0,32.0,19.0,78.0,141.0,1,0,35.37,0,0,0,0,0,0,0,0,0,0,0,0,0,1,0,0,1
BgYF,1,0,74.0,0.0,True,False,False,False,False,False,0,0,0,0,0,0,0,1,1,0,0,1,0,1,0,0,1,0,0,0,,0.2,101.0,1.27,64.4373,207.0,8.4,13.0,7.61,,4.7,138.0,,28.0,86.0,120.0,0,1,,1,0,0,0,0,0,0,0,0,0,0,0,0,0,1,1,1
BwYF,0,0,69.0,0.0,True,False,False,True,False,False,0,0,0,0,0,0,1,1,1,1,0,1,1,1,1,1,0,0,0,0,,,105.0,1.15,57.7608,151.0,8.6,8.3,,4386.0,3.9,141.0,69.0,18.0,75.0,169.0,1,0,29.4,0,1,0,0,0,0,0,0,0,0,0,0,0,1,0,0,1
BAZF,0,1,55.0,1.0,True,False,False,True,False,False,0,0,1,1,1,0,0,0,0,1,0,0,1,0,0,0,1,0,0,0,,,104.0,1.69,39.0438,94.0,,10.9,,,4.3,142.0,,34.0,70.0,140.0,1,0,34.43,0,1,0,0,0,0,1,0,0,0,0,0,0,1,1,1,1
BAaF,0,1,67.0,3.0,False,False,False,False,False,False,0,0,0,0,0,0,0,0,1,1,0,0,1,0,1,1,1,0,0,0,,0.5,95.0,0.96,67.1081,105.0,,9.8,,1565.0,4.0,135.0,17.0,25.0,65.0,110.0,0,1,30.51,0,0,0,0,0,0,1,0,0,0,0,0,0,1,0,0,1
BQaF,0,0,75.0,0.0,False,False,False,False,False,False,0,1,0,0,0,1,0,0,1,1,0,0,0,0,1,0,1,0,0,0,,0.4,102.0,0.67,90.4015,97.0,6.1,9.1,,,3.8,138.0,1937.0,17.0,50.0,82.0,0,1,18.42,0,0,0,0,0,0,0,0,0,0,0,0,0,1,1,0,1
BgaF,0,0,59.0,0.0,False,False,False,False,False,False,0,0,0,0,0,0,0,1,1,1,0,0,1,0,1,0,0,0,0,0,,0.8,96.0,1.0,80.8046,104.0,6.0,16.2,,3120.0,4.3,138.0,24.0,20.0,75.0,114.0,0,1,43.64,0,0,0,0,0,0,0,0,0,0,0,0,0,1,0,0,1
BAbF,1,1,83.0,5.0,True,False,False,False,False,False,0,0,0,0,0,0,1,0,1,0,0,0,0,1,0,1,0,0,0,0,4.0,0.3,103.0,0.72,86.4546,100.0,6.5,13.4,5.0,,4.3,141.0,,8.0,75.0,138.0,0,0,37.79,0,0,0,0,0,0,0,0,0,0,0,0,0,0,1,1,0
BQbF,0,1,77.0,0.0,False,False,False,False,False,False,0,0,0,0,0,0,0,1,0,0,0,0,1,1,0,0,1,0,0,0,,,101.0,0.98,,103.0,,11.6,,3085.0,4.3,140.0,15.0,19.0,70.0,125.0,1,0,22.86,0,1,0,0,1,0,1,0,0,0,0,0,0,1,0,0,1
BwcF,0,0,70.0,4.0,True,False,False,True,False,True,0,0,0,0,0,0,1,0,0,0,0,0,0,0,0,0,0,0,0,0,,,,,,,,,,,,,,,70.0,130.0,0,1,32.61,0,1,1,1,1,1,1,1,1,1,1,0,0,1,1,1,1
BAdF,0,0,43.0,2.0,True,False,False,False,False,False,0,0,0,0,0,0,0,1,1,1,0,0,0,0,0,1,1,0,0,0,,,,,,,,,,,,,,,80.0,138.0,1,0,33.89,0,1,1,1,1,1,1,1,1,1,1,0,0,1,1,1,1
BQdF,0,0,83.0,0.0,False,False,False,False,False,False,0,0,0,0,0,0,1,1,1,0,0,0,1,0,0,0,1,0,0,0,,0.4,96.0,1.13,81.3591,192.0,,14.6,,,4.9,136.0,,25.0,71.0,130.0,0,1,,1,0,0,0,0,0,1,0,0,0,0,0,0,1,1,1,1
BQeF,0,0,82.0,4.0,True,False,False,True,True,False,0,0,0,0,0,0,0,1,1,0,0,0,0,0,1,0,1,0,0,0,,,,,,,,,,,,,,,,,0,1,41.64,0,1,1,1,1,1,1,1,1,1,1,1,1,1,1,1,1
BgeF,0,0,70.0,0.0,False,False,False,False,False,False,0,1,0,0,0,0,1,1,1,1,0,1,1,1,0,0,1,0,0,0,,0.9,97.0,0.9,86.0,200.0,6.2,9.5,,5450.0,4.7,134.0,,21.0,55.0,102.0,0,1,30.49,0,0,0,0,0,0,0,0,0,0,0,0,0,1,0,1,1
BQfF,1,0,85.0,0.0,False,False,False,False,False,False,0,0,0,0,0,0,0,0,0,0,0,0,0,0,0,0,1,0,0,0,,,,,,,,,,,,,,,82.0,136.0,0,0,31.38,0,1,1,1,1,1,1,1,1,1,1,0,0,1,1,1,1
BgfF,1,0,69.0,0.0,False,False,False,True,True,False,0,1,0,0,1,0,1,1,1,1,1,0,0,1,0,0,1,1,0,0,,0.5,105.0,1.64,43.0,163.0,7.1,11.1,,750.0,4.9,139.0,,23.0,88.0,142.0,1,0,32.63,0,0,0,0,0,0,0,0,0,0,0,0,0,1,0,1,1
BwfF,0,0,,,False,False,False,False,False,True,0,1,0,0,0,0,0,1,0,0,0,0,1,0,0,0,1,0,0,0,4.3,0.3,99.0,0.82,74.0954,,,,,783.0,4.0,139.0,,21.0,65.0,125.0,0,0,22.07,0,0,0,0,0,1,1,1,0,0,0,0,0,1,0,1,0
BghF,0,0,78.0,0.0,True,False,False,False,False,False,0,0,0,0,0,0,0,1,1,0,0,0,0,0,0,0,1,0,0,0,3.4,0.4,105.0,0.69,,,6.0,13.5,10.18,,4.0,139.0,,17.0,,,0,1,21.46,0,0,0,0,1,1,0,0,0,0,0,1,1,0,1,1,0
BgiF,0,0,80.0,1.0,True,False,False,False,False,False,0,0,0,0,0,0,0,1,0,0,0,0,0,0,0,0,0,0,0,0,,,,,,,,,,,,,,,,,0,0,33.77,0,1,1,1,1,1,1,1,1,1,1,1,1,1,1,1,1
BAjF,0,0,57.0,0.0,False,False,False,False,False,False,0,0,0,0,0,0,0,1,1,0,0,1,1,0,0,0,1,0,1,0,3.7,0.3,96.0,0.81,72.623,,6.8,13.8,17.55,7207.0,2.9,132.0,,14.0,,,0,1,29.23,0,0,0,0,0,1,0,0,0,0,0,1,1,0,0,1,0
BQjF,0,0,75.0,0.0,False,False,False,False,False,False,0,1,0,0,0,0,1,1,1,1,0,1,0,1,0,0,1,0,1,0,,0.6,102.0,0.96,80.1704,136.0,7.0,11.4,,64.0,4.0,138.0,,22.0,54.0,93.0,0,0,40.14,0,0,0,0,0,0,0,0,0,0,0,0,0,1,0,1,1
BwjF,0,0,69.0,0.0,True,False,False,False,False,False,0,0,0,0,0,0,0,1,1,1,0,0,1,0,1,1,0,0,0,0,,0.4,103.0,1.2,,98.0,4.9,12.3,,7661.0,3.5,139.0,37.0,17.0,90.0,153.0,1,0,38.95,0,0,0,0,1,0,0,0,0,0,0,0,0,1,0,0,1
BgkF,0,0,71.0,0.0,False,False,False,True,False,True,0,0,0,0,0,0,0,1,1,0,0,0,1,0,1,0,1,0,1,0,,0.7,92.0,0.89,66.8745,111.0,5.3,14.1,,3539.0,4.2,137.0,,15.0,81.0,113.0,0,1,,1,0,0,0,0,0,0,0,0,0,0,0,0,1,0,1,1
BwlF,0,0,82.0,3.0,False,False,False,True,False,True,0,1,0,0,0,0,0,1,1,0,0,0,0,0,1,0,1,0,1,0,,0.4,103.0,1.01,75.3506,94.0,6.2,15.6,,,3.9,140.0,10.0,17.0,58.0,112.0,0,1,27.17,0,0,0,0,0,0,0,0,0,0,0,0,0,1,1,0,1
BgmF,0,0,78.0,0.0,False,False,False,False,False,False,0,0,0,0,0,0,0,0,0,0,0,1,1,0,1,0,1,0,1,0,,0.5,102.0,0.82,,100.0,6.3,7.5,,,3.4,140.0,957.0,26.0,41.0,112.0,0,0,24.65,0,0,0,0,1,0,0,0,0,0,0,0,0,1,1,0,1
BgnF,1,0,79.0,0.0,True,False,False,False,False,False,0,0,0,0,0,0,0,1,1,1,1,1,0,1,0,0,1,0,1,0,,,101.0,0.97,58.5791,132.0,,11.7,,1531.0,3.5,138.0,,19.0,84.0,110.0,1,0,,1,1,0,0,0,0,1,0,0,0,0,0,0,1,0,1,1
BQoF,0,0,62.0,0.0,False,False,False,False,False,False,1,1,0,0,0,0,0,1,1,1,0,0,0,0,1,1,1,0,1,0,,,108.0,0.81,117.4159,122.0,5.9,13.7,,,4.3,140.0,116.0,14.0,49.0,98.0,0,1,26.45,0,1,0,0,0,0,0,0,0,0,0,0,0,1,1,0,1
BApF,0,1,71.0,0.0,False,False,False,False,False,False,0,0,0,0,0,0,0,1,1,0,0,0,0,0,1,0,0,0,0,0,,,,,,,,,,,,,,,68.0,110.0,0,0,37.65,0,1,1,1,1,1,1,1,1,1,1,0,0,1,1,1,1
BgrF,0,0,80.0,2.0,True,False,False,False,False,False,0,1,0,0,0,0,0,1,1,0,0,0,0,0,0,0,1,0,0,0,4.4,0.6,105.0,0.8,97.9528,,6.1,14.5,8.73,,4.4,139.0,,14.0,82.0,118.0,0,0,20.5,0,0,0,0,0,1,0,0,0,0,0,0,0,0,1,1,0
BAsF,1,0,77.0,7.0,False,False,False,True,False,False,0,0,0,1,0,0,1,0,0,0,0,0,0,0,0,0,0,0,0,0,4.0,0.2,104.0,0.54,,122.0,,11.8,6.6,,3.9,138.0,16.0,14.0,61.0,104.0,1,0,34.55,0,0,0,0,1,0,1,0,0,0,0,0,0,0,1,0,0
BgtF,0,0,59.0,3.0,False,False,False,False,False,False,0,1,0,0,1,0,0,1,1,0,0,0,1,0,1,0,1,0,0,0,,,101.0,1.26,54.3924,138.0,,9.5,,,4.7,133.0,,40.0,70.0,135.0,1,0,24.82,0,1,0,0,0,0,1,0,0,0,0,0,0,1,1,1,1
BwtF,1,0,77.0,2.0,False,False,False,False,False,False,0,0,1,0,0,0,0,0,0,0,0,0,0,0,0,0,0,0,0,0,4.2,0.5,107.0,1.27,70.1111,88.0,5.6,14.2,5.3,,4.6,142.0,,23.0,60.0,130.0,1,0,47.52,0,0,0,0,0,0,0,0,0,0,0,0,0,0,1,1,0
BguF,0,0,81.0,0.0,True,False,False,False,False,False,0,1,0,0,0,1,1,1,1,1,0,1,1,1,1,0,1,0,0,0,,0.5,99.0,0.89,99.6821,222.0,7.4,11.9,,20964.0,3.8,140.0,303.0,22.0,79.0,110.0,0,1,28.93,0,0,0,0,0,0,0,0,0,0,0,0,0,1,0,0,1
BAvF,0,0,73.0,0.0,True,False,False,False,False,False,0,0,0,0,0,0,0,1,1,0,0,0,1,0,1,0,1,0,0,0,,0.3,104.0,0.96,97.1665,121.0,6.5,13.8,,188.0,4.2,142.0,8.0,11.0,71.0,134.0,0,1,23.22,0,0,0,0,0,0,0,0,0,0,0,0,0,1,0,0,1
BQvF,1,0,67.0,2.0,True,False,False,True,False,True,0,0,0,0,0,0,0,1,1,0,0,0,0,1,0,0,1,0,0,1,3.9,1.0,110.0,1.39,50.6655,,6.2,14.7,5.41,,4.4,140.0,,19.0,80.0,126.0,1,0,34.7032,0,0,0,0,0,1,0,0,0,0,0,0,0,0,1,1,0
BAwF,0,0,80.0,5.0,True,False,False,False,False,False,0,0,0,0,0,0,0,1,0,1,0,0,1,0,0,1,1,0,0,0,,,,,,,,,,,,,,,68.0,128.0,1,0,31.0,0,1,1,1,1,1,1,1,1,1,1,0,0,1,1,1,1
BgwF,1,0,65.0,1.0,False,False,False,False,False,False,0,0,0,0,0,0,0,0,0,0,0,0,0,0,0,0,0,0,0,0,,,,,,,,,,,,,,,74.0,132.0,0,1,44.62,0,1,1,1,1,1,1,1,1,1,1,0,0,1,1,1,1
BwxF,0,1,75.0,7.0,False,False,False,False,False,False,0,1,0,1,0,0,1,0,1,0,0,1,1,1,1,0,0,0,0,0,3.8,0.3,100.0,0.98,73.7811,107.0,5.9,13.6,9.1,2664.0,4.7,137.0,28.0,32.0,68.0,121.0,1,0,37.75,0,0,0,0,0,0,0,0,0,0,0,0,0,0,0,0,0
BQ0F,0,0,63.0,3.0,True,False,False,False,False,False,0,1,0,0,1,0,0,1,1,1,0,0,0,0,1,0,1,0,0,0,4.1,0.8,100.0,1.06,68.6747,104.0,6.0,13.9,7.6,,4.1,140.0,,17.0,87.0,154.0,0,0,32.63,0,0,0,0,0,0,0,0,0,0,0,0,0,0,1,1,0
Bw0F,1,0,76.0,1.0,False,False,False,False,False,False,0,0,0,0,0,0,0,1,1,0,0,0,1,0,0,0,1,0,0,0,,,,,,,,,,,,,,,,,1,0,,1,1,1,1,1,1,1,1,1,1,1,1,1,1,1,1,1
BA1F,0,1,68.0,4.0,True,False,False,False,False,False,0,0,0,0,1,0,0,1,1,1,1,0,1,0,1,1,1,0,0,0,,,102.0,1.53,32.9117,103.0,,11.3,,2346.0,3.9,141.0,,41.0,65.0,116.0,0,1,28.03,0,1,0,0,0,0,1,0,0,0,0,0,0,1,0,1,1
Bw1F,1,0,71.0,2.0,True,False,False,False,False,False,0,1,0,0,0,0,1,1,1,0,0,1,1,0,0,0,1,0,0,0,,0.4,106.0,1.2,44.4132,123.0,5.5,10.4,,53.0,4.2,142.0,8.0,26.0,66.0,107.0,1,0,,1,0,0,0,0,0,0,0,0,0,0,0,0,1,0,0,1
BA3F,1,0,40.0,5.0,True,False,False,False,False,False,0,1,0,1,0,0,1,1,1,0,0,1,0,0,0,0,1,0,0,0,,0.5,108.0,1.08,69.0559,71.0,5.5,11.0,,,3.8,141.0,,11.0,78.0,120.0,1,0,26.25,0,0,0,0,0,0,0,0,0,0,0,0,0,1,1,1,1
BQ3F,0,0,46.0,1.0,True,False,True,False,False,False,0,1,0,0,0,1,1,1,1,1,0,1,0,1,0,1,1,0,0,0,,1.1,102.0,1.31,54.4136,211.0,8.1,13.3,,,4.5,140.0,,21.0,76.0,143.0,0,1,34.8353,0,0,0,0,0,0,0,0,0,0,0,0,0,1,1,1,1
BQ4F,1,0,72.0,2.0,False,False,False,False,False,False,0,1,0,0,1,0,0,1,1,1,0,0,1,0,0,0,1,0,0,0,,0.7,107.0,1.25,56.3075,139.0,5.6,14.4,,177.0,4.0,144.0,19.0,17.0,83.0,114.0,1,0,27.36,0,0,0,0,0,0,0,0,0,0,0,0,0,1,0,0,1
BA5F,0,0,76.0,0.0,False,False,False,True,False,False,0,1,0,0,0,0,1,1,1,1,0,1,0,1,1,1,1,0,1,0,,1.3,105.0,1.56,44.0,180.0,7.3,8.5,,8537.0,3.8,139.0,,37.0,63.0,135.0,0,1,25.39,0,0,0,0,0,0,0,0,0,0,0,0,0,1,0,1,1
BQ5F,0,1,77.0,2.0,True,False,False,False,False,False,0,1,0,1,0,0,0,1,1,0,0,0,0,0,1,0,1,0,0,0,4.4,0.5,102.0,1.33,39.7946,101.0,,13.9,10.7,,4.5,139.0,,23.0,73.0,122.0,0,1,31.17,0,0,0,0,0,0,1,0,0,0,0,0,0,0,1,1,0
Bg5F,0,1,84.0,0.0,True,False,False,False,False,True,0,1,0,0,0,0,0,1,1,1,0,0,0,0,1,0,1,0,1,0,,0.4,105.0,1.43,48.0812,110.0,,12.0,,12513.0,4.4,139.0,340.0,44.0,52.0,98.0,0,1,26.19,0,0,0,0,0,0,1,0,0,0,0,0,0,1,0,0,1
Bw5F,0,0,81.0,6.0,False,False,False,False,False,False,0,0,0,0,0,0,0,0,0,1,0,0,1,0,0,1,1,0,0,0,,,,,,,,,,,,,,,66.0,120.0,0,0,25.03,0,1,1,1,1,1,1,1,1,1,1,0,0,1,1,1,1
BQ6F,0,0,,,True,False,False,False,False,False,0,0,0,0,0,1,0,0,1,1,0,1,0,0,0,0,1,0,0,0,,,101.0,0.61,102.2105,259.0,7.9,14.0,,16.0,4.1,138.0,,12.0,66.0,114.0,1,0,33.01,0,1,0,0,0,0,0,0,0,0,0,0,0,1,0,1,1
BA8F,1,0,57.0,3.0,True,False,False,False,False,False,0,0,0,0,0,0,0,0,0,0,0,0,0,0,0,0,0,0,0,0,4.7,0.6,99.0,0.8,113.5054,86.0,,16.5,11.1,,4.2,140.0,,13.0,,,0,0,47.89,0,0,0,0,0,0,1,0,0,0,0,1,1,0,1,1,0
Bg9F,0,0,87.0,4.0,True,False,False,False,False,False,0,1,0,0,0,0,1,1,0,0,1,0,1,1,0,0,1,1,1,0,,0.3,102.0,1.03,52.381,195.0,7.8,13.0,,194.0,4.6,139.0,,26.0,92.0,170.0,1,0,36.16,0,0,0,0,0,0,0,0,0,0,0,0,0,1,0,1,1
BA_F,0,0,79.0,1.0,True,False,True,False,False,False,0,1,0,1,0,0,0,1,1,1,0,1,0,0,0,0,1,0,0,0,,1.0,90.0,0.98,73.2249,90.0,6.0,15.9,,594.0,4.3,132.0,22.0,23.0,74.0,130.0,0,0,25.23,0,0,0,0,0,0,0,0,0,0,0,0,0,1,0,0,1
BQ#F,1,0,74.0,1.0,True,False,False,False,False,False,0,0,0,0,0,0,1,0,0,0,0,0,0,1,0,0,1,0,0,0,4.4,0.6,,,,,5.3,,,,,,,,70.0,114.0,0,0,38.21,0,0,1,1,1,1,0,1,1,1,1,0,0,1,1,1,0
Bg#F,0,0,67.0,0.0,True,False,False,False,False,True,0,0,0,0,0,0,0,1,1,0,0,1,1,0,1,0,1,0,0,0,3.7,1.0,106.0,0.87,64.7496,,6.5,13.1,8.91,5049.0,3.9,144.0,,19.0,,,0,1,37.18,0,0,0,0,0,1,0,0,0,0,0,1,1,0,0,1,0
BQAG,0,1,78.0,1.0,True,False,False,False,False,True,1,0,0,0,0,0,1,0,1,0,0,0,1,1,0,0,1,0,0,0,,,,,,,,,,,,,,,70.0,130.0,0,1,22.64,0,1,1,1,1,1,1,1,1,1,1,0,0,1,1,1,1
BABG,1,0,87.0,5.0,False,False,False,False,False,False,0,1,0,0,0,0,0,0,1,1,0,0,1,0,0,0,0,0,0,0,4.2,0.3,104.0,1.05,51.2313,88.0,5.2,12.7,7.3,484.0,4.8,141.0,,26.0,80.0,128.0,0,0,38.62,0,0,0,0,0,0,0,0,0,0,0,0,0,0,0,1,0
BQCG,0,0,77.0,1.0,True,False,False,False,False,False,0,0,0,0,0,0,0,0,0,0,0,0,0,0,0,0,0,0,0,0,3.4,0.5,105.0,1.14,,,8.2,11.2,6.77,,4.1,141.0,,22.0,,,0,1,,1,0,0,0,1,1,0,0,0,0,0,1,1,0,1,1,0
BQEG,0,0,76.0,1.0,False,False,False,False,False,False,0,1,0,0,0,0,1,1,1,0,0,1,1,1,1,0,1,1,0,0,,,101.0,0.97,77.6751,206.0,,15.5,,,4.8,141.0,,15.0,70.0,138.0,0,1,36.58,0,1,0,0,0,0,1,0,0,0,0,0,0,1,1,1,1
BwEG,1,0,69.0,5.0,False,False,False,True,True,False,0,0,0,0,0,0,0,0,0,0,0,0,0,0,0,0,0,0,0,0,,,,,,,,,,,,,,,,,0,0,,1,1,1,1,1,1,1,1,1,1,1,1,1,1,1,1,1
BAFG,0,0,54.0,3.0,True,False,False,False,False,False,0,1,1,0,1,1,1,0,1,1,0,1,0,0,1,1,0,0,1,0,,1.0,104.0,1.46,47.1977,155.0,5.8,9.8,,798.0,3.9,135.0,,15.0,70.0,106.0,1,0,37.04,0,0,0,0,0,0,0,0,0,0,0,0,0,1,0,1,1
BgFG,0,0,61.0,3.0,True,False,False,False,False,False,0,1,1,1,0,0,1,0,1,0,0,0,0,1,0,0,1,0,0,0,,,101.0,0.86,88.9732,154.0,,7.2,3.9,164.0,5.0,136.0,,17.0,70.0,115.0,1,0,33.19,0,1,0,0,0,0,1,0,0,0,0,0,0,0,0,1,1
BAGG,0,0,75.0,4.0,False,False,False,False,False,False,0,0,0,0,0,0,1,1,1,1,0,0,0,1,0,0,1,0,0,0,,,,,,,,,,,,,,,56.0,112.0,0,0,,1,1,1,1,1,1,1,1,1,1,1,0,0,1,1,1,1
BgGG,0,0,60.0,0.0,False,False,False,False,False,False,0,0,0,0,0,0,1,1,1,1,0,1,1,0,1,0,1,0,0,0,,1.0,107.0,0.94,100.6164,129.0,9.9,12.2,,3364.0,3.6,145.0,28.0,19.0,81.0,124.0,0,1,34.801,0,0,0,0,0,0,0,0,0,0,0,0,0,1,0,0,1
BgHG,0,1,85.0,1.0,False,False,False,False,False,False,0,1,0,1,0,0,0,1,1,0,0,0,1,0,1,0,0,0,0,0,,1.2,99.0,0.69,80.4799,91.0,4.8,13.4,,3051.0,4.6,137.0,,7.0,78.0,158.0,1,0,19.47,0,0,0,0,0,0,0,0,0,0,0,0,0,1,0,1,1
BwIG,0,0,86.0,0.0,False,False,False,False,False,False,0,1,0,0,0,0,0,1,1,1,1,1,0,1,0,0,1,0,1,0,,0.3,101.0,0.93,79.8675,160.0,7.7,13.1,,233.0,4.2,136.0,93.0,22.0,58.0,103.0,0,1,26.02,0,0,0,0,0,0,0,0,0,0,0,0,0,1,0,0,1
BAJG,1,0,61.0,3.0,False,False,False,False,False,False,0,0,0,0,0,0,0,0,1,1,0,0,0,1,0,0,1,0,0,0,,0.4,104.0,1.2,79.7158,86.0,5.2,,,,3.7,141.0,,9.0,106.0,165.0,0,1,41.0975,0,0,0,0,0,0,0,1,0,0,0,0,0,1,1,1,1
BQJG,0,0,,,True,False,False,False,False,False,0,0,0,0,0,0,0,1,1,0,1,0,0,1,0,0,1,0,0,1,,,,,,,,,,,,,,,82.0,140.0,0,0,27.81,0,1,1,1,1,1,1,1,1,1,1,0,0,1,1,1,1
BQKG,1,0,64.0,0.0,False,False,False,False,False,False,0,0,0,0,0,0,0,1,1,0,0,0,1,0,0,0,1,0,0,0,,0.4,105.0,0.84,72.0633,82.0,5.1,12.3,,788.0,4.1,138.0,,13.0,70.0,122.0,1,0,44.91,0,0,0,0,0,0,0,0,0,0,0,0,0,1,0,1,1
BwKG,0,0,63.0,2.0,True,False,True,False,False,False,0,0,0,0,0,0,0,1,1,0,0,0,1,0,0,0,1,0,0,0,,,,,,,,,,,,,,,50.0,96.0,0,1,26.94,0,1,1,1,1,1,1,1,1,1,1,0,0,1,1,1,1
BgLG,0,0,70.0,1.0,False,False,False,False,False,False,0,0,0,0,0,0,1,1,1,1,0,0,0,1,0,1,0,0,0,0,,0.5,101.0,0.7,124.2796,138.0,,14.2,,157.0,3.8,140.0,,15.0,75.0,160.0,0,0,,1,0,0,0,0,0,1,0,0,0,0,0,0,1,0,1,1
BAMG,1,0,63.0,2.0,True,False,True,False,False,False,0,1,0,0,0,0,1,0,1,1,1,1,1,0,0,0,1,0,0,0,,,100.0,1.22,58.8969,158.0,8.8,13.3,5.6,186.0,5.0,137.0,,23.0,77.0,144.0,1,0,26.61,0,1,0,0,0,0,0,0,0,0,0,0,0,0,0,1,1
BgMG,0,1,71.0,0.0,False,False,False,False,False,False,0,0,0,1,0,0,0,0,0,0,0,0,1,0,0,0,0,0,0,0,,0.5,100.0,0.94,78.4503,147.0,6.3,11.7,,4954.0,4.3,136.0,33.0,29.0,64.0,100.0,1,0,25.19,0,0,0,0,0,0,0,0,0,0,0,0,0,1,0,0,1
BQNG,0,0,78.0,2.0,False,False,False,False,False,False,0,0,0,0,0,0,0,1,1,0,0,0,0,0,1,0,1,0,0,0,,,,,,,,,,,,,,,68.0,112.0,0,0,22.24,0,1,1,1,1,1,1,1,1,1,1,0,0,1,1,1,1
BwOG,1,0,77.0,3.0,False,False,False,False,False,False,0,0,0,1,0,0,1,0,0,0,0,0,0,0,0,0,0,0,0,0,3.5,0.2,0.099,0.74,79.0122,173.0,7.2,12.4,18.9,,0.0048,0.139,,,78.0,152.0,0,1,40.74,0,0,0,0,0,0,0,0,0,0,1,0,0,0,1,1,0
BAPG,0,1,63.0,0.0,False,False,False,False,False,False,0,0,0,0,0,0,0,1,1,0,1,0,0,0,0,0,1,0,0,0,,,,,,,,,,,,,,,60.0,112.0,0,1,,1,1,1,1,1,1,1,1,1,1,1,0,0,1,1,1,1
BQRG,0,0,66.0,0.0,True,False,True,False,False,False,0,0,0,0,0,0,0,1,1,0,1,0,0,0,1,0,1,0,0,0,,,,,,,,,,,,,,,84.0,120.0,1,0,48.46,0,1,1,1,1,1,1,1,1,1,1,0,0,1,1,1,1
BQSG,0,0,64.0,0.0,False,False,False,False,False,False,0,1,0,0,1,0,0,1,1,0,0,0,1,0,1,1,1,0,0,0,4.6,1.3,100.0,1.75,37.3202,78.0,,13.3,5.7,4552.0,4.5,143.0,,30.0,74.0,128.0,0,1,22.03,0,0,0,0,0,0,1,0,0,0,0,0,0,0,0,1,0
BgSG,0,0,59.0,0.0,True,False,False,False,False,False,0,0,0,0,0,0,1,0,1,1,0,0,0,1,0,1,1,0,1,0,4.1,0.7,,,,,8.6,,,,,,,,62.0,106.0,1,0,23.84,0,0,1,1,1,1,0,1,1,1,1,0,0,1,1,1,0
BQTG,1,0,83.0,0.0,False,False,False,False,False,False,0,0,0,0,0,0,0,0,0,0,0,0,1,0,0,0,0,0,1,0,,0.4,98.0,0.69,86.7851,106.0,,13.0,,,3.9,140.0,,13.0,111.0,183.0,1,0,,1,0,0,0,0,0,1,0,0,0,0,0,0,1,1,1,1
BwUG,1,1,72.0,5.0,False,False,False,False,False,False,0,0,0,1,0,0,1,1,1,0,0,0,0,0,0,0,0,0,1,0,4.4,0.5,99.0,0.73,80.0103,154.0,8.1,,,,4.2,140.0,,18.0,60.0,130.0,1,0,43.57,0,0,0,0,0,0,0,1,0,0,0,0,0,1,1,1,0
BAVG,0,0,70.0,2.0,True,False,False,False,False,False,0,1,0,0,0,0,0,0,0,0,1,0,0,1,0,0,0,0,0,0,,,,,,,,,,,,,,,84.0,126.0,0,0,39.93,0,1,1,1,1,1,1,1,1,1,1,0,0,1,1,1,1
BQVG,0,0,56.0,5.0,True,False,False,False,False,False,0,0,0,0,0,0,0,1,1,0,0,0,0,0,0,0,1,0,0,0,,,,,,,,,,,,,,,,,1,0,,1,1,1,1,1,1,1,1,1,1,1,1,1,1,1,1,1
BwVG,0,0,60.0,6.0,True,False,False,False,False,False,0,1,0,0,0,0,1,1,1,0,0,0,0,0,1,1,1,0,0,0,,,,,,,,,,,,,,,80.0,178.0,0,1,29.27,0,1,1,1,1,1,1,1,1,1,1,0,0,1,1,1,1
BQWG,0,0,75.0,2.0,True,False,False,False,False,False,0,0,0,0,0,0,0,1,1,0,0,1,1,0,1,0,1,0,0,0,,0.2,96.0,0.57,141.6674,372.0,10.9,11.6,,253.0,4.4,135.0,,8.0,76.0,118.0,0,1,,1,0,0,0,0,0,0,0,0,0,0,0,0,1,0,1,1
BwWG,0,0,62.0,0.0,False,True,False,False,False,False,0,1,1,1,0,0,0,1,1,1,0,0,1,0,1,0,1,0,1,0,3.9,1.3,101.0,1.09,47.8215,125.0,6.0,15.0,,2914.0,5.0,146.0,,24.0,0.0,125.0,0,1,24.71,0,0,0,0,0,0,0,0,0,0,0,0,0,1,0,1,0
BAYG,1,0,85.0,6.0,False,False,False,False,False,False,0,1,0,0,1,0,1,1,1,0,0,0,0,1,0,1,1,0,0,0,4.6,0.8,105.0,1.45,,91.0,7.9,13.6,7.1,,4.1,141.0,,22.0,87.0,129.0,0,0,34.46,0,0,0,0,1,0,0,0,0,0,0,0,0,0,1,1,0
BAZG,0,0,45.0,0.0,False,True,False,False,False,False,0,0,0,0,0,0,0,1,0,0,0,0,1,0,0,1,1,0,1,0,,0.6,94.0,1.06,66.5589,110.0,,11.8,,1695.0,3.6,131.0,,22.0,80.0,154.0,1,0,22.56,0,0,0,0,0,0,1,0,0,0,0,0,0,1,0,1,1
BwZG,1,0,74.0,6.0,False,False,False,False,False,False,0,1,0,1,0,0,1,1,1,1,0,1,0,1,0,1,1,0,1,0,,0.6,102.0,1.04,87.7059,97.0,6.9,14.1,,12.0,4.1,139.0,,10.0,68.0,105.0,1,0,40.35,0,0,0,0,0,0,0,0,0,0,0,0,0,1,0,1,1
BwaG,1,1,83.0,3.0,False,False,False,False,False,False,0,0,0,0,0,0,1,1,1,0,0,0,0,0,0,1,0,0,1,0,3.7,0.5,101.0,1.12,47.2976,129.0,6.3,,,,3.9,139.0,,22.0,89.0,152.0,1,0,39.72,0,0,0,0,0,0,0,1,0,0,0,0,0,1,1,1,0
BwcG,0,0,54.0,0.0,False,False,True,False,False,False,0,1,0,0,0,0,1,1,1,1,1,0,1,1,0,0,1,0,0,0,,0.6,101.0,1.02,71.1993,136.0,,10.7,,301.0,4.1,140.0,26.0,27.0,54.0,102.0,1,0,32.47,0,0,0,0,0,0,1,0,0,0,0,0,0,1,0,0,1
BgdG,0,0,44.0,3.0,False,False,False,False,False,False,0,1,0,0,0,0,1,0,1,0,0,0,0,0,0,0,1,0,0,0,,,102.0,0.99,75.6324,115.0,,15.7,,,5.1,139.0,,28.0,71.0,107.0,1,0,26.67,0,1,0,0,0,0,1,0,0,0,0,0,0,1,1,1,1
BgeG,1,0,57.0,4.0,False,False,False,True,False,False,0,1,0,0,0,0,0,0,0,0,0,0,0,0,0,0,0,0,0,0,4.1,0.8,99.0,1.64,41.0,140.0,,13.4,,,3.8,138.0,,26.0,70.0,136.0,1,0,28.13,0,0,0,0,0,0,1,0,0,0,0,0,0,1,1,1,0
BwfG,1,0,87.0,4.0,True,False,False,False,False,False,0,1,0,0,0,0,0,1,1,1,0,0,1,0,0,1,1,0,0,0,,,,,,,,,,,,,,,65.0,148.0,1,0,36.03,0,1,1,1,1,1,1,1,1,1,1,0,0,1,1,1,1
BQgG,0,0,64.0,0.0,False,False,False,False,False,False,1,1,0,0,0,0,0,1,1,1,0,1,1,0,1,1,1,0,0,0,,0.5,98.0,1.2,,127.0,6.9,11.1,,860.0,3.8,129.0,,23.0,56.0,98.0,0,1,28.34,0,0,0,0,1,0,0,0,0,0,0,0,0,1,0,1,1
BggG,0,1,,,True,False,False,False,False,False,0,0,0,0,0,0,0,0,0,0,0,0,1,0,0,0,0,0,0,0,,0.5,106.0,0.82,94.8923,149.0,5.9,10.8,,1811.0,4.7,137.0,17.0,33.0,62.0,108.0,0,1,24.61,0,0,0,0,0,0,0,0,0,0,0,0,0,1,0,0,1
BAhG,0,0,50.0,0.0,False,False,False,False,False,False,0,0,0,0,0,0,0,1,1,1,0,0,1,0,0,0,0,0,1,0,,0.4,95.0,0.63,106.0,232.0,5.7,13.1,,4889.0,3.9,135.0,,19.0,63.0,143.0,0,1,41.01,0,0,0,0,0,0,0,0,0,0,0,0,0,1,0,1,1
BQiG,0,0,82.0,2.0,True,False,False,False,False,False,0,1,0,0,0,0,0,1,1,1,0,0,1,0,0,0,0,0,0,0,3.3,0.3,99.0,1.23,42.1185,110.0,5.2,10.8,9.37,55505.0,4.2,134.0,,36.0,55.0,103.0,0,0,21.7,0,0,0,0,0,0,0,0,0,0,0,0,0,0,0,1,0
BgkG,0,1,68.0,0.0,True,False,False,False,False,True,0,1,0,0,0,0,0,0,1,1,0,0,1,0,1,0,1,0,0,0,3.8,0.9,99.0,1.55,43.0,147.0,5.5,13.3,2.52,74010.0,4.2,134.0,,41.0,59.0,92.0,0,1,22.49,0,0,0,0,0,0,0,0,0,0,0,0,0,0,0,1,0
BwkG,0,0,84.0,3.0,False,False,False,True,False,True,0,1,0,0,0,0,0,0,1,0,0,1,1,1,0,0,1,0,0,0,,1.2,101.0,0.94,,190.0,6.9,13.4,,655.0,3.9,134.0,19.0,19.0,56.0,98.0,0,1,28.37,0,0,0,0,1,0,0,0,0,0,0,0,0,1,0,0,1
BglG,0,0,84.0,0.0,True,False,False,False,False,False,0,1,0,1,0,0,1,0,0,1,0,0,0,0,0,0,1,0,0,0,3.6,,106.0,0.76,103.5889,134.0,6.6,11.7,6.2,,4.7,143.0,,19.0,80.0,139.0,0,0,25.85,0,1,0,0,0,0,0,0,0,0,0,0,0,0,1,1,0
BQmG,0,0,62.0,3.0,False,False,False,False,False,False,0,1,0,0,0,0,0,1,1,0,0,0,1,0,1,0,1,0,0,0,4.0,0.7,105.0,0.79,89.3773,90.0,,13.2,,1458.0,4.2,142.0,13.0,16.0,70.0,112.0,0,1,33.826,0,0,0,0,0,0,1,0,0,0,0,0,0,1,0,0,0
BgmG,0,0,52.0,0.0,False,False,False,False,False,False,0,0,0,0,0,0,0,1,1,1,0,1,0,1,1,0,1,0,0,0,,0.3,103.0,1.16,61.3785,103.0,7.1,12.7,10.39,3853.0,4.7,135.0,23.0,24.0,89.0,130.0,0,1,22.13,0,0,0,0,0,0,0,0,0,0,0,0,0,0,0,0,1
BAnG,0,0,88.0,1.0,False,False,False,False,False,False,0,0,0,0,0,0,0,1,1,0,0,0,0,0,1,0,1,0,0,0,,,,,,,,,,,,,,,79.0,171.0,1,0,30.51,0,1,1,1,1,1,1,1,1,1,1,0,0,1,1,1,1
BQnG,0,1,89.0,0.0,True,False,False,False,False,False,0,0,0,0,0,0,0,1,0,1,0,0,1,0,1,0,1,0,1,0,3.7,0.3,100.0,0.74,,270.0,5.7,13.5,11.1,258.0,4.5,141.0,20.0,16.0,92.0,153.0,1,0,,1,0,0,0,1,0,0,0,0,0,0,0,0,0,0,0,0
BgoG,0,1,43.0,6.0,False,False,True,False,False,False,0,0,0,0,0,0,1,1,1,1,0,1,1,1,1,1,1,0,0,0,,0.6,100.0,1.32,57.1819,122.0,5.8,17.8,,30713.0,3.4,140.0,46.0,23.0,84.0,123.0,1,0,,1,0,0,0,0,0,0,0,0,0,0,0,0,1,0,0,1
BQpG,0,0,54.0,1.0,False,False,False,False,False,False,0,0,0,0,0,0,1,1,1,1,0,1,0,1,0,1,0,1,0,0,,,,,,,,,,,,,,,72.0,128.0,1,0,23.73,0,1,1,1,1,1,1,1,1,1,1,0,0,1,1,1,1
BgpG,0,0,75.0,0.0,False,False,False,False,False,False,0,0,0,0,0,0,0,0,1,0,0,0,0,0,0,0,0,0,0,0,,,,,,,,,,,,,,,78.0,134.0,0,1,31.62,0,1,1,1,1,1,1,1,1,1,1,0,0,1,1,1,1
BwpG,0,1,74.0,1.0,True,False,False,False,False,False,0,1,0,0,0,0,0,1,1,0,0,0,1,0,1,0,1,0,1,0,4.3,1.3,97.0,1.27,63.5745,95.0,,11.5,9.16,10560.0,3.8,136.0,62.0,38.0,62.0,112.0,0,1,27.7193,0,0,0,0,0,0,1,0,0,0,0,0,0,0,0,0,0
BAqG,1,0,70.0,2.0,False,False,False,False,False,False,0,1,0,1,0,0,0,1,1,0,0,0,0,0,0,0,1,0,0,0,3.8,0.4,105.0,0.85,65.026,,,15.2,4.5,,3.9,143.0,,15.0,83.0,153.0,1,0,36.8,0,0,0,0,0,1,1,0,0,0,0,0,0,0,1,1,0
BQqG,0,0,66.0,0.0,False,False,True,False,False,False,0,1,0,0,0,0,0,1,1,1,0,1,0,0,1,0,0,0,1,0,,0.9,104.0,0.65,90.6443,99.0,5.4,11.0,,160.0,3.6,139.0,11.0,18.0,51.0,87.0,0,1,16.86,0,0,0,0,0,0,0,0,0,0,0,0,0,1,0,0,1
BAsG,0,0,84.0,4.0,True,False,False,False,False,False,0,1,0,1,0,0,1,1,1,0,1,1,1,1,1,0,1,1,0,0,,1.3,97.0,0.96,83.2506,214.0,10.5,17.8,,1278.0,3.9,132.0,,29.0,58.0,81.0,0,1,45.86,0,0,0,0,0,0,0,0,0,0,0,0,0,1,0,1,1
BgsG,0,0,77.0,0.0,False,False,False,False,False,False,0,1,0,0,0,1,1,1,0,1,0,0,0,0,0,0,1,0,1,0,,0.4,106.0,1.07,72.0,113.0,5.5,12.6,,208.0,4.8,140.0,,13.0,59.0,106.0,0,1,,1,0,0,0,0,0,0,0,0,0,0,0,0,1,0,1,1
BAuG,1,0,81.0,2.0,True,False,False,False,False,False,0,0,0,1,0,0,0,1,1,1,0,0,0,1,0,0,1,0,0,0,,,,,,,,,,,,,,,72.0,124.0,1,0,29.43,0,1,1,1,1,1,1,1,1,1,1,0,0,1,1,1,1
BwvG,0,0,66.0,0.0,False,False,False,True,True,False,0,1,0,0,0,0,1,1,1,1,0,1,0,1,0,0,1,0,0,0,,,,,,,,,,,,,,,76.0,146.0,1,0,41.63,0,1,1,1,1,1,1,1,1,1,1,0,0,1,1,1,1
BAxG,0,0,56.0,0.0,False,False,False,False,False,True,0,1,0,0,0,0,0,1,1,1,1,0,0,0,0,0,1,0,1,0,3.9,0.8,104.0,0.77,103.0536,80.0,5.4,14.5,5.3,,4.6,140.0,,11.0,61.0,88.0,0,1,30.27,0,0,0,0,0,0,0,0,0,0,0,0,0,0,1,1,0
BgyG,0,0,61.0,0.0,True,False,False,False,False,False,0,0,0,0,1,0,1,1,1,1,0,0,1,0,0,1,1,0,0,0,4.3,0.3,103.0,1.92,,90.0,6.2,13.3,9.0,,3.8,141.0,,25.0,84.0,142.0,0,0,48.55,0,0,0,0,1,0,0,0,0,0,0,0,0,0,1,1,0
BwyG,0,0,77.0,0.0,False,False,False,False,False,False,0,1,0,1,0,0,1,1,1,0,0,0,1,0,1,1,1,0,1,0,,0.7,102.0,0.61,99.7124,111.0,5.5,13.0,,15753.0,3.7,138.0,1466.0,9.0,57.0,99.0,0,1,23.94,0,0,0,0,0,0,0,0,0,0,0,0,0,1,0,0,1
BQzG,0,0,58.0,0.0,False,False,False,True,True,False,0,0,0,0,0,0,1,0,0,0,0,0,0,1,0,0,1,1,0,0,,,,,,,,,,,,,,,66.0,174.0,1,0,32.77,0,1,1,1,1,1,1,1,1,1,1,0,0,1,1,1,1
BA0G,1,0,80.0,4.0,False,False,False,False,False,False,0,0,0,0,0,0,0,0,1,0,0,0,0,0,0,0,1,0,0,0,,,,,,,,,,,,,,,80.0,163.0,0,0,31.01,0,1,1,1,1,1,1,1,1,1,1,0,0,1,1,1,1
Bg1G,1,0,46.0,7.0,True,False,True,False,False,False,0,1,0,0,0,1,0,1,0,1,0,0,1,0,0,1,1,0,0,0,4.3,0.8,103.0,0.88,85.6151,89.0,,15.4,5.1,,4.4,140.0,,15.0,71.0,130.0,0,1,38.42,0,0,0,0,0,0,1,0,0,0,0,0,0,0,1,1,0
Bg2G,0,0,30.0,0.0,True,False,False,False,False,False,0,0,0,0,1,0,0,1,1,0,0,0,0,0,0,0,1,0,0,0,,0.4,104.0,1.38,62.0,90.0,5.0,16.7,,22.0,4.4,144.0,,19.0,78.0,145.0,0,1,27.47,0,0,0,0,0,0,0,0,0,0,0,0,0,1,0,1,1
Bw3G,0,0,53.0,0.0,False,True,False,False,False,False,0,1,0,0,0,0,0,1,1,1,0,0,0,0,1,0,1,0,0,0,,0.2,106.0,0.88,94.0771,121.0,5.9,15.5,,,4.0,141.0,,13.0,77.0,154.0,0,0,32.6348,0,0,0,0,0,0,0,0,0,0,0,0,0,1,1,1,1
BQ5G,0,1,77.0,1.0,False,False,False,False,False,False,0,1,0,0,0,0,0,1,1,1,0,0,1,0,0,0,1,0,1,0,,0.8,107.0,0.7,111.4911,88.0,5.3,14.8,,1681.0,4.3,141.0,25.0,16.0,59.0,92.0,0,0,34.72,0,0,0,0,0,0,0,0,0,0,0,0,0,1,0,0,1
Bg5G,0,1,67.0,0.0,False,False,False,False,False,False,0,0,0,0,0,0,0,0,0,0,0,0,1,0,0,0,1,0,1,0,4.8,0.3,108.0,0.44,149.0121,99.0,5.4,8.9,8.2,14276.0,3.8,141.0,5457.0,7.0,62.0,89.0,0,0,16.19,0,0,0,0,0,0,0,0,0,0,0,0,0,0,0,0,0
Bg7G,0,0,78.0,0.0,True,False,True,False,False,False,0,0,0,1,0,0,0,0,1,1,0,0,0,0,0,0,1,0,0,0,,0.7,93.0,0.75,104.8486,129.0,5.8,13.5,,9608.0,4.4,134.0,,19.0,64.0,98.0,0,1,18.03,0,0,0,0,0,0,0,0,0,0,0,0,0,1,0,1,1
BA8G,0,0,75.0,4.0,True,False,False,False,False,False,0,1,0,0,0,0,0,1,0,0,0,0,0,0,0,0,0,0,0,0,,,,,,,,,,,,,,,85.0,115.0,0,1,30.64,0,1,1,1,1,1,1,1,1,1,1,0,0,1,1,1,1
BQ9G,0,1,72.0,5.0,True,False,False,False,False,False,0,1,0,1,1,0,1,0,1,0,0,1,1,0,0,0,0,0,0,0,,0.4,104.0,1.2,57.6812,53.0,6.1,10.0,,,4.1,133.0,45.0,26.0,67.0,154.0,1,0,20.96,0,0,0,0,0,0,0,0,0,0,0,0,0,1,1,0,1
Bg9G,0,0,62.0,0.0,False,False,False,False,False,False,0,0,0,0,0,0,0,0,0,0,0,0,0,0,0,0,0,0,0,0,4.0,0.4,105.0,0.64,88.1938,109.0,,14.3,6.3,71.0,4.5,143.0,,13.0,80.0,120.0,0,0,26.54,0,0,0,0,0,0,1,0,0,0,0,0,0,0,0,1,0
Bg_G,0,0,73.0,4.0,True,False,False,False,False,False,0,0,0,1,0,0,1,1,0,0,0,1,0,1,0,0,1,1,0,0,3.9,0.3,102.0,0.65,92.0606,264.0,10.4,13.8,4.4,,5.0,137.0,,19.0,70.0,118.0,1,0,31.4,0,0,0,0,0,0,0,0,0,0,0,0,0,0,1,1,0
Bw_G,0,0,60.0,8.0,False,False,False,False,False,False,0,0,0,0,0,0,0,1,1,0,0,0,1,0,1,0,0,0,0,0,,1.1,95.0,0.6,104.5749,115.0,,12.0,,991.0,3.6,137.0,15.0,21.0,74.0,106.0,0,1,18.31,0,0,0,0,0,0,1,0,0,0,0,0,0,1,0,0,1
BA#G,0,0,54.0,0.0,False,False,False,False,False,False,0,0,0,0,0,0,0,1,1,0,0,0,1,0,1,0,1,0,0,0,,0.9,100.0,1.03,72.9387,190.0,6.3,11.3,,2014.0,3.9,135.0,18.0,27.0,69.0,103.0,0,1,41.18,0,0,0,0,0,0,0,0,0,0,0,0,0,1,0,0,1
BAAH,0,1,73.0,6.0,False,True,False,False,False,False,0,0,0,1,0,0,0,1,1,0,0,0,1,0,1,0,0,0,0,0,,,,,,,,,,,,,,,62.0,110.0,0,1,23.66,0,1,1,1,1,1,1,1,1,1,1,0,0,1,1,1,1
BQCH,1,0,,,True,False,False,False,True,False,0,0,0,0,0,0,1,0,0,0,1,1,1,1,0,0,0,0,0,0,,,99.0,1.18,44.7751,268.0,,11.6,,241.0,4.9,139.0,,36.0,87.0,156.0,0,0,,1,1,0,0,0,0,1,0,0,0,0,0,0,1,0,1,1
BwCH,0,1,78.0,0.0,True,False,False,False,False,False,0,1,0,0,0,0,0,1,1,1,0,0,0,0,1,0,1,0,1,0,,0.3,103.0,1.07,75.0772,106.0,5.6,13.0,,1266.0,4.6,137.0,,15.0,51.0,94.0,0,1,26.42,0,0,0,0,0,0,0,0,0,0,0,0,0,1,0,1,1
BADH,0,0,62.0,0.0,True,False,False,False,False,False,0,1,0,0,0,0,1,1,1,1,1,1,1,0,0,0,1,0,0,0,,0.7,104.0,0.85,66.1207,139.0,8.6,12.0,,149.0,3.9,142.0,8.0,24.0,66.0,130.0,0,1,37.75,0,0,0,0,0,0,0,0,0,0,0,0,0,1,0,0,1
BQDH,0,0,64.0,0.0,True,False,True,False,False,False,0,1,0,0,0,0,0,1,1,1,0,1,1,0,0,0,1,0,0,0,4.4,0.2,100.0,0.85,87.6362,125.0,6.2,12.6,9.6,3310.0,4.4,138.0,60.0,32.0,64.0,112.0,0,1,35.05,0,0,0,0,0,0,0,0,0,0,0,0,0,0,0,0,0
BgDH,0,0,82.0,4.0,False,False,False,False,False,False,0,0,0,0,0,0,0,1,0,0,0,0,0,1,0,0,1,0,0,0,,,,,,,,,,,,,,,69.0,114.0,1,0,29.41,0,1,1,1,1,1,1,1,1,1,1,0,0,1,1,1,1
BAFH,0,0,64.0,0.0,False,False,False,False,False,False,0,1,0,0,0,0,0,0,0,0,0,0,1,0,0,0,1,0,0,0,,,,,,,,,,,,,,,60.0,105.0,0,1,26.78,0,1,1,1,1,1,1,1,1,1,1,0,0,1,1,1,1
BQFH,0,0,62.0,0.0,False,False,False,False,False,False,0,0,0,1,0,0,1,1,0,1,0,1,1,1,1,0,0,0,1,0,,0.5,97.0,0.99,101.4751,105.0,6.0,9.6,,522.0,5.0,143.0,21.0,17.0,70.0,106.0,0,1,46.78,0,0,0,0,0,0,0,0,0,0,0,0,0,1,0,0,1
BgFH,1,0,,,True,False,False,True,False,False,0,1,0,0,0,0,0,0,0,0,0,0,0,0,0,0,0,0,0,0,,,,,,,,,,,,,,,74.0,134.0,0,0,30.13,0,1,1,1,1,1,1,1,1,1,1,0,0,1,1,1,1
BwGH,0,0,62.0,4.0,False,False,False,False,False,True,0,0,0,0,0,0,0,1,0,1,0,0,0,0,0,0,0,0,0,0,,,,,,,,,,,,,,,72.0,137.0,1,0,21.03,0,1,1,1,1,1,1,1,1,1,1,0,0,1,1,1,1
BAIH,1,0,84.0,0.0,True,False,False,False,False,False,0,0,0,0,0,0,0,0,0,0,0,0,0,0,0,0,0,0,0,0,,,,,,,,,,,,,,,78.0,96.0,0,0,35.07,0,1,1,1,1,1,1,1,1,1,1,0,0,1,1,1,1
BgIH,1,0,60.0,1.0,False,False,False,False,False,False,0,1,0,0,1,0,1,1,1,0,0,1,0,1,0,1,1,0,1,0,3.8,0.3,102.0,0.83,66.8376,88.0,7.2,11.7,7.0,,5.0,137.0,,24.0,66.0,112.0,1,0,32.85,0,0,0,0,0,0,0,0,0,0,0,0,0,0,1,1,0
BAKH,0,0,88.0,0.0,True,False,False,False,False,False,0,0,0,0,0,0,0,1,1,1,0,0,1,0,1,0,1,0,0,0,,,98.0,0.81,73.1422,107.0,5.7,11.9,,551.0,4.7,136.0,13.0,20.0,65.0,100.0,0,0,38.26,0,1,0,0,0,0,0,0,0,0,0,0,0,1,0,0,1
BgKH,1,0,63.0,1.0,False,False,False,False,False,False,0,0,0,0,0,0,1,1,1,0,0,0,0,0,1,0,0,0,0,0,,0.7,97.0,0.73,,299.0,9.1,13.0,,126.0,4.2,139.0,,18.0,83.0,132.0,0,1,45.99,0,0,0,0,1,0,0,0,0,0,0,0,0,1,0,1,1
BAMH,1,0,72.0,1.0,True,False,False,False,False,False,0,0,0,0,0,0,1,1,1,1,0,0,1,1,0,0,1,0,0,0,,,100.0,0.72,82.0776,265.0,,13.4,,2083.0,4.6,138.0,,15.0,63.0,126.0,0,0,49.49,0,1,0,0,0,0,1,0,0,0,0,0,0,1,0,1,1
BwNH,0,1,71.0,0.0,True,False,False,False,False,False,0,0,0,1,0,0,0,1,0,1,1,0,1,0,1,0,1,0,0,0,,0.6,101.0,0.93,77.7866,118.0,5.8,12.9,,6316.0,3.9,141.0,34.0,34.0,70.0,140.0,1,0,37.33,0,0,0,0,0,0,0,0,0,0,0,0,0,1,0,0,1
BgRH,0,0,81.0,0.0,True,False,False,False,False,False,0,1,0,0,0,0,0,1,1,1,0,0,0,0,1,0,1,0,1,0,,0.3,96.0,0.78,76.0,94.0,5.5,11.8,,2227.0,4.0,134.0,,11.0,66.0,114.0,0,1,27.9,0,0,0,0,0,0,0,0,0,0,0,0,0,1,0,1,1
BwRH,0,0,71.0,0.0,False,False,False,False,False,False,0,0,0,0,0,0,0,1,1,1,0,0,0,0,0,0,0,0,0,0,4.1,0.6,105.0,1.35,50.9817,82.0,,13.0,7.25,,4.8,140.0,,30.0,82.0,122.0,0,1,26.3,0,0,0,0,0,0,1,0,0,0,0,0,0,0,1,1,0
BQSH,0,0,66.0,0.0,False,False,False,False,False,False,0,1,0,0,0,0,0,1,1,1,0,1,1,0,1,0,1,0,1,0,,0.4,111.0,0.81,70.9625,93.0,5.5,10.1,,3091.0,5.0,144.0,,17.0,73.0,129.0,0,1,23.73,0,0,0,0,0,0,0,0,0,0,0,0,0,1,0,1,1
BATH,0,1,79.0,0.0,False,False,False,False,False,False,0,1,0,0,0,0,1,1,1,0,0,1,1,1,1,0,1,1,0,0,,0.3,96.0,1.35,80.2275,313.0,8.6,11.4,,,4.2,130.0,70.0,44.0,60.0,92.0,0,0,28.26,0,0,0,0,0,0,0,0,0,0,0,0,0,1,1,0,1
BAUH,1,0,62.0,1.0,True,False,False,False,False,False,0,0,0,0,0,0,0,1,1,1,0,1,1,1,0,1,0,0,1,0,,0.6,98.0,0.93,87.8631,117.0,6.8,10.9,,,5.0,141.0,,12.0,76.0,133.0,0,0,42.75,0,0,0,0,0,0,0,0,0,0,0,0,0,1,1,1,1
BAVH,0,1,60.0,2.0,False,False,False,True,False,False,0,1,0,0,0,0,0,0,0,1,0,0,1,0,1,1,1,0,0,0,4.9,0.5,103.0,1.19,,87.0,5.0,14.6,4.7,301.0,5.0,141.0,27.0,19.0,60.0,140.0,1,0,32.89,0,0,0,0,1,0,0,0,0,0,0,0,0,0,0,0,0
BQVH,1,0,66.0,1.0,True,False,False,False,False,False,0,0,0,0,0,0,0,0,0,0,0,0,0,0,0,0,1,0,0,0,3.9,0.9,112.0,0.77,73.4814,87.0,,,,,4.3,144.0,,17.0,60.0,120.0,1,0,31.95,0,0,0,0,0,0,1,1,0,0,0,0,0,1,1,1,0
BAWH,0,0,67.0,0.0,True,False,False,False,False,False,0,1,0,0,0,0,1,1,1,0,0,1,0,1,1,0,1,1,0,0,,0.4,101.0,0.77,104.0,166.0,7.7,14.9,,,3.6,138.0,,10.0,64.0,121.0,0,0,38.03,0,0,0,0,0,0,0,0,0,0,0,0,0,1,1,1,1
BAXH,1,0,70.0,4.0,False,False,False,False,False,True,0,0,0,0,0,0,0,0,1,0,0,0,0,0,0,0,0,0,0,0,,,,,,,,,,,,,,,88.0,133.0,1,0,31.2,0,1,1,1,1,1,1,1,1,1,1,0,0,1,1,1,1
BgXH,1,0,73.0,0.0,True,False,True,False,False,True,0,0,0,0,0,0,0,1,1,0,0,0,1,0,0,0,1,0,0,0,,,,,,,,,,,,,,,60.0,118.0,0,1,27.46,0,1,1,1,1,1,1,1,1,1,1,0,0,1,1,1,1
BwXH,0,0,70.0,3.0,True,False,False,False,False,False,0,0,0,0,0,0,0,1,1,1,1,0,0,1,0,0,1,0,0,0,4.2,0.3,101.0,1.47,46.0921,,7.4,11.6,4.75,,4.4,137.0,,26.0,66.0,142.0,1,0,27.39,0,0,0,0,0,1,0,0,0,0,0,0,0,0,1,1,0
BAZH,0,0,70.0,0.0,False,False,False,True,False,False,0,0,0,0,0,0,0,1,1,0,0,0,1,0,1,0,1,0,0,0,4.1,0.4,98.0,0.56,105.2514,,6.4,14.0,9.87,3925.0,3.9,134.0,,16.0,52.0,106.0,0,1,18.83,0,0,0,0,0,1,0,0,0,0,0,0,0,0,0,1,0
BwZH,0,0,73.0,1.0,False,False,False,False,False,False,0,0,0,0,0,0,0,1,0,0,0,0,0,0,1,0,0,0,0,0,4.6,0.2,108.0,0.86,67.7727,,,14.2,3.49,33.4,4.5,143.0,,15.0,76.0,122.0,0,1,27.11,0,0,0,0,0,1,1,0,0,0,0,0,0,0,0,1,0
BwbH,0,1,65.0,3.0,True,False,False,False,False,False,0,1,1,0,1,0,0,0,1,0,0,0,0,0,1,0,1,0,0,0,,,,,,,,,,,,,,,73.0,124.0,0,1,27.06,0,1,1,1,1,1,1,1,1,1,1,0,0,1,1,1,1
BAdH,0,0,87.0,0.0,False,False,False,False,False,False,0,0,0,0,0,0,0,1,0,1,1,0,0,0,0,0,1,0,0,0,,,,,,,,,,,,,,,84.0,126.0,1,0,23.05,0,1,1,1,1,1,1,1,1,1,1,0,0,1,1,1,1
BwdH,1,0,63.0,5.0,False,True,False,False,False,False,0,0,0,0,1,0,0,0,1,0,0,0,1,0,0,0,0,0,0,0,4.0,0.4,101.0,1.21,43.4964,98.0,6.1,,,,5.6,139.0,,32.0,78.0,132.0,1,0,,1,0,0,0,0,0,0,1,0,0,0,0,0,1,1,1,0
BQeH,0,0,71.0,0.0,True,False,False,False,False,False,0,0,0,0,0,0,0,1,1,0,0,1,0,1,0,1,1,0,0,0,,0.7,101.0,0.74,94.0,123.0,7.1,14.1,,,4.1,137.0,,9.0,84.0,142.0,1,0,26.03,0,0,0,0,0,0,0,0,0,0,0,0,0,1,1,1,1
BAfH,0,0,68.0,0.0,False,False,False,False,False,False,0,0,0,0,0,0,0,0,0,1,0,1,1,0,1,0,0,0,1,0,,0.9,95.0,1.06,50.674,136.0,7.0,11.8,,1523.0,3.6,137.0,66.0,33.0,50.0,102.0,1,0,35.27,0,0,0,0,0,0,0,0,0,0,0,0,0,1,0,0,1
BQfH,1,0,81.0,5.0,False,False,False,False,False,False,0,0,0,0,0,0,0,0,1,0,0,0,1,0,0,0,1,0,0,0,4.0,0.8,97.0,0.49,129.7119,,5.8,12.7,5.35,,4.1,136.0,,10.0,68.0,128.0,1,0,46.32,0,0,0,0,0,1,0,0,0,0,0,0,0,0,1,1,0
BAgH,0,0,78.0,0.0,False,False,False,False,False,False,0,1,0,0,0,0,1,1,1,1,0,1,1,0,1,0,1,1,1,0,,0.5,102.0,1.07,48.6217,160.0,8.0,7.2,,8437.0,3.5,142.0,,28.0,51.0,102.0,0,1,29.04,0,0,0,0,0,0,0,0,0,0,0,0,0,1,0,1,1
BAhH,0,0,87.0,1.0,False,False,False,False,False,False,0,0,0,0,0,0,0,1,1,1,0,0,0,0,1,1,1,0,0,0,3.3,0.6,105.0,1.25,58.3362,82.0,5.3,11.4,4.75,,4.3,140.0,,28.0,65.0,109.0,0,1,25.8,0,0,0,0,0,0,0,0,0,0,0,0,0,0,1,1,0
BghH,0,0,67.0,0.0,False,True,False,False,False,True,0,1,0,0,0,0,0,1,1,0,0,0,1,0,1,1,1,0,0,0,,0.4,98.0,0.83,,169.0,6.3,15.3,,57.0,4.1,136.0,,13.0,75.0,119.0,0,0,25.71,0,0,0,0,1,0,0,0,0,0,0,0,0,1,0,1,1
BwhH,0,0,61.0,0.0,False,False,False,False,False,False,0,0,0,0,0,0,0,1,1,1,0,0,0,0,1,0,1,0,1,0,,0.4,111.0,0.45,138.5592,100.0,,12.6,5.28,,4.3,139.0,28.0,14.0,71.0,124.0,0,1,22.52,0,0,0,0,0,0,1,0,0,0,0,0,0,0,1,0,1
BgiH,0,0,72.0,0.0,False,False,False,False,False,False,0,1,0,0,0,0,0,1,1,0,0,0,1,0,1,1,1,0,0,0,,0.5,103.0,0.68,117.776,115.0,,15.7,,2852.0,4.6,134.0,,15.0,86.0,128.0,0,1,28.46,0,0,0,0,0,0,1,0,0,0,0,0,0,1,0,1,1
BwkH,0,1,72.0,3.0,False,False,False,False,False,False,1,1,0,0,0,0,1,1,1,0,0,1,1,0,1,0,1,0,0,0,3.4,0.6,95.0,0.69,88.3317,75.0,7.3,11.1,8.4,7579.0,3.8,135.0,,13.0,68.0,131.0,0,1,39.6,0,0,0,0,0,0,0,0,0,0,0,0,0,0,0,1,0
BgmH,0,0,66.0,1.0,False,False,False,False,False,True,0,1,0,0,0,0,0,1,1,0,0,0,0,0,1,0,0,0,0,0,,,98.0,0.88,89.0,116.0,,13.7,,,3.9,136.0,,11.0,65.0,119.0,0,0,23.01,0,1,0,0,0,0,1,0,0,0,0,0,0,1,1,1,1
BgnH,1,0,,,False,False,False,False,False,False,0,0,0,0,0,0,0,1,0,0,0,1,0,0,0,0,0,0,0,0,,0.3,107.0,0.78,107.1571,94.0,5.5,12.9,,,4.1,140.0,,18.0,83.0,135.0,0,0,48.52,0,0,0,0,0,0,0,0,0,0,0,0,0,1,1,1,1
BQoH,1,0,65.0,1.0,False,False,False,False,False,False,0,0,1,1,1,0,1,0,0,0,0,1,1,0,0,0,1,0,1,0,4.2,1.4,103.0,1.54,45.2841,139.0,6.2,11.1,6.7,193.0,4.3,139.0,19.0,13.0,64.0,117.0,0,0,39.46,0,0,0,0,0,0,0,0,0,0,0,0,0,0,0,0,0
BgoH,0,1,81.0,0.0,False,False,False,False,False,False,0,1,0,0,1,0,1,1,1,1,1,1,0,0,0,0,1,0,0,0,4.7,1.5,103.0,1.08,66.2994,166.0,7.5,16.3,5.5,670.0,4.6,140.0,258.0,22.0,61.0,108.0,0,0,34.94,0,0,0,0,0,0,0,0,0,0,0,0,0,0,0,0,0
BApH,0,0,53.0,4.0,True,False,False,False,False,False,0,1,0,0,0,0,0,1,1,0,0,0,0,0,1,0,1,0,0,0,,,,,,,,,,,,,,,80.0,118.0,0,0,35.58,0,1,1,1,1,1,1,1,1,1,1,0,0,1,1,1,1
BgpH,1,0,73.0,2.0,False,False,False,False,False,True,0,0,0,0,0,0,0,0,0,0,0,0,0,0,0,0,0,0,0,0,4.1,0.7,103.0,0.84,71.1992,98.0,5.1,13.3,3.5,,3.9,142.0,,13.0,80.0,130.0,0,0,30.3,0,0,0,0,0,0,0,0,0,0,0,0,0,0,1,1,0
BwpH,0,0,75.0,8.0,True,False,False,False,False,False,0,1,0,0,1,0,0,1,1,0,0,0,1,0,0,0,1,0,0,0,4.7,0.5,0.102,1.63,41.1224,138.0,6.1,,,,0.0053,0.143,,,60.0,98.0,0,0,26.21,0,0,0,0,0,0,0,1,0,0,1,0,0,1,1,1,0
BAqH,1,0,80.0,0.0,True,True,False,False,False,False,0,1,0,0,0,0,1,1,1,0,0,1,1,0,0,0,1,0,0,0,,0.3,102.0,0.69,116.9611,263.0,8.3,12.0,,236.0,4.6,140.0,,16.0,84.0,193.0,1,0,36.73,0,0,0,0,0,0,0,0,0,0,0,0,0,1,0,1,1
BQqH,1,0,67.0,3.0,False,False,False,False,False,False,0,0,0,0,0,0,1,0,0,0,1,1,0,1,0,0,0,0,0,0,,,101.0,0.66,,189.0,7.4,13.5,,,3.9,139.0,,11.0,84.0,119.0,0,1,36.33,0,1,0,0,1,0,0,0,0,0,0,0,0,1,1,1,1
BgqH,0,0,81.0,0.0,False,False,False,True,False,False,0,1,0,1,0,0,1,1,1,1,1,1,1,1,1,0,1,0,1,0,,0.3,100.0,0.96,83.0,114.0,8.0,9.5,,103.0,3.9,138.0,,24.0,65.0,132.0,1,0,33.8,0,0,0,0,0,0,0,0,0,0,0,0,0,1,0,1,1
BwqH,1,0,84.0,0.0,False,False,False,False,False,True,0,1,0,0,0,0,1,1,1,0,0,1,0,1,1,0,1,0,0,0,4.3,0.3,100.0,0.79,,142.0,10.1,15.3,9.8,,5.3,138.0,,13.0,76.0,118.0,0,1,31.0301,0,0,0,0,1,0,0,0,0,0,0,0,0,0,1,1,0
BArH,0,0,67.0,2.0,False,False,False,False,False,False,0,1,0,0,0,0,1,1,1,1,0,1,0,0,1,0,1,0,0,0,,0.3,104.0,0.91,79.7627,150.0,7.3,11.0,,,3.8,139.0,228.0,15.0,65.0,140.0,0,0,32.54,0,0,0,0,0,0,0,0,0,0,0,0,0,1,1,0,1
BQrH,1,0,54.0,0.0,False,False,False,False,False,False,0,0,0,0,0,1,0,1,1,0,0,1,0,0,0,0,1,0,0,0,,0.8,98.0,1.09,71.32,101.0,7.8,15.6,,,4.9,138.0,,14.0,90.0,144.0,1,0,40.7457,0,0,0,0,0,0,0,0,0,0,0,0,0,1,1,1,1
BwrH,1,0,84.0,1.0,False,False,False,False,False,False,0,0,0,0,0,0,0,1,1,0,0,0,1,1,0,0,1,0,0,0,,,,,,,,,,,,,,,,,0,0,25.68,0,1,1,1,1,1,1,1,1,1,1,1,1,1,1,1,1
BAsH,0,1,76.0,0.0,False,False,False,False,False,True,0,1,0,0,0,0,0,1,1,1,0,0,1,0,0,0,1,0,0,0,3.5,0.6,100.0,1.07,49.9914,86.0,5.9,12.3,5.66,32577.0,4.8,139.0,,46.0,58.0,125.0,0,0,23.73,0,0,0,0,0,0,0,0,0,0,0,0,0,0,0,1,0
BQsH,0,0,64.0,1.0,True,False,False,False,False,False,0,0,0,1,0,0,1,1,1,0,0,1,0,1,0,0,0,0,0,0,,0.2,93.0,1.17,67.4139,205.0,,14.9,,353.0,4.6,134.0,,10.0,66.0,94.0,0,0,48.08,0,0,0,0,0,0,1,0,0,0,0,0,0,1,0,1,1
BwsH,0,0,60.0,0.0,False,False,False,False,False,False,0,0,0,0,0,0,0,1,1,1,0,0,1,0,1,0,1,0,0,0,,0.6,101.0,1.28,,100.0,6.9,14.3,,3002.0,3.6,144.0,42.0,17.0,85.0,160.0,0,1,35.55,0,0,0,0,1,0,0,0,0,0,0,0,0,1,0,0,1
BgvH,0,0,67.0,4.0,True,False,False,True,False,False,0,1,0,0,0,0,0,1,0,0,0,0,0,0,1,0,1,0,0,0,,,,,,,,,,,,,,,69.0,108.0,0,0,0.25,0,1,1,1,1,1,1,1,1,1,1,0,0,1,1,1,1
BAwH,0,1,82.0,5.0,False,False,False,False,False,True,0,1,0,0,0,0,0,1,1,0,0,0,1,0,0,0,1,0,0,0,,1.5,101.0,1.08,64.6762,110.0,,12.4,,2189.0,3.7,141.0,,26.0,55.0,101.0,1,0,33.74,0,0,0,0,0,0,1,0,0,0,0,0,0,1,0,1,1
BgwH,0,0,61.0,0.0,True,False,False,False,False,False,0,0,0,0,0,0,0,1,1,1,0,0,0,1,0,0,1,1,1,0,,,,,,,,,,,,,,,82.0,184.0,1,0,23.75,0,1,1,1,1,1,1,1,1,1,1,0,0,1,1,1,1
BwxH,0,0,82.0,1.0,True,False,False,True,False,True,0,1,0,0,0,0,0,1,1,0,0,1,0,0,0,0,1,0,0,0,4.3,0.6,107.0,0.86,91.6609,,,12.1,4.97,,4.2,140.0,,15.0,64.0,124.0,0,1,27.4,0,0,0,0,0,1,1,0,0,0,0,0,0,0,1,1,0
BAzH,0,0,69.0,1.0,False,False,False,False,True,False,0,1,0,1,1,0,1,1,1,1,1,1,1,0,1,1,1,0,1,0,,0.9,101.0,0.94,,94.0,6.4,13.3,,32412.0,3.9,139.0,,17.0,44.0,97.0,0,0,30.36,0,0,0,0,1,0,0,0,0,0,0,0,0,1,0,1,1
BQzH,1,0,60.0,2.0,True,False,False,False,False,False,0,0,0,0,0,0,0,1,1,0,0,0,0,0,0,0,0,0,0,0,,0.6,106.0,0.97,80.0611,101.0,,10.2,,,4.3,138.0,,19.0,85.0,149.0,0,1,44.63,0,0,0,0,0,0,1,0,0,0,0,0,0,1,1,1,1
BA0H,0,0,82.0,0.0,True,False,False,False,False,False,0,1,0,0,0,1,0,1,1,1,0,0,0,0,1,0,1,0,1,0,,0.4,98.0,1.03,74.0887,99.0,5.3,12.2,,,4.1,128.0,,18.0,74.0,149.0,0,0,23.32,0,0,0,0,0,0,0,0,0,0,0,0,0,1,1,1,1
Bg0H,1,0,75.0,7.0,True,False,False,True,True,False,0,0,0,0,0,1,0,1,1,1,0,1,0,0,0,0,1,0,1,0,3.9,0.5,103.0,0.9,63.444,93.0,5.9,11.9,8.0,689.0,3.5,138.0,,7.0,63.0,100.0,0,0,35.5,0,0,0,0,0,0,0,0,0,0,0,0,0,0,0,1,0
Bg1H,1,0,37.0,2.0,False,False,False,False,False,False,0,1,0,0,0,0,1,0,1,0,0,1,0,0,0,0,1,0,0,0,,0.3,100.0,0.65,,201.0,,14.0,,,4.3,138.0,,11.0,80.0,116.0,0,1,46.34,0,0,0,0,1,0,1,0,0,0,0,0,0,1,1,1,1
Bg3H,1,0,30.0,0.0,False,False,False,False,False,False,0,0,0,0,0,0,1,1,0,1,1,1,1,1,0,0,1,1,1,0,4.2,0.6,98.0,0.67,121.8349,107.0,6.7,13.7,9.2,,3.9,140.0,,16.0,85.0,126.0,1,0,42.18,0,0,0,0,0,0,0,0,0,0,0,0,0,0,1,1,0
BA4H,0,0,82.0,0.0,False,False,False,False,False,False,0,0,0,0,0,0,1,0,0,0,0,1,1,0,1,0,0,0,1,0,3.7,2.8,84.0,1.51,,101.0,,16.1,7.0,,5.3,127.0,,88.0,69.0,100.0,0,0,21.58,0,0,0,0,1,0,1,0,0,0,0,0,0,0,1,1,0
Bw4H,0,0,53.0,0.0,False,False,False,False,False,False,0,0,0,0,0,0,1,1,1,1,0,1,1,1,1,1,0,1,1,0,,0.6,109.0,1.3,57.0,104.0,5.5,12.8,,1876.0,3.9,145.0,,21.0,96.0,175.0,0,0,32.75,0,0,0,0,0,0,0,0,0,0,0,0,0,1,0,1,1
BQ5H,0,0,66.0,0.0,True,False,False,False,False,False,0,0,0,0,0,1,0,1,1,0,0,0,0,0,0,1,1,0,0,0,,0.9,106.0,0.96,87.6599,110.0,5.6,14.7,,,4.7,144.0,16.0,12.0,63.0,121.0,0,1,37.96,0,0,0,0,0,0,0,0,0,0,0,0,0,1,1,0,1
BQ6H,0,0,77.0,0.0,False,False,False,False,False,False,0,0,0,0,0,0,0,1,0,0,0,1,0,1,0,0,1,0,0,0,,0.2,96.0,1.95,34.2809,115.0,,11.2,,,5.1,135.0,,39.0,65.0,122.0,1,0,23.8,0,0,0,0,0,0,1,0,0,0,0,0,0,1,1,1,1
Bw6H,1,0,58.0,6.0,False,False,False,False,False,False,0,0,0,0,0,0,0,1,1,1,0,0,0,0,0,0,0,0,1,0,,,,,,,6.7,,,,,,,,,,0,0,33.44,0,1,1,1,1,1,0,1,1,1,1,1,1,1,1,1,1
BQ7H,1,0,82.0,0.0,False,False,False,False,False,False,0,1,0,0,0,0,1,1,1,1,0,1,0,1,1,0,1,0,0,0,,0.8,100.0,1.08,74.9736,169.0,8.2,16.2,,756.0,4.6,133.0,515.0,34.0,71.0,102.0,0,1,27.51,0,0,0,0,0,0,0,0,0,0,0,0,0,1,0,0,1
BA8H,0,0,64.0,1.0,False,False,False,False,False,False,0,1,0,1,0,0,0,0,0,0,0,0,1,0,0,0,0,0,0,0,,0.2,105.0,0.88,77.3054,99.0,,11.1,4.8,187.0,4.5,138.0,18.0,34.0,64.0,130.0,0,0,35.87,0,0,0,0,0,0,1,0,0,0,0,0,0,0,0,0,1
Bw8H,0,0,57.0,0.0,False,False,False,False,False,False,0,1,0,0,0,0,0,1,1,1,0,0,1,0,1,0,0,0,1,0,,0.3,97.0,1.26,41.5107,100.0,5.2,10.1,,1678.0,3.5,139.0,28.0,32.0,54.0,86.0,1,0,34.75,0,0,0,0,0,0,0,0,0,0,0,0,0,1,0,0,1
BQ_H,0,0,54.0,0.0,False,False,False,False,False,False,0,0,0,0,0,0,0,1,1,1,0,1,0,0,0,0,0,0,0,0,,1.0,108.0,1.04,79.0,161.0,,16.3,,640.0,4.3,145.0,,16.0,52.0,87.0,0,0,42.97,0,0,0,0,0,0,1,0,0,0,0,0,0,1,0,1,1
Bw#H,0,0,83.0,0.0,False,False,False,False,False,False,0,0,0,0,0,0,0,1,1,0,0,0,1,0,1,0,1,0,0,0,,0.4,107.0,0.76,107.0,77.0,5.2,10.4,,562.0,3.1,141.0,,17.0,68.0,108.0,0,0,38.09,0,0,0,0,0,0,0,0,0,0,0,0,0,1,0,1,1
BQAI,0,1,64.0,0.0,True,False,False,False,False,False,1,1,0,1,0,1,1,1,1,1,0,1,0,0,0,0,1,0,0,0,,0.9,102.0,0.52,116.9197,101.0,6.0,12.8,,1720.0,3.7,135.0,12.0,11.0,56.0,108.0,0,1,27.5,0,0,0,0,0,0,0,0,0,0,0,0,0,1,0,0,1
BgBI,0,0,62.0,0.0,False,False,False,False,False,False,0,0,0,0,0,0,1,1,1,0,0,0,1,1,0,0,1,1,0,0,,,,,,,,,,,,,,,62.0,152.0,1,0,27.45,0,1,1,1,1,1,1,1,1,1,1,0,0,1,1,1,1
BgCI,0,0,58.0,5.0,True,False,False,False,False,False,1,1,0,0,1,0,1,1,1,0,1,1,1,1,0,0,1,0,0,1,,1.2,104.0,1.47,47.9277,67.0,6.2,8.1,,,4.0,135.0,,20.0,64.0,125.0,0,0,26.91,0,0,0,0,0,0,0,0,0,0,0,0,0,1,1,1,1
BADI,1,0,77.0,1.0,False,False,False,False,False,False,0,0,0,0,0,0,1,1,1,0,0,1,0,1,0,0,1,0,0,0,,,,,,,,,,,,,,,103.0,143.0,0,1,33.22,0,1,1,1,1,1,1,1,1,1,1,0,0,1,1,1,1
BQGI,0,0,68.0,1.0,True,False,False,False,False,False,0,0,0,0,0,0,0,1,1,0,0,0,1,0,1,1,0,0,1,0,,1.2,97.0,0.88,62.9875,89.0,,10.2,,19297.0,4.3,136.0,39.0,21.0,80.0,123.0,1,0,20.79,0,0,0,0,0,0,1,0,0,0,0,0,0,1,0,0,1
BgGI,0,0,58.0,2.0,False,False,False,True,False,True,0,0,0,0,0,0,0,1,0,1,0,0,0,0,0,0,0,0,0,0,3.8,0.4,108.0,1.4,,,5.6,11.2,15.92,1504.0,4.8,138.0,,27.0,,,0,1,22.46,0,0,0,0,1,1,0,0,0,0,0,1,1,0,0,1,0
BgHI,0,0,73.0,0.0,True,False,True,False,False,False,0,1,0,0,0,0,0,1,1,1,0,0,1,0,0,0,1,0,1,0,,0.3,106.0,0.84,97.5277,103.0,5.4,9.1,,1974.0,3.6,141.0,535.0,15.0,75.0,143.0,0,0,21.3,0,0,0,0,0,0,0,0,0,0,0,0,0,1,0,0,1
BAII,1,0,54.0,1.0,True,False,False,True,True,False,0,0,0,0,0,0,0,1,1,0,1,0,0,1,1,0,1,0,1,0,,,,,,,,,,,,,,,72.0,132.0,1,0,37.76,0,1,1,1,1,1,1,1,1,1,1,0,0,1,1,1,1
BAJI,0,0,48.0,0.0,False,False,True,False,False,False,0,1,1,0,0,0,0,1,1,1,0,0,1,0,1,0,0,0,1,0,3.8,0.5,98.0,1.17,46.1384,61.0,,12.8,6.2,9320.0,4.0,135.0,,31.0,75.0,113.0,0,1,31.32,0,0,0,0,0,0,1,0,0,0,0,0,0,0,0,1,0
BgLI,0,0,75.0,3.0,True,False,False,False,False,False,0,0,0,0,0,1,1,1,1,1,0,0,0,1,1,0,1,1,0,0,4.7,0.7,105.0,0.98,78.5574,94.0,6.5,12.7,8.9,,3.8,140.0,,18.0,86.0,140.0,0,1,29.12,0,0,0,0,0,0,0,0,0,0,0,0,0,0,1,1,0
BwLI,0,1,82.0,0.0,True,False,False,False,False,False,0,1,0,0,0,0,0,1,1,1,0,0,1,0,1,0,1,0,1,0,,0.5,107.0,0.97,78.1695,90.0,5.4,16.6,,1591.0,3.8,140.0,10.0,25.0,73.0,116.0,0,0,25.01,0,0,0,0,0,0,0,0,0,0,0,0,0,1,0,0,1
BwMI,0,0,83.0,0.0,True,False,False,False,False,False,0,0,0,0,0,0,0,1,0,0,0,0,0,0,1,0,0,0,0,0,,,,,,,,,,,,,,,90.0,161.0,0,0,30.85,0,1,1,1,1,1,1,1,1,1,1,0,0,1,1,1,1
BANI,0,0,60.0,0.0,False,False,False,True,False,False,0,0,0,0,0,0,0,1,1,0,0,0,1,0,1,0,1,0,0,0,4.5,0.6,107.0,1.18,61.0283,,5.7,15.7,7.51,843.0,4.6,138.0,,13.0,82.0,130.0,0,1,29.75,0,0,0,0,0,1,0,0,0,0,0,0,0,0,0,1,0
BQNI,0,0,84.0,7.0,False,False,False,False,False,False,0,0,0,0,1,0,0,0,0,0,0,0,1,0,0,0,0,0,0,0,,0.9,103.0,1.33,37.7394,104.0,,12.8,,,4.5,136.0,34.0,35.0,58.0,100.0,0,0,29.8355,0,0,0,0,0,0,1,0,0,0,0,0,0,1,1,0,1
BgOI,0,0,74.0,0.0,False,False,False,False,False,False,0,1,0,0,0,1,0,0,1,1,0,0,1,0,1,1,1,0,1,0,,1.0,106.0,1.02,79.0,87.0,5.4,9.7,,6151.0,4.0,141.0,,26.0,73.0,120.0,1,0,31.78,0,0,0,0,0,0,0,0,0,0,0,0,0,1,0,1,1
BQQI,0,1,79.0,4.0,False,False,False,False,False,False,0,1,0,0,0,0,0,1,0,0,0,0,0,0,0,0,0,0,0,0,,,,,,,,,,,,,,,58.0,109.0,0,1,29.98,0,1,1,1,1,1,1,1,1,1,1,0,0,1,1,1,1
BwQI,1,0,47.0,3.0,True,False,True,False,False,False,0,0,0,0,0,0,1,1,1,1,0,0,0,0,0,0,1,0,1,0,,,,,,,,,,,,,,,80.0,129.0,0,0,38.29,0,1,1,1,1,1,1,1,1,1,1,0,0,1,1,1,1
BASI,0,0,77.0,0.0,False,False,False,False,False,False,0,1,0,0,0,0,0,1,1,0,1,0,1,0,1,0,1,0,0,0,,0.6,99.0,1.15,47.0656,108.0,5.5,12.7,,3475.0,4.1,140.0,,33.0,44.0,90.0,0,1,20.83,0,0,0,0,0,0,0,0,0,0,0,0,0,1,0,1,1
BgSI,1,0,73.0,0.0,False,False,False,False,False,False,0,0,0,0,0,0,1,1,1,1,1,1,0,1,0,0,1,0,0,0,,,100.0,1.11,64.9353,239.0,,14.4,,,4.3,137.0,,25.0,88.0,205.0,1,0,23.1826,0,1,0,0,0,0,1,0,0,0,0,0,0,1,1,1,1
BQTI,0,0,79.0,4.0,False,False,False,False,False,False,0,1,0,0,0,0,1,1,1,0,0,0,0,1,0,0,1,0,1,0,5.0,0.9,100.0,1.0,,169.0,7.1,17.1,6.2,63.0,4.3,140.0,10.0,25.0,84.0,116.0,0,0,37.1,0,0,0,0,1,0,0,0,0,0,0,0,0,0,0,0,0
BwTI,0,0,54.0,0.0,True,False,True,False,False,True,0,1,0,0,0,0,0,1,1,1,0,0,1,0,1,0,0,0,0,0,,1.0,101.0,1.25,55.0269,127.0,5.4,15.1,,13488.0,4.0,141.0,24.0,28.0,64.0,124.0,1,0,28.7,0,0,0,0,0,0,0,0,0,0,0,0,0,1,0,0,1
BQVI,0,0,48.0,1.0,False,False,True,False,False,False,0,0,0,0,0,1,0,0,1,0,0,0,0,0,0,0,1,0,0,0,,2.4,110.0,1.85,32.478,203.0,5.6,14.9,,920.0,3.6,148.0,39.0,39.0,53.0,72.0,0,1,17.41,0,0,0,0,0,0,0,0,0,0,0,0,0,1,0,0,1
BgVI,0,0,74.0,2.0,False,False,False,False,False,False,0,0,0,1,0,0,0,0,0,0,0,0,1,0,1,0,0,0,0,0,4.3,0.3,99.0,1.32,52.876,82.0,,,,379.0,5.7,138.0,,26.0,71.0,117.0,1,0,27.33,0,0,0,0,0,0,1,1,0,0,0,0,0,1,0,1,0
BgWI,0,0,38.0,0.0,False,False,False,True,True,False,0,1,0,0,0,1,0,1,1,1,0,0,1,0,1,0,1,0,0,0,,0.6,103.0,1.13,63.7892,113.0,5.7,14.6,,139.0,4.0,140.0,18.0,31.0,78.0,127.0,0,1,29.35,0,0,0,0,0,0,0,0,0,0,0,0,0,1,0,0,1
BQaI,1,0,62.0,0.0,True,False,False,False,False,False,0,0,0,0,0,0,0,0,0,0,0,0,0,0,1,0,1,0,1,0,,,,,,,,,,,,,,,,,0,0,,1,1,1,1,1,1,1,1,1,1,1,1,1,1,1,1,1
BgaI,0,1,65.0,0.0,False,False,False,False,False,False,0,1,0,0,0,0,1,1,1,1,0,0,0,0,1,1,1,0,1,0,,0.4,105.0,1.46,49.7659,177.0,5.7,15.7,,511.0,4.1,142.0,31.0,17.0,116.0,192.0,0,1,,1,0,0,0,0,0,0,0,0,0,0,0,0,1,0,0,1
BQdI,0,0,76.0,0.0,False,False,False,False,False,False,0,0,0,0,0,0,0,1,1,0,0,1,0,1,0,0,1,0,1,1,,,101.0,0.74,,130.0,6.2,13.6,,650.0,4.1,138.0,17.0,16.0,61.0,117.0,0,1,25.74,0,1,0,0,1,0,0,0,0,0,0,0,0,1,0,0,1
BgdI,0,0,81.0,0.0,False,False,False,False,False,False,0,1,0,0,0,1,1,1,1,1,0,1,1,0,1,0,1,0,1,0,,0.3,98.0,1.12,79.0,89.0,6.1,13.9,,429.0,4.6,134.0,,13.0,78.0,128.0,0,0,32.69,0,0,0,0,0,0,0,0,0,0,0,0,0,1,0,1,1
BweI,0,0,86.0,0.0,False,False,False,True,False,False,0,1,0,1,0,0,0,1,1,0,0,0,1,0,1,0,1,0,0,0,4.2,1.3,96.0,1.28,54.2125,105.0,,15.5,5.88,4586.0,4.0,136.0,33.0,34.0,70.0,103.0,0,1,25.34,0,0,0,0,0,0,1,0,0,0,0,0,0,0,0,0,0
BQfI,0,0,74.0,3.0,True,False,False,True,False,False,0,1,0,0,1,0,1,1,0,0,1,0,1,1,0,0,0,0,0,0,4.7,0.4,0.101,1.71,38.8099,150.0,7.0,11.3,15.3,,0.0051,0.136,,,58.0,98.0,1,0,26.99,0,0,0,0,0,0,0,0,0,0,1,0,0,0,1,1,0
BwfI,0,0,83.0,0.0,False,False,False,False,False,False,0,0,0,0,0,0,0,1,1,0,0,0,1,0,0,0,1,0,1,0,,0.5,105.0,0.83,65.9786,97.0,,8.2,,12186.0,4.4,139.0,154.0,14.0,60.0,105.0,0,1,17.13,0,0,0,0,0,0,1,0,0,0,0,0,0,1,0,0,1
BAgI,0,1,61.0,1.0,False,False,False,False,False,False,0,1,0,0,0,0,0,1,1,1,0,0,1,0,1,1,1,0,0,0,4.2,0.2,103.0,0.95,58.326,103.0,,11.7,6.4,710.0,3.9,136.0,,24.0,80.0,112.0,0,1,18.56,0,0,0,0,0,0,1,0,0,0,0,0,0,0,0,1,0
BQgI,0,0,67.0,0.0,False,False,False,False,False,False,0,0,0,0,0,0,1,1,1,0,0,1,0,1,1,0,1,1,0,0,4.1,0.5,0.098,0.86,,215.0,9.7,16.6,6.9,,0.0043,0.138,,,74.0,113.0,0,1,,1,0,0,0,1,0,0,0,0,0,1,0,0,0,1,1,0
BAhI,0,0,68.0,0.0,False,False,True,False,False,False,0,0,0,0,0,0,0,1,1,1,0,0,1,0,1,0,0,0,0,0,,0.8,102.0,1.59,49.7943,100.0,6.1,14.1,,12.0,4.3,140.0,29.0,29.0,74.0,126.0,1,0,,1,0,0,0,0,0,0,0,0,0,0,0,0,1,0,0,1
BQhI,0,1,49.0,0.0,False,False,False,False,False,False,0,1,0,0,0,0,1,1,1,1,0,1,0,0,0,0,1,0,1,0,4.8,1.3,101.0,1.11,65.1174,174.0,6.3,13.8,,340.0,5.7,138.0,,21.0,89.0,143.0,0,0,22.3,0,0,0,0,0,0,0,0,0,0,0,0,0,1,0,1,0
BAkI,0,0,75.0,1.0,False,False,False,True,False,True,0,0,0,1,0,0,0,0,1,0,0,0,1,0,0,0,0,0,0,0,4.2,0.8,95.0,1.02,69.2485,98.0,,,,2007.0,4.1,140.0,,26.0,82.0,137.0,1,0,27.51,0,0,0,0,0,0,1,1,0,0,0,0,0,1,0,1,0
BAmI,0,0,53.0,4.0,False,False,False,False,False,False,0,1,0,0,0,0,0,1,1,0,0,0,0,0,0,0,1,0,0,0,4.1,0.5,101.0,0.72,83.1964,113.0,,,,,4.2,140.0,,9.0,74.0,118.0,0,1,39.93,0,0,0,0,0,0,1,1,0,0,0,0,0,1,1,1,0
BQmI,0,1,64.0,0.0,False,False,True,False,False,False,0,1,0,0,0,0,0,1,1,0,0,0,1,0,0,1,1,0,0,0,,0.5,104.0,1.02,69.7494,92.0,5.1,11.7,,4615.0,4.3,140.0,,23.0,70.0,128.0,0,1,22.95,0,0,0,0,0,0,0,0,0,0,0,0,0,1,0,1,1
BQnI,0,0,,,True,False,False,False,False,False,0,1,0,0,0,0,1,0,1,0,0,0,1,0,1,0,0,0,0,0,4.4,0.2,97.0,0.9,83.1834,81.0,,9.7,4.9,645.0,4.9,135.0,,23.0,68.0,98.0,1,0,22.28,0,0,0,0,0,0,1,0,0,0,0,0,0,0,0,1,0
BAoI,0,0,79.0,4.0,False,False,False,False,False,False,0,0,0,0,0,0,0,1,1,1,0,1,1,0,1,1,0,0,1,0,4.3,1.4,100.0,0.96,,90.0,4.7,11.1,6.1,826.0,4.8,135.0,,25.0,54.0,78.0,0,0,30.15,0,0,0,0,1,0,0,0,0,0,0,0,0,0,0,1,0
BQoI,0,0,78.0,1.0,True,False,False,True,True,False,0,1,1,0,0,0,0,1,1,0,0,1,1,0,1,0,1,0,0,0,4.0,3.2,95.0,1.11,68.5257,79.0,,12.9,4.6,3875.0,4.3,131.0,,42.0,71.0,97.0,0,1,24.54,0,0,0,0,0,0,1,0,0,0,0,0,0,0,0,1,0
BApI,0,0,51.0,3.0,False,False,True,False,True,False,0,0,0,0,1,0,0,1,1,0,0,0,1,0,1,0,0,0,0,0,,,105.0,0.73,81.5989,96.0,,14.5,,,4.5,142.0,,12.0,90.0,140.0,0,1,28.35,0,1,0,0,0,0,1,0,0,0,0,0,0,1,1,1,1
BwsI,1,0,43.0,0.0,False,False,False,False,False,False,0,1,0,1,0,0,1,1,0,0,0,0,1,0,0,0,0,0,0,0,,,,,,,,,,,,,,,48.0,121.0,1,0,37.14,0,1,1,1,1,1,1,1,1,1,1,0,0,1,1,1,1
BQuI,1,0,68.0,3.0,False,False,False,False,False,False,0,0,0,0,0,0,1,1,1,1,0,1,1,0,0,1,0,0,0,0,,0.4,101.0,1.1,48.9632,154.0,7.0,12.2,,,4.3,138.0,,30.0,84.0,146.0,1,0,37.62,0,0,0,0,0,0,0,0,0,0,0,0,0,1,1,1,1
BwuI,0,0,87.0,0.0,False,False,False,True,False,False,0,0,0,0,0,0,0,1,1,0,0,0,1,0,0,0,1,0,1,0,,1.0,101.0,1.29,54.2975,129.0,5.8,14.2,,7539.0,3.8,143.0,41.0,30.0,64.0,115.0,0,1,34.94,0,0,0,0,0,0,0,0,0,0,0,0,0,1,0,0,1
BgwI,1,0,77.0,5.0,True,False,False,False,False,True,0,0,0,0,0,0,1,1,0,1,1,1,0,1,0,0,1,0,1,0,4.4,0.9,102.0,1.26,57.0844,128.0,6.6,11.1,,23.0,3.7,142.0,,15.0,77.0,127.0,0,0,38.18,0,0,0,0,0,0,0,0,0,0,0,0,0,1,0,1,0
BgxI,1,0,69.0,0.0,False,False,False,False,True,False,0,1,0,0,0,0,1,1,1,0,0,1,1,0,1,0,1,0,1,0,,0.4,98.0,0.78,74.355,104.0,6.7,13.4,,1353.0,3.7,136.0,32.0,16.0,67.0,123.0,0,1,43.14,0,0,0,0,0,0,0,0,0,0,0,0,0,1,0,0,1
BQyI,1,0,75.0,0.0,True,False,True,False,False,False,0,0,0,0,0,0,0,1,1,0,0,0,1,0,0,0,0,0,0,0,,,,,,,,,,,,,,,80.0,126.0,0,1,32.28,0,1,1,1,1,1,1,1,1,1,1,0,0,1,1,1,1
BgyI,0,1,89.0,4.0,False,False,False,False,False,False,0,1,0,1,0,0,0,1,1,0,1,0,1,0,0,1,1,0,1,0,,0.3,94.0,0.7,80.7199,91.0,5.2,9.1,,,4.1,133.0,,21.0,70.0,118.0,0,0,18.36,0,0,0,0,0,0,0,0,0,0,0,0,0,1,1,1,1
Bg0I,0,1,74.0,1.0,False,False,False,False,False,False,0,1,0,0,0,0,0,1,1,1,0,0,1,0,1,1,1,0,1,0,,0.9,107.0,1.0,71.0176,91.0,5.0,8.6,,35323.0,4.2,137.0,,10.0,84.0,174.0,0,1,24.02,0,0,0,0,0,0,0,0,0,0,0,0,0,1,0,1,1
Bw0I,0,0,,,True,False,False,False,False,False,0,1,0,0,0,0,0,1,1,0,1,1,0,1,0,0,1,0,0,0,,1.0,101.0,1.43,54.0,212.0,8.2,11.5,,574.0,4.6,135.0,,30.0,62.0,121.0,0,1,23.88,0,0,0,0,0,0,0,0,0,0,0,0,0,1,0,1,1
BQ1I,1,0,65.0,3.0,False,True,False,False,False,False,0,0,1,0,0,0,1,1,0,1,0,0,0,1,1,0,1,0,1,0,4.7,0.3,98.0,0.94,80.5429,104.0,6.5,13.4,9.0,,4.5,137.0,,29.0,66.0,113.0,1,0,29.02,0,0,0,0,0,0,0,0,0,0,0,0,0,0,1,1,0
Bg1I,0,0,60.0,1.0,True,False,False,False,False,False,0,1,0,0,0,0,1,1,1,1,0,1,1,0,1,0,0,1,0,0,4.6,0.6,97.0,1.08,68.8355,234.0,10.8,16.4,7.0,,5.2,136.0,,23.0,74.0,122.0,0,0,30.42,0,0,0,0,0,0,0,0,0,0,0,0,0,0,1,1,0
BA2I,0,0,65.0,5.0,True,False,False,False,False,False,1,1,0,0,0,0,1,0,1,0,1,1,1,1,1,0,1,1,0,0,,0.6,95.0,0.55,109.5915,131.0,8.3,11.7,,232.0,3.7,135.0,,12.0,71.0,105.0,1,0,36.02,0,0,0,0,0,0,0,0,0,0,0,0,0,1,0,1,1
BQ2I,0,0,73.0,2.0,False,False,False,True,False,True,0,1,0,0,0,0,0,1,1,0,0,0,0,0,0,0,0,0,0,0,,,,,,,,,,,,,,,74.0,105.0,0,1,39.0957,0,1,1,1,1,1,1,1,1,1,1,0,0,1,1,1,1
Bg2I,1,0,60.0,0.0,True,False,False,False,False,False,0,0,0,0,0,0,0,1,1,0,0,1,0,1,0,0,0,0,0,0,,0.6,111.0,1.79,,181.0,,11.3,,,4.8,147.0,,50.0,66.0,113.0,0,0,25.95,0,0,0,0,1,0,1,0,0,0,0,0,0,1,1,1,1
BA3I,1,0,70.0,7.0,True,False,False,False,False,False,0,0,0,0,0,0,1,1,0,0,0,1,0,0,0,0,1,0,0,0,,0.4,100.0,0.84,93.2084,231.0,7.4,15.7,,,4.5,139.0,10.0,16.0,76.0,116.0,1,0,42.56,0,0,0,0,0,0,0,0,0,0,0,0,0,1,1,0,1
BQ3I,0,0,65.0,0.0,False,False,False,False,False,False,1,1,0,0,0,0,0,0,1,1,0,0,1,0,1,0,0,0,0,0,,1.6,102.0,1.18,58.954,99.0,,16.1,,7211.0,5.1,139.0,,20.0,70.0,101.0,0,0,29.97,0,0,0,0,0,0,1,0,0,0,0,0,0,1,0,1,1
Bg4I,1,0,85.0,2.0,False,False,False,True,False,True,0,0,0,0,0,0,0,1,0,0,0,0,0,0,0,1,0,0,0,0,,,104.0,1.16,,100.0,,,,,4.9,142.0,,22.0,80.0,110.0,1,0,31.9779,0,1,0,0,1,0,1,1,0,0,0,0,0,1,1,1,1
Bw4I,0,0,89.0,0.0,True,False,False,False,False,False,0,1,0,0,0,0,1,1,1,1,1,1,1,1,1,0,1,0,0,0,,0.5,100.0,0.88,,158.0,10.1,12.4,9.72,1372.0,4.6,132.0,53.0,22.0,75.0,123.0,0,1,36.56,0,0,0,0,1,0,0,0,0,0,0,0,0,0,0,0,1
Bg5I,0,0,74.0,6.0,False,False,False,False,False,False,0,1,0,0,0,0,0,1,1,0,0,0,0,0,0,0,1,0,0,0,4.2,0.4,105.0,1.42,50.193,,,13.6,7.99,,4.4,139.0,,25.0,64.0,90.0,0,0,38.92,0,0,0,0,0,1,1,0,0,0,0,0,0,0,1,1,0
Bg6I,1,0,57.0,2.0,False,False,False,False,False,False,0,0,0,0,0,0,0,1,1,0,0,0,0,0,1,0,1,0,1,0,,,,,,,,,,,,,,,70.0,102.0,0,1,44.88,0,1,1,1,1,1,1,1,1,1,1,0,0,1,1,1,1
BA7I,1,0,63.0,1.0,False,False,False,False,False,False,0,0,1,0,0,0,0,0,0,0,0,0,0,0,0,0,0,0,0,0,4.0,0.5,105.0,0.73,81.8826,129.0,6.0,,,,3.8,141.0,,15.0,81.0,125.0,0,0,34.97,0,0,0,0,0,0,0,1,0,0,0,0,0,1,1,1,0
BA8I,1,1,69.0,0.0,False,False,False,True,False,False,0,1,0,0,0,0,1,1,0,1,0,1,1,0,0,0,1,0,0,0,3.7,0.4,102.0,1.3,55.9509,66.0,6.6,14.3,9.9,1061.0,5.7,140.0,35.0,24.0,70.0,138.0,0,0,37.64,0,0,0,0,0,0,0,0,0,0,0,0,0,0,0,0,0
BQ8I,0,0,77.0,0.0,False,False,False,False,False,False,0,0,0,0,0,0,0,1,1,1,1,1,1,0,0,0,1,0,0,0,,0.2,101.0,1.32,63.0,106.0,6.5,11.4,,31.0,4.6,133.0,,17.0,75.0,152.0,1,0,,1,0,0,0,0,0,0,0,0,0,0,0,0,1,0,1,1
Bg8I,1,0,62.0,0.0,True,False,False,False,False,False,0,1,0,1,0,0,1,1,1,1,1,1,0,1,0,0,1,0,1,0,4.1,0.7,105.0,0.93,73.1051,201.0,10.5,12.3,6.6,120.0,4.1,137.0,10.0,28.0,62.0,113.0,0,1,29.65,0,0,0,0,0,0,0,0,0,0,0,0,0,0,0,0,0
Bw8I,1,0,73.0,1.0,False,False,False,False,False,False,0,0,0,1,0,0,0,0,0,1,0,0,1,0,1,0,1,0,0,0,3.6,0.3,106.0,0.93,59.2617,95.0,4.8,8.8,6.8,2824.0,4.1,140.0,,23.0,84.0,130.0,0,0,34.19,0,0,0,0,0,0,0,0,0,0,0,0,0,0,0,1,0
BA9I,1,0,80.0,6.0,True,False,False,False,False,False,0,1,0,0,0,0,1,0,1,0,0,0,1,1,0,0,0,0,0,0,,,,,,,,,,,,,,,74.0,124.0,1,0,30.54,0,1,1,1,1,1,1,1,1,1,1,0,0,1,1,1,1
BQ9I,0,0,76.0,3.0,False,False,False,True,False,False,0,1,1,0,0,0,1,1,1,0,0,0,0,1,0,0,1,0,0,0,4.3,0.9,103.0,1.22,64.0,143.0,7.2,14.6,6.8,,5.0,140.0,,11.0,67.0,150.0,1,0,28.89,0,0,0,0,0,0,0,0,0,0,0,0,0,0,1,1,0
BA_I,1,0,65.0,0.0,False,False,False,False,False,False,0,0,0,0,1,0,1,1,0,0,1,1,0,1,0,0,1,0,0,0,4.2,0.8,104.0,1.83,35.7966,218.0,10.6,,,,5.7,137.0,,38.0,72.0,130.0,1,0,27.29,0,0,0,0,0,0,0,1,0,0,0,0,0,1,1,1,0
BQAJ,0,1,44.0,1.0,False,False,False,False,False,False,0,1,0,0,0,0,1,1,1,1,1,1,1,1,1,0,1,0,1,0,4.2,0.3,107.0,0.83,82.857,84.0,7.2,14.3,,367.0,4.7,147.0,,14.0,68.0,98.0,0,1,28.3,0,0,0,0,0,0,0,0,0,0,0,0,0,1,0,1,0
BgAJ,0,0,61.0,0.0,True,False,False,False,False,False,0,1,0,1,0,0,1,0,1,1,0,1,1,0,0,0,0,1,0,0,,1.1,101.0,1.84,26.3281,225.0,8.9,14.7,,848.0,5.0,139.0,,33.0,62.0,106.0,0,1,42.24,0,0,0,0,0,0,0,0,0,0,0,0,0,1,0,1,1
BABJ,0,0,60.0,0.0,False,False,False,False,False,False,0,1,0,0,0,0,0,0,1,1,0,1,0,1,0,0,1,1,0,0,,0.4,98.0,0.67,120.594,294.0,9.2,15.8,,1161.0,4.4,137.0,,11.0,90.0,203.0,1,0,31.7,0,0,0,0,0,0,0,0,0,0,0,0,0,1,0,1,1
BgBJ,0,0,65.0,6.0,True,False,False,False,False,False,0,1,0,0,0,0,0,1,1,0,0,0,0,0,1,0,1,0,0,0,,,,,,,,,,,,,,,82.0,117.0,0,1,26.06,0,1,1,1,1,1,1,1,1,1,1,0,0,1,1,1,1
BQCJ,0,0,67.0,0.0,False,False,False,False,False,False,0,0,0,0,0,0,0,1,1,0,0,1,0,1,1,0,1,0,1,0,,0.7,102.0,0.97,79.0,155.0,,16.3,,299.0,3.7,140.0,,16.0,62.0,149.0,0,0,,1,0,0,0,0,0,1,0,0,0,0,0,0,1,0,1,1
BQFJ,0,1,81.0,0.0,False,False,False,False,False,False,0,1,0,0,1,0,0,1,1,1,0,0,1,0,1,1,1,0,0,0,,1.1,101.0,1.34,53.0102,89.0,5.6,12.2,,2045.0,4.1,139.0,,31.0,55.0,99.0,0,1,32.87,0,0,0,0,0,0,0,0,0,0,0,0,0,1,0,1,1
BQGJ,0,0,73.0,3.0,True,False,False,False,False,False,0,1,1,0,0,0,0,1,1,0,0,0,0,0,0,0,0,0,0,0,4.4,0.6,102.0,0.86,86.6941,97.0,,15.2,6.1,,4.6,139.0,,15.0,71.0,140.0,0,1,24.41,0,0,0,0,0,0,1,0,0,0,0,0,0,0,1,1,0
BwGJ,0,0,62.0,0.0,False,False,False,False,False,False,0,1,0,1,0,0,1,0,1,1,0,1,0,1,0,0,1,0,0,0,3.5,0.3,102.0,0.96,78.6096,118.0,7.8,12.7,7.98,322.0,4.0,137.0,21.0,18.0,53.0,107.0,0,1,36.13,0,0,0,0,0,0,0,0,0,0,0,0,0,0,0,0,0
BAHJ,0,1,72.0,0.0,False,False,False,False,False,False,0,0,0,0,0,0,0,0,1,1,0,0,1,0,1,0,1,0,1,0,3.9,0.7,104.0,0.69,81.0553,79.0,,13.4,11.6,4402.0,4.3,140.0,11.0,13.0,65.0,136.0,1,0,25.7,0,0,0,0,0,0,1,0,0,0,0,0,0,0,0,0,0
BwHJ,0,0,87.0,3.0,True,False,False,False,False,False,0,1,0,0,0,0,0,1,1,0,0,0,0,0,0,0,1,0,0,0,4.1,0.5,,,,,,,,,,,,,60.0,110.0,0,1,28.34,0,0,1,1,1,1,1,1,1,1,1,0,0,1,1,1,0
BAIJ,1,0,87.0,5.0,False,False,True,False,False,False,0,0,0,0,0,0,0,0,1,0,0,0,0,0,0,0,1,0,0,0,4.4,0.7,0.1,1.7,41.7501,83.0,5.9,17.0,7.2,,0.0045,0.138,,,60.0,118.0,0,1,44.85,0,0,0,0,0,0,0,0,0,0,1,0,0,0,1,1,0
BgIJ,0,0,54.0,0.0,False,False,False,False,False,False,0,1,0,1,0,0,0,1,1,1,0,0,0,0,1,1,1,0,1,0,,0.3,104.0,1.32,38.5297,88.0,5.4,11.0,,1555.0,4.6,138.0,,22.0,60.0,135.0,0,1,29.42,0,0,0,0,0,0,0,0,0,0,0,0,0,1,0,1,1
BwIJ,0,0,56.0,0.0,False,False,False,False,False,False,0,0,0,0,0,0,0,1,1,0,0,0,1,0,1,0,1,0,0,0,,0.4,104.0,0.92,80.2028,76.0,,14.7,,,4.9,143.0,21.0,17.0,68.0,114.0,0,0,25.5557,0,0,0,0,0,0,1,0,0,0,0,0,0,1,1,0,1
BgJJ,1,0,79.0,5.0,False,False,False,False,False,True,0,0,0,0,0,0,0,1,0,1,0,0,0,0,0,0,1,0,0,0,4.3,0.3,101.0,0.98,80.3183,113.0,5.7,15.2,7.5,,4.5,139.0,,14.0,88.0,156.0,1,0,,1,0,0,0,0,0,0,0,0,0,0,0,0,0,1,1,0
BQKJ,0,0,66.0,1.0,False,False,False,False,False,False,0,1,0,0,0,0,0,1,1,1,0,0,0,0,1,0,1,0,0,0,,,103.0,1.16,65.8606,107.0,,16.7,,474.0,4.3,139.0,,20.0,86.0,122.0,0,1,36.91,0,1,0,0,0,0,1,0,0,0,0,0,0,1,0,1,1
BwKJ,0,0,68.0,4.0,False,False,False,False,False,False,0,0,0,0,0,0,0,1,1,0,0,0,0,0,1,0,0,0,0,0,4.3,0.4,0.1,1.2,58.2553,87.0,,13.4,5.9,,0.0044,0.138,,,62.0,110.0,0,1,29.19,0,0,0,0,0,0,1,0,0,0,1,0,0,0,1,1,0
BwLJ,0,1,87.0,5.0,True,False,False,False,False,False,0,0,0,0,0,0,0,1,1,0,0,0,1,0,0,1,1,0,0,0,,0.3,97.0,1.3,54.5748,91.0,6.7,15.4,,2117.0,4.2,140.0,39.0,39.0,56.0,114.0,1,0,36.18,0,0,0,0,0,0,0,0,0,0,0,0,0,1,0,0,1
BQMJ,1,0,43.0,1.0,False,False,False,False,False,False,1,1,0,0,0,0,1,1,0,1,0,0,1,0,1,0,1,1,0,0,4.4,0.5,103.0,0.85,92.2583,254.0,8.2,16.2,9.7,,4.5,136.0,,22.0,74.0,130.0,0,0,38.51,0,0,0,0,0,0,0,0,0,0,0,0,0,0,1,1,0
BwMJ,1,0,59.0,1.0,True,False,False,True,True,False,0,0,0,0,0,0,1,0,0,0,0,1,0,1,0,1,1,0,1,0,,,101.0,1.22,43.574,96.0,8.7,14.1,,2224.0,3.7,140.0,25.0,30.0,81.0,145.0,1,0,30.78,0,1,0,0,0,0,0,0,0,0,0,0,0,1,0,0,1
BANJ,0,0,60.0,3.0,False,False,False,False,False,False,0,1,0,1,0,0,0,1,0,1,1,0,0,1,0,0,1,0,0,0,4.6,0.6,95.0,0.87,87.2637,,7.3,14.5,7.7,,3.5,135.0,,16.0,78.0,134.0,0,0,28.13,0,0,0,0,0,1,0,0,0,0,0,0,0,0,1,1,0
BQPJ,0,0,69.0,3.0,True,False,False,False,False,False,0,1,0,0,1,0,1,1,1,0,1,1,1,1,1,0,1,0,0,0,4.0,0.6,101.0,1.05,51.373,284.0,8.3,11.1,5.3,636.0,4.5,136.0,,21.0,60.0,124.0,0,1,32.5,0,0,0,0,0,0,0,0,0,0,0,0,0,0,0,1,0
BARJ,0,0,59.0,0.0,False,False,False,False,False,False,0,0,0,0,0,0,1,1,1,1,0,1,0,0,0,1,0,0,0,0,,0.2,108.0,0.78,83.0,139.0,,8.4,,922.0,3.8,141.0,,15.0,71.0,180.0,0,1,47.6301,0,0,0,0,0,0,1,0,0,0,0,0,0,1,0,1,1
BQRJ,0,0,71.0,0.0,True,False,True,False,False,False,0,1,0,0,0,1,0,1,1,1,0,0,1,0,1,0,1,0,0,0,,0.8,104.0,1.1,75.0,142.0,5.6,15.4,,469.0,4.3,141.0,,13.0,85.0,116.0,0,1,29.53,0,0,0,0,0,0,0,0,0,0,0,0,0,1,0,1,1
BgRJ,0,0,31.0,0.0,True,False,False,False,False,False,1,0,0,0,0,0,1,1,1,1,0,1,0,1,1,0,1,0,0,0,3.2,,101.0,0.51,,107.0,6.5,7.9,7.6,,4.1,142.0,,10.0,63.0,145.0,0,1,31.16,0,1,0,0,1,0,0,0,0,0,0,0,0,0,1,1,0
BASJ,0,0,74.0,4.0,False,False,False,False,False,False,0,1,1,1,0,0,1,0,1,1,0,1,1,1,0,0,1,0,0,0,4.2,0.8,106.0,0.98,75.6151,98.0,5.0,7.6,,272.0,3.7,139.0,,19.0,53.0,101.0,1,0,36.29,0,0,0,0,0,0,0,0,0,0,0,0,0,1,0,1,0
BwSJ,0,0,67.0,2.0,True,False,False,False,False,False,0,1,0,0,1,1,0,0,1,0,0,0,1,0,0,0,0,0,0,0,,,,,,,,,,,,,,,84.0,138.0,0,0,39.42,0,1,1,1,1,1,1,1,1,1,1,0,0,1,1,1,1
BgTJ,0,0,49.0,0.0,False,False,False,True,True,False,0,1,0,0,0,0,0,1,1,1,0,0,0,0,1,0,0,0,0,0,,,101.0,1.06,83.0,107.0,,16.1,,,3.8,137.0,,19.0,68.0,104.0,0,1,24.41,0,1,0,0,0,0,1,0,0,0,0,0,0,1,1,1,1
BAVJ,0,0,78.0,6.0,False,False,True,False,False,False,0,1,0,0,0,0,1,0,0,0,0,0,0,0,1,0,0,0,0,0,,0.5,105.0,1.1,51.1955,211.0,,13.2,,,4.7,142.0,10.0,9.0,76.0,156.0,0,1,18.07,0,0,0,0,0,0,1,0,0,0,0,0,0,1,1,0,1
BQVJ,0,0,80.0,0.0,True,False,False,False,False,False,0,0,0,0,0,0,0,1,1,0,0,0,1,0,1,0,0,0,0,0,,0.8,99.0,1.63,50.1038,108.0,,14.7,,2725.0,4.1,139.0,34.0,16.0,99.0,154.0,0,1,24.15,0,0,0,0,0,0,1,0,0,0,0,0,0,1,0,0,1
BgVJ,0,0,69.0,0.0,False,True,False,False,False,False,0,0,0,0,0,0,0,0,1,1,1,1,1,1,0,0,1,0,0,0,,1.1,104.0,0.89,90.8515,135.0,,15.7,,891.0,4.2,138.0,,22.0,91.0,121.0,0,1,36.34,0,0,0,0,0,0,1,0,0,0,0,0,0,1,0,1,1
BAWJ,0,0,61.0,3.0,False,False,False,False,False,False,1,1,0,0,0,0,0,1,1,1,0,0,0,0,0,0,1,0,0,0,,0.6,102.0,1.03,83.0,96.0,,15.0,,,5.1,136.0,,13.0,71.0,136.0,0,1,27.77,0,0,0,0,0,0,1,0,0,0,0,0,0,1,1,1,1
BAXJ,0,0,70.0,5.0,False,False,False,False,False,True,0,0,0,0,1,0,1,1,1,1,1,0,0,1,0,0,1,0,1,0,4.5,0.6,102.0,1.09,65.7722,127.0,6.8,14.6,5.5,,4.6,140.0,,17.0,78.0,158.0,1,0,25.49,0,0,0,0,0,0,0,0,0,0,0,0,0,0,1,1,0
BgXJ,0,0,63.0,5.0,False,False,False,False,False,False,0,1,0,1,0,0,0,0,1,1,0,1,1,0,0,0,1,0,0,0,,0.3,96.0,1.05,73.3317,163.0,5.0,11.8,,53.0,3.9,137.0,20.0,25.0,57.0,99.0,1,0,49.48,0,0,0,0,0,0,0,0,0,0,0,0,0,1,0,0,1
BAZJ,1,0,58.0,1.0,False,False,False,False,False,False,0,0,0,1,0,0,0,1,1,1,0,1,1,1,0,0,1,1,0,0,,,,,,,,,,,,,,,74.0,118.0,1,0,33.05,0,1,1,1,1,1,1,1,1,1,1,0,0,1,1,1,1
BAaJ,0,0,78.0,1.0,True,False,False,False,False,False,0,1,0,0,0,1,0,1,1,1,0,0,0,0,1,1,1,0,0,0,,0.7,107.0,0.87,106.0821,139.0,4.8,11.5,,,3.8,142.0,,14.0,75.0,111.0,0,1,21.13,0,0,0,0,0,0,0,0,0,0,0,0,0,1,1,1,1
BAbJ,0,1,66.0,2.0,True,False,False,False,False,False,0,1,0,0,0,0,0,1,1,0,0,0,1,0,1,0,1,0,0,0,,0.4,96.0,0.96,55.1059,114.0,6.4,13.4,,7757.0,4.9,135.0,21.0,14.0,76.0,126.0,0,1,25.55,0,0,0,0,0,0,0,0,0,0,0,0,0,1,0,0,1
BwbJ,0,0,77.0,0.0,False,False,False,False,False,False,0,0,0,0,0,0,0,1,1,0,0,0,0,0,0,0,1,0,0,0,,0.3,103.0,1.46,46.8185,82.0,,14.5,,,4.0,138.0,13.0,31.0,55.0,117.0,1,0,23.09,0,0,0,0,0,0,1,0,0,0,0,0,0,1,1,0,1
BgcJ,0,1,56.0,0.0,False,False,False,False,False,False,0,0,0,0,0,0,0,1,1,1,0,0,1,0,0,0,0,0,0,0,,0.6,104.0,2.01,38.0,107.0,5.4,13.0,,13945.0,4.9,140.0,,50.0,79.0,120.0,0,1,36.77,0,0,0,0,0,0,0,0,0,0,0,0,0,1,0,1,1
BwcJ,0,1,81.0,6.0,False,False,False,False,False,False,0,1,0,0,0,0,1,0,1,0,0,1,1,0,1,0,1,0,0,0,4.1,0.3,101.0,0.95,80.0,281.0,10.0,14.9,6.7,,4.3,139.0,,24.0,71.0,151.0,0,0,24.53,0,0,0,0,0,0,0,0,0,0,0,0,0,0,1,1,0
BAeJ,0,1,57.0,0.0,True,False,False,False,False,False,0,1,0,0,0,0,0,1,1,0,0,0,0,1,0,0,1,1,0,1,,,,,,,,,,,,,,,60.0,130.0,0,1,29.44,0,1,1,1,1,1,1,1,1,1,1,0,0,1,1,1,1
BwfJ,0,1,71.0,0.0,False,False,False,False,False,False,0,1,0,0,0,0,0,1,1,1,0,0,1,0,1,0,1,0,0,0,4.2,0.6,102.0,0.79,96.9664,108.0,5.8,13.9,,1174.0,4.0,137.0,53.0,29.0,55.0,99.0,0,1,28.7,0,0,0,0,0,0,0,0,0,0,0,0,0,1,0,0,0
BwhJ,0,0,85.0,2.0,False,False,True,False,False,False,0,1,0,0,0,0,0,1,1,0,0,0,1,0,1,0,0,0,1,0,,1.5,103.0,1.12,85.174,114.0,4.8,14.8,,2086.0,4.1,136.0,,18.0,65.0,109.0,0,0,25.88,0,0,0,0,0,0,0,0,0,0,0,0,0,1,0,1,1
BAjJ,1,0,66.0,1.0,False,False,False,False,False,False,0,0,0,0,0,0,0,0,0,0,0,0,0,1,0,0,1,0,0,0,,,,,,,,,,,,,,,87.0,138.0,0,0,47.24,0,1,1,1,1,1,1,1,1,1,1,0,0,1,1,1,1
BgjJ,1,0,83.0,2.0,True,False,False,False,False,False,0,0,0,0,0,0,0,0,0,0,1,0,0,1,0,0,0,0,0,0,,,,,,,,,,,,,,,90.0,134.0,0,0,41.5,0,1,1,1,1,1,1,1,1,1,1,0,0,1,1,1,1
BwjJ,0,0,66.0,0.0,True,False,False,False,False,False,0,1,0,0,0,0,0,1,1,0,0,0,1,0,1,0,1,0,0,0,,0.3,103.0,1.48,52.0,105.0,6.5,14.5,,417.0,4.4,138.0,,28.0,56.0,117.0,0,1,43.79,0,0,0,0,0,0,0,0,0,0,0,0,0,1,0,1,1
BQkJ,0,0,80.0,0.0,False,False,True,False,False,False,0,1,0,0,0,0,0,1,1,1,0,0,0,0,1,0,1,0,1,0,,0.4,106.0,0.82,92.6171,111.0,5.1,12.8,,416.0,4.8,139.0,,13.0,57.0,102.0,0,1,22.41,0,0,0,0,0,0,0,0,0,0,0,0,0,1,0,1,1
BQlJ,1,0,76.0,2.0,True,False,False,False,False,False,1,0,0,0,0,0,0,1,0,0,0,0,0,0,1,0,1,0,0,0,4.4,0.6,104.0,0.84,65.9202,104.0,5.4,13.4,7.9,,4.4,143.0,,18.0,80.0,138.0,1,0,47.39,0,0,0,0,0,0,0,0,0,0,0,0,0,0,1,1,0
BwlJ,1,0,79.0,4.0,False,False,False,True,False,False,0,1,0,0,0,0,1,1,1,1,0,0,1,1,0,0,1,0,0,0,4.4,0.5,0.096,1.11,65.1174,154.0,7.6,14.6,6.5,,0.0038,0.135,,,78.0,140.0,0,0,38.74,0,0,0,0,0,0,0,0,0,0,1,0,0,0,1,1,0
BAmJ,0,1,59.0,5.0,False,False,False,True,False,True,0,1,0,1,1,0,1,1,1,1,0,1,1,1,1,0,1,0,1,0,,0.3,97.0,0.77,71.4172,158.0,5.9,10.8,,1707.0,4.5,139.0,,45.0,71.0,126.0,1,0,18.37,0,0,0,0,0,0,0,0,0,0,0,0,0,1,0,1,1
BQoJ,0,0,62.0,2.0,False,False,False,False,False,False,0,1,0,0,0,0,0,0,1,0,0,0,1,0,0,0,0,0,0,0,,,,,,,,,,,,,,,82.0,145.0,0,0,30.12,0,1,1,1,1,1,1,1,1,1,1,0,0,1,1,1,1
BApJ,0,0,72.0,0.0,True,False,False,False,False,False,1,1,0,0,0,0,0,0,1,1,0,0,0,0,1,0,0,0,0,0,4.4,0.6,100.0,1.2,62.4051,83.0,,19.0,,91.0,4.8,139.0,,15.0,59.0,86.0,0,1,33.12,0,0,0,0,0,0,1,0,0,0,0,0,0,1,0,1,0
BgqJ,0,0,55.0,0.0,False,False,False,True,True,False,0,1,0,0,0,0,0,1,1,1,0,1,1,0,1,0,1,0,1,0,,1.6,104.0,0.98,91.0,94.0,4.9,11.4,,4280.0,4.1,141.0,,32.0,60.0,95.0,0,1,25.22,0,0,0,0,0,0,0,0,0,0,0,0,0,1,0,1,1
BwqJ,0,0,82.0,0.0,False,False,False,False,False,False,0,0,0,0,0,0,1,0,0,1,0,0,0,1,0,0,0,1,0,0,,,,,,,,,,,,,,,66.0,124.0,0,0,29.69,0,1,1,1,1,1,1,1,1,1,1,0,0,1,1,1,1
BArJ,1,1,70.0,0.0,False,False,False,False,False,False,0,1,0,1,1,0,1,1,1,0,0,1,1,1,1,0,1,0,1,0,,0.4,98.0,0.83,93.8786,172.0,9.7,9.8,,10760.0,4.1,132.0,,21.0,58.0,96.0,0,0,30.28,0,0,0,0,0,0,0,0,0,0,0,0,0,1,0,1,1
BwrJ,0,0,66.0,2.0,True,False,False,True,True,False,0,0,0,0,0,0,0,1,1,0,1,0,1,1,0,1,0,0,0,0,,,,,,,,,,,,,,,72.0,114.0,1,0,34.5,0,1,1,1,1,1,1,1,1,1,1,0,0,1,1,1,1
BQsJ,1,0,76.0,2.0,False,False,False,False,False,False,0,0,0,0,0,0,0,0,0,0,0,0,0,1,0,0,1,0,0,0,,,,,,,,,,,,,,,82.0,124.0,1,0,49.95,0,1,1,1,1,1,1,1,1,1,1,0,0,1,1,1,1
BgsJ,0,0,85.0,3.0,True,False,False,False,False,False,0,1,0,0,0,0,0,1,1,1,0,0,0,0,0,0,1,0,0,0,3.7,0.4,106.0,0.98,,,,,,186.9,4.9,140.0,,22.0,66.0,112.0,0,0,28.41,0,0,0,0,1,1,1,1,0,0,0,0,0,1,0,1,0
BAuJ,0,0,80.0,0.0,False,False,False,False,False,True,0,1,0,0,0,0,0,1,1,0,0,0,0,0,1,0,1,0,1,0,,0.3,108.0,0.82,96.1643,105.0,5.5,14.0,,,3.7,141.0,306.0,10.0,87.0,145.0,0,1,28.17,0,0,0,0,0,0,0,0,0,0,0,0,0,1,1,0,1
BQuJ,0,0,75.0,4.0,False,False,False,False,False,False,0,1,0,0,0,0,0,0,0,0,0,0,0,0,0,1,0,0,0,0,,,,,,,,,,,,,,,70.0,108.0,0,1,31.58,0,1,1,1,1,1,1,1,1,1,1,0,0,1,1,1,1
BQvJ,0,0,72.0,0.0,False,False,False,False,True,False,0,0,0,0,0,0,1,1,1,1,0,1,1,1,0,0,1,0,0,0,4.3,0.8,99.0,1.35,38.1269,151.0,7.0,12.2,9.0,2341.0,4.1,140.0,16.0,18.0,70.0,104.0,0,0,29.48,0,0,0,0,0,0,0,0,0,0,0,0,0,0,0,0,0
BwvJ,0,0,85.0,0.0,True,False,False,False,False,False,0,1,0,1,0,0,0,1,1,1,0,1,1,0,1,0,1,0,1,0,,0.4,102.0,0.96,74.6223,251.0,8.3,9.4,,26380.0,4.1,144.0,449.0,29.0,46.0,112.0,0,1,22.89,0,0,0,0,0,0,0,0,0,0,0,0,0,1,0,0,1
BAwJ,0,1,80.0,3.0,False,False,False,False,False,False,0,0,0,0,0,0,0,0,0,0,0,0,0,0,0,0,0,0,0,0,,,,,,,,,,,,,,,80.0,120.0,0,0,31.17,0,1,1,1,1,1,1,1,1,1,1,0,0,1,1,1,1
BgwJ,0,0,64.0,5.0,True,False,False,True,False,True,0,1,0,0,0,0,0,1,1,0,0,0,0,0,0,0,0,0,0,0,4.2,1.1,105.0,1.53,44.4733,124.0,,15.0,,,5.2,139.0,,36.0,77.0,127.0,0,0,30.85,0,0,0,0,0,0,1,0,0,0,0,0,0,1,1,1,0
BQxJ,0,0,38.0,0.0,False,False,False,False,False,True,0,0,0,0,0,0,0,1,1,1,0,1,0,1,0,0,1,1,1,0,,,105.0,0.77,75.7121,129.0,,11.1,,,4.1,143.0,,15.0,80.0,133.0,0,1,24.52,0,1,0,0,0,0,1,0,0,0,0,0,0,1,1,1,1
BQyJ,0,0,62.0,1.0,True,False,False,False,False,False,0,1,0,0,0,0,0,1,0,0,0,0,0,0,0,0,0,0,0,0,4.3,0.5,105.0,1.49,45.041,95.0,,,,,5.2,139.0,,34.0,60.0,116.0,1,0,22.09,0,0,0,0,0,0,1,1,0,0,0,0,0,1,1,1,0
BgyJ,0,0,78.0,0.0,False,False,False,False,False,False,0,1,1,1,0,0,0,1,0,1,0,0,0,0,0,0,0,0,0,0,4.6,1.0,100.0,0.85,88.3556,105.0,,13.0,7.5,,5.1,138.0,,26.0,70.0,146.0,0,1,30.07,0,0,0,0,0,0,1,0,0,0,0,0,0,0,1,1,0
BwyJ,0,0,59.0,0.0,False,False,False,False,False,False,0,0,0,0,0,0,0,1,0,1,0,0,0,0,0,1,1,0,1,0,4.5,0.8,98.0,0.53,113.0767,100.0,,13.0,5.6,,,135.0,,4.0,69.0,113.0,1,0,22.86,0,0,0,0,0,0,1,0,1,0,0,0,0,0,1,1,0
BQzJ,0,0,74.0,5.0,False,False,False,True,False,False,0,1,0,0,0,0,0,1,1,0,0,0,1,1,1,0,1,0,0,0,,,,,,,,,,,,,,,73.0,115.0,0,0,30.53,0,1,1,1,1,1,1,1,1,1,1,0,0,1,1,1,1
Bg3J,0,1,49.0,1.0,False,False,False,False,False,False,1,1,0,0,0,0,0,1,1,0,0,1,1,0,1,0,1,0,1,0,,0.5,104.0,0.88,99.1937,100.0,5.8,8.4,,1191.0,4.0,137.0,14.0,28.0,70.0,121.0,0,1,28.98,0,0,0,0,0,0,0,0,0,0,0,0,0,1,0,0,1
BQ4J,1,1,56.0,5.0,True,False,False,False,False,False,0,0,0,0,0,0,0,0,0,0,0,0,0,0,0,0,0,0,0,0,4.7,0.4,0.103,0.71,80.4703,112.0,,,,,0.0044,0.142,,,86.0,148.0,1,0,48.7,0,0,0,0,0,0,1,1,0,0,1,0,0,1,1,1,0
BA5J,0,0,51.0,0.0,False,False,False,False,False,True,0,1,0,0,0,0,0,1,1,1,0,0,0,0,0,0,1,0,0,0,,,103.0,0.93,98.8303,105.0,,13.7,,,4.1,141.0,,12.0,83.0,151.0,0,1,30.77,0,1,0,0,0,0,1,0,0,0,0,0,0,1,1,1,1
Bw6J,1,0,76.0,1.0,True,False,False,False,False,False,0,1,0,0,1,0,1,0,1,0,0,1,1,0,0,1,1,0,0,0,,0.4,100.0,2.29,28.1536,160.0,5.7,8.7,,9201.0,3.9,141.0,,32.0,66.0,141.0,0,0,27.79,0,0,0,0,0,0,0,0,0,0,0,0,0,1,0,1,1
Bg7J,0,0,63.0,3.0,False,False,False,False,False,False,0,1,0,0,0,0,0,1,1,1,0,0,0,0,1,0,1,0,0,0,,1.2,105.0,0.92,85.4148,87.0,5.2,15.0,,478.0,4.3,140.0,,21.0,61.0,102.0,0,1,24.56,0,0,0,0,0,0,0,0,0,0,0,0,0,1,0,1,1
Bw7J,0,1,81.0,5.0,True,False,False,False,False,False,0,0,0,0,0,0,0,1,1,1,0,0,1,0,1,0,1,0,0,0,,1.6,97.0,1.21,64.0,107.0,5.2,12.8,,2977.0,4.2,138.0,,30.0,54.0,91.0,0,1,,1,0,0,0,0,0,0,0,0,0,0,0,0,1,0,1,1
BQ8J,0,0,79.0,5.0,False,False,False,True,True,False,1,0,0,0,0,0,1,1,1,1,0,1,0,1,0,1,1,1,0,0,,0.5,100.0,0.73,75.4128,48.0,8.8,12.8,,1560.0,4.2,137.0,28.0,24.0,79.0,143.0,1,0,22.39,0,0,0,0,0,0,0,0,0,0,0,0,0,1,0,0,1
Bg8J,1,1,55.0,0.0,False,False,False,False,False,False,0,1,0,0,0,0,1,1,1,0,0,1,1,1,0,0,1,0,0,0,,,101.0,0.82,,293.0,10.5,13.0,,112.0,4.6,138.0,,18.0,75.0,175.0,1,0,29.69,0,1,0,0,1,0,0,0,0,0,0,0,0,1,0,1,1
Bw8J,0,0,,,True,False,False,False,False,False,0,1,0,1,0,0,0,1,1,1,0,0,1,0,1,0,1,0,0,0,4.3,0.5,93.0,1.1,50.0058,117.0,,12.3,7.3,,4.7,142.0,,30.0,60.0,113.0,1,0,41.6,0,0,0,0,0,0,1,0,0,0,0,0,0,0,1,1,0
Bw9J,0,0,81.0,0.0,True,False,False,False,False,False,0,1,0,0,0,0,0,1,1,0,0,0,0,0,1,0,1,0,0,0,,0.7,111.0,0.71,111.3434,130.0,5.5,14.1,,180.0,4.0,142.0,9.0,25.0,73.0,134.0,0,1,30.85,0,0,0,0,0,0,0,0,0,0,0,0,0,1,0,0,1
Bg_J,0,1,44.0,1.0,False,False,False,False,False,False,0,1,0,0,0,0,0,1,1,1,0,0,0,0,0,0,1,0,0,0,4.5,0.4,106.0,0.98,55.7864,125.0,,12.9,8.4,,5.0,143.0,,18.0,83.0,137.0,0,0,26.77,0,0,0,0,0,0,1,0,0,0,0,0,0,0,1,1,0
Bw#J,0,0,52.0,0.0,False,False,False,False,False,False,0,1,0,0,0,0,0,1,1,0,0,0,1,0,0,0,0,0,1,0,,0.4,105.0,0.41,148.5201,111.0,,9.9,,2343.0,3.3,141.0,27.0,6.0,76.0,126.0,0,1,24.37,0,0,0,0,0,0,1,0,0,0,0,0,0,1,0,0,1
BQAK,0,1,63.0,2.0,True,False,False,False,False,False,0,0,0,0,0,0,0,1,1,1,0,0,1,0,1,0,1,0,0,0,,0.4,104.0,0.99,,121.0,,14.1,,6614.0,4.2,137.0,8.0,23.0,64.0,92.0,0,0,29.24,0,0,0,0,1,0,1,0,0,0,0,0,0,1,0,0,1
BwAK,0,0,73.0,0.0,False,False,False,False,False,False,0,0,0,0,0,0,0,1,1,0,0,0,0,0,1,0,1,0,0,0,,,,,,,,,,,,,,,72.0,137.0,0,1,24.37,0,1,1,1,1,1,1,1,1,1,1,0,0,1,1,1,1
BQBK,0,0,70.0,0.0,True,False,True,False,False,False,0,0,0,0,0,0,0,1,1,1,0,0,0,0,1,0,1,0,1,0,,0.8,102.0,1.12,64.0894,89.0,5.7,13.2,,,4.3,138.0,20.0,25.0,85.0,136.0,0,1,38.34,0,0,0,0,0,0,0,0,0,0,0,0,0,1,1,0,1
BwBK,1,0,79.0,1.0,True,False,False,False,False,False,0,0,0,0,0,0,1,0,0,1,0,0,1,0,0,0,1,0,0,0,3.7,0.6,0.1,1.29,,138.0,6.1,,,,0.0047,0.14,,,64.0,126.0,1,0,33.22,0,0,0,0,1,0,0,1,0,0,1,0,0,1,1,1,0
BACK,0,0,76.0,0.0,False,False,False,False,False,False,0,0,0,0,0,0,0,1,1,0,0,1,1,1,0,0,1,0,0,0,,0.8,101.0,0.74,105.1829,173.0,8.1,13.2,,3635.0,4.4,139.0,21.0,22.0,87.0,160.0,0,1,39.94,0,0,0,0,0,0,0,0,0,0,0,0,0,1,0,0,1
BwDK,0,0,,,False,False,False,False,False,False,0,1,0,0,0,0,0,0,1,0,0,0,0,0,1,0,1,0,0,0,,0.7,104.0,1.21,57.5548,199.0,6.0,11.9,,453.0,4.6,138.0,934.0,17.0,67.0,121.0,0,1,27.13,0,0,0,0,0,0,0,0,0,0,0,0,0,1,0,0,1
BQGK,0,0,,,True,False,False,False,False,False,0,0,0,0,0,0,0,1,1,0,0,0,0,0,1,0,0,0,0,0,,,,,,,,,,,,,,,72.0,112.0,0,1,32.55,0,1,1,1,1,1,1,1,1,1,1,0,0,1,1,1,1
BgGK,0,0,68.0,2.0,True,False,False,False,False,False,0,0,0,0,0,0,0,1,1,1,0,0,0,0,0,0,1,0,0,0,,,,,,,,,,,,,,,68.0,152.0,1,0,24.21,0,1,1,1,1,1,1,1,1,1,1,0,0,1,1,1,1
BwGK,0,0,74.0,3.0,False,False,False,False,False,False,0,1,0,0,0,0,0,1,1,0,0,0,0,0,0,0,0,0,0,0,,,,,,,,,,,,,,,94.0,148.0,0,0,30.34,0,1,1,1,1,1,1,1,1,1,1,0,0,1,1,1,1
BAIK,0,0,85.0,0.0,False,False,False,False,False,False,0,1,0,0,0,0,0,0,1,0,0,0,1,1,1,0,1,0,1,0,,0.6,100.0,1.73,38.8042,195.0,6.3,9.4,,,3.6,135.0,,99.0,79.0,117.0,1,0,35.56,0,0,0,0,0,0,0,0,0,0,0,0,0,1,1,1,1
BQIK,0,0,69.0,0.0,False,False,False,True,False,True,0,0,0,0,0,1,0,1,1,1,0,0,1,0,1,0,1,0,0,0,,0.3,102.0,0.62,99.0,125.0,5.7,14.3,,1111.0,3.9,139.0,,25.0,53.0,107.0,0,0,44.78,0,0,0,0,0,0,0,0,0,0,0,0,0,1,0,1,1
BAJK,0,1,65.0,0.0,False,False,True,False,False,False,0,0,0,0,0,0,0,0,0,1,0,1,1,1,0,0,0,0,0,0,,0.8,97.0,1.13,62.1271,162.0,,17.8,,,4.7,139.0,,21.0,77.0,141.0,0,0,32.11,0,0,0,0,0,0,1,0,0,0,0,0,0,1,1,1,1
BgKK,0,0,68.0,0.0,False,False,False,False,False,False,0,0,0,0,0,0,0,1,1,0,0,0,0,0,0,0,1,0,1,0,,0.6,104.0,1.8,41.0064,81.0,,13.0,,1447.0,4.8,139.0,26.0,37.0,101.0,157.0,1,0,37.44,0,0,0,0,0,0,1,0,0,0,0,0,0,1,0,0,1
BwNK,1,0,60.0,3.0,True,False,False,False,False,False,0,0,0,0,0,0,0,0,1,0,0,0,0,0,0,0,1,0,0,0,,,,,,,,,,,,,,,79.0,119.0,1,0,31.82,0,1,1,1,1,1,1,1,1,1,1,0,0,1,1,1,1
BQOK,0,0,67.0,6.0,False,False,False,False,False,False,0,0,0,0,0,0,0,1,1,0,0,0,1,0,0,0,1,0,0,0,,,98.0,1.17,64.0288,99.0,,12.9,,,4.7,137.0,,28.0,70.0,128.0,0,0,34.54,0,1,0,0,0,0,1,0,0,0,0,0,0,1,1,1,1
BgOK,1,0,56.0,0.0,False,False,True,False,False,False,0,0,0,0,0,0,0,1,1,0,0,0,1,1,0,1,1,1,0,0,,,,,,,,,,,,,,,,,1,0,,1,1,1,1,1,1,1,1,1,1,1,1,1,1,1,1,1
BAPK,1,0,44.0,0.0,False,False,False,False,False,False,0,1,0,0,0,0,1,1,0,0,0,0,0,1,0,0,1,0,0,0,,,,,,,,,,,,,,,60.0,100.0,1,0,28.23,0,1,1,1,1,1,1,1,1,1,1,0,0,1,1,1,1
BQQK,0,0,69.0,2.0,False,False,False,False,False,False,1,1,0,0,0,0,0,1,1,1,0,0,0,0,1,1,1,0,0,0,,0.7,104.0,1.42,48.3437,96.0,5.6,12.7,,6943.0,4.2,135.0,,19.0,72.0,150.0,1,0,34.29,0,0,0,0,0,0,0,0,0,0,0,0,0,1,0,1,1
BgRK,0,0,64.0,0.0,True,False,False,False,False,False,0,0,1,0,0,0,1,0,1,0,0,1,1,0,0,0,0,0,1,0,,26.0,96.0,0.73,86.6057,115.0,9.9,12.9,,144.0,3.8,129.0,,9.0,72.0,108.0,0,0,26.56,0,0,0,0,0,0,0,0,0,0,0,0,0,1,0,1,1
BwRK,0,0,69.0,3.0,True,False,False,False,False,False,0,0,0,0,0,0,1,0,1,1,0,1,0,1,0,0,1,0,0,0,,0.3,102.0,0.58,88.0,163.0,,11.6,,112.0,4.5,138.0,,12.0,64.0,124.0,1,0,17.7,0,0,0,0,0,0,1,0,0,0,0,0,0,1,0,1,1
BgSK,0,0,59.0,0.0,True,False,False,False,False,False,0,1,0,0,0,0,0,1,1,0,0,0,0,0,1,1,1,0,0,0,4.5,0.2,102.0,0.9,84.9548,120.0,5.8,10.9,6.0,862.0,4.6,139.0,55.0,25.0,69.0,109.0,0,0,26.74,0,0,0,0,0,0,0,0,0,0,0,0,0,0,0,0,0
BAVK,0,1,82.0,2.0,False,True,False,False,False,False,0,1,0,1,0,0,0,1,1,1,1,0,0,0,1,0,1,0,1,0,,0.2,103.0,0.92,60.1763,90.0,5.4,10.3,,,4.7,136.0,26.0,19.0,59.0,97.0,0,0,26.99,0,0,0,0,0,0,0,0,0,0,0,0,0,1,1,0,1
BQVK,0,0,79.0,0.0,False,False,False,True,False,False,0,1,0,1,0,0,0,1,0,0,0,0,1,0,0,0,0,0,1,0,4.4,0.5,93.0,0.54,108.9034,121.0,,,,,4.2,137.0,,16.0,60.0,116.0,0,1,23.99,0,0,0,0,0,0,1,1,0,0,0,0,0,1,1,1,0
BgVK,0,0,77.0,1.0,False,False,False,False,False,True,0,0,0,0,1,0,0,1,1,0,0,0,0,0,0,0,0,0,0,0,,,,,,,,,,,,,,,,,0,1,21.25,0,1,1,1,1,1,1,1,1,1,1,1,1,1,1,1,1
BwVK,0,0,49.0,0.0,True,False,True,False,False,False,0,1,0,0,1,0,0,1,1,0,0,0,0,0,0,0,1,0,0,0,,0.3,103.0,1.49,45.7323,95.0,5.4,9.6,6.39,,4.3,138.0,,35.0,59.0,114.0,0,1,27.65,0,0,0,0,0,0,0,0,0,0,0,0,0,0,1,1,1
BAWK,0,1,68.0,2.0,False,False,False,False,False,False,0,0,0,0,0,0,1,0,1,0,0,0,1,0,0,0,1,0,0,0,,,96.0,0.7,78.9712,208.0,,12.2,10.3,,4.6,137.0,,17.0,69.0,128.0,1,0,24.55,0,1,0,0,0,0,1,0,0,0,0,0,0,0,1,1,1
BgYK,0,0,69.0,0.0,False,False,False,False,False,False,0,1,0,0,1,1,1,1,1,1,1,1,0,1,0,1,1,1,0,0,,0.3,103.0,1.57,50.5271,202.0,11.4,12.0,,1115.0,4.1,140.0,77.0,37.0,89.0,164.0,0,0,41.12,0,0,0,0,0,0,0,0,0,0,0,0,0,1,0,0,1
BwZK,0,0,75.0,1.0,False,False,False,False,False,False,0,1,0,0,0,0,0,1,1,0,0,0,1,0,1,0,1,0,0,0,,0.5,107.0,0.76,74.19,103.0,6.2,9.7,,20798.0,4.0,143.0,,18.0,58.0,94.0,0,1,22.98,0,0,0,0,0,0,0,0,0,0,0,0,0,1,0,1,1
BQaK,0,0,81.0,4.0,False,False,False,False,False,False,0,1,0,0,1,0,1,0,0,0,0,1,0,0,0,0,1,0,0,0,,,104.0,1.3,48.0,122.0,,11.8,,,4.7,138.0,,26.0,82.0,162.0,0,0,,1,1,0,0,0,0,1,0,0,0,0,0,0,1,1,1,1
BgaK,0,0,58.0,0.0,False,False,False,False,False,False,0,0,0,0,0,1,0,1,1,1,0,0,0,0,0,0,1,0,0,0,,0.4,103.0,0.86,81.0,91.0,4.9,8.8,,,4.1,138.0,,9.0,74.0,115.0,0,1,24.89,0,0,0,0,0,0,0,0,0,0,0,0,0,1,1,1,1
BwbK,0,0,84.0,0.0,True,False,False,False,False,False,0,0,0,0,0,0,0,1,1,0,0,0,1,0,0,0,0,0,0,0,4.4,1.0,106.0,1.32,,,,16.1,7.83,2335.0,4.1,141.0,,23.0,,,0,0,,1,0,0,0,1,1,1,0,0,0,0,1,1,0,0,1,0
BQcK,0,0,80.0,0.0,False,False,False,True,False,False,1,1,0,1,0,0,0,0,1,0,0,0,1,0,1,0,1,0,1,0,,0.3,102.0,0.79,69.0044,91.0,5.9,12.5,,1004.0,4.9,135.0,191.0,11.0,68.0,101.0,0,1,27.7,0,0,0,0,0,0,0,0,0,0,0,0,0,1,0,0,1
BwcK,1,0,70.0,0.0,False,False,False,False,False,False,0,1,0,0,0,0,0,0,1,0,0,0,1,0,1,0,0,0,1,0,,0.4,90.0,0.84,78.9665,127.0,,14.2,,177.0,3.4,132.0,12.0,21.0,90.0,138.0,1,0,29.45,0,0,0,0,0,0,1,0,0,0,0,0,0,1,0,0,1
BgdK,0,0,72.0,3.0,True,False,False,False,False,False,0,1,0,0,1,0,0,1,1,1,0,0,1,0,1,0,1,0,0,0,4.7,0.4,100.0,1.49,62.6851,110.0,6.3,13.2,,770.0,4.4,140.0,,26.0,70.0,92.0,0,1,34.31,0,0,0,0,0,0,0,0,0,0,0,0,0,1,0,1,0
BwdK,1,0,77.0,0.0,True,False,True,False,False,False,0,0,0,0,0,0,0,0,0,0,0,0,0,0,0,0,0,0,0,0,3.9,0.3,93.0,0.72,107.6145,,6.2,15.2,7.7,,4.1,133.0,,29.0,74.0,121.0,0,1,48.2364,0,0,0,0,0,1,0,0,0,0,0,0,0,0,1,1,0
BweK,1,0,70.0,2.0,False,False,False,False,False,False,0,0,0,0,0,0,1,1,1,0,1,0,1,0,1,0,1,0,1,0,3.9,0.2,98.0,0.62,,269.0,7.4,12.1,10.7,31.0,4.9,137.0,,35.0,70.0,104.0,0,0,34.17,0,0,0,0,1,0,0,0,0,0,0,0,0,0,0,1,0
BAhK,1,0,49.0,0.0,True,False,True,False,False,False,0,1,0,0,0,0,0,1,1,1,0,0,0,0,0,0,1,0,0,0,4.0,0.4,106.0,0.96,60.12,95.0,5.6,11.1,,,4.8,141.0,31.0,12.0,82.0,131.0,0,0,37.79,0,0,0,0,0,0,0,0,0,0,0,0,0,1,1,0,0
BQhK,1,1,68.0,6.0,False,False,False,False,False,False,0,1,1,1,0,1,1,0,1,1,0,1,1,0,1,0,1,0,1,0,,1.3,98.0,0.95,79.5653,275.0,9.5,14.4,9.3,66.0,3.7,138.0,11.0,16.0,79.0,157.0,0,0,25.14,0,0,0,0,0,0,0,0,0,0,0,0,0,0,0,0,1
BgiK,0,0,86.0,4.0,True,False,False,True,False,False,0,1,0,0,0,0,0,0,0,0,0,0,0,0,0,0,0,0,0,0,,,,,,,,,,,,,,,69.0,118.0,0,1,31.93,0,1,1,1,1,1,1,1,1,1,1,0,0,1,1,1,1
BAjK,0,1,76.0,5.0,True,False,False,False,False,False,0,0,0,0,0,0,0,1,1,0,0,0,0,0,1,0,1,0,0,0,,,,,,,,,,,,,,,87.0,133.0,0,1,23.89,0,1,1,1,1,1,1,1,1,1,1,0,0,1,1,1,1
BwlK,1,0,65.0,0.0,False,False,False,False,False,False,0,1,0,0,0,0,1,1,1,0,0,1,0,1,0,0,1,0,1,0,,,102.0,0.5,166.8804,204.0,7.7,14.8,,739.0,3.4,139.0,,12.0,90.0,129.0,0,0,39.26,0,1,0,0,0,0,0,0,0,0,0,0,0,1,0,1,1
BgmK,0,0,57.0,4.0,False,False,False,False,False,True,0,1,0,1,0,0,0,1,1,1,0,1,1,0,1,0,1,0,1,0,3.3,0.2,97.0,0.71,109.0555,113.0,5.9,11.2,7.9,14601.0,4.5,140.0,48.0,29.0,62.0,134.0,0,0,31.71,0,0,0,0,0,0,0,0,0,0,0,0,0,0,0,0,0
BwmK,1,0,65.0,1.0,True,False,False,False,False,False,0,1,0,0,0,0,0,0,1,0,0,0,0,0,0,0,1,0,0,0,4.0,0.8,103.0,0.78,106.6903,116.0,5.8,14.8,6.1,,4.3,139.0,,12.0,80.0,124.0,0,1,43.83,0,0,0,0,0,0,0,0,0,0,0,0,0,0,1,1,0
BAoK,0,1,59.0,0.0,False,False,False,False,False,False,0,0,0,0,0,0,0,1,1,0,0,1,1,1,0,0,1,0,0,0,,,,,,,,,,,,,,,62.0,112.0,0,1,25.19,0,1,1,1,1,1,1,1,1,1,1,0,0,1,1,1,1
BgoK,1,0,79.0,3.0,False,False,False,False,False,False,0,1,0,0,0,0,0,1,1,0,0,0,0,0,0,0,1,0,0,0,,,108.0,0.9,60.3987,,,,,,4.2,142.0,,9.0,62.0,112.0,0,0,28.13,0,1,0,0,0,1,1,1,0,0,0,0,0,1,1,1,1
BwpK,0,0,61.0,0.0,True,False,False,False,False,False,0,1,0,0,0,0,1,1,1,0,1,1,1,1,1,0,1,0,0,0,,0.2,95.0,0.71,107.5792,132.0,6.4,13.2,,181.0,4.7,128.0,,13.0,60.0,110.0,0,1,22.65,0,0,0,0,0,0,0,0,0,0,0,0,0,1,0,1,1
BQsK,1,0,45.0,0.0,False,False,False,False,False,False,0,1,0,0,0,0,1,1,1,0,0,1,0,0,0,0,1,0,0,0,,0.6,104.0,1.01,54.5074,105.0,6.1,11.1,,653.0,4.3,142.0,,16.0,73.0,126.0,0,0,35.4309,0,0,0,0,0,0,0,0,0,0,0,0,0,1,0,1,1
BgsK,0,0,52.0,3.0,False,False,False,False,False,True,0,1,0,0,0,0,0,0,1,0,0,0,0,0,0,0,0,0,0,0,,,,,,,,,,,,,,,80.0,158.0,0,1,30.1,0,1,1,1,1,1,1,1,1,1,1,0,0,1,1,1,1
BAtK,0,1,66.0,4.0,False,False,False,False,False,False,0,0,0,0,0,0,0,1,1,0,0,0,0,0,1,0,1,0,0,0,,1.0,104.0,1.05,83.2306,94.0,,13.9,,,3.8,139.0,24.0,13.0,75.0,122.0,0,0,22.52,0,0,0,0,0,0,1,0,0,0,0,0,0,1,1,0,1
BQtK,0,0,86.0,0.0,False,False,False,False,False,False,0,0,0,0,1,0,0,1,1,1,0,0,1,0,1,1,1,0,0,0,,0.4,105.0,1.19,78.1129,94.0,5.3,10.9,,693.0,4.6,143.0,,12.0,107.0,153.0,0,0,35.42,0,0,0,0,0,0,0,0,0,0,0,0,0,1,0,1,1
BgtK,0,1,86.0,5.0,True,False,False,False,False,False,0,1,0,1,0,0,1,1,1,0,0,0,1,0,1,1,1,0,0,0,,0.4,100.0,0.78,101.5304,111.0,,12.5,,576.0,4.0,137.0,,17.0,75.0,169.0,1,0,29.92,0,0,0,0,0,0,1,0,0,0,0,0,0,1,0,1,1
BAuK,0,0,84.0,0.0,False,False,False,False,False,False,0,1,0,0,0,0,1,1,1,1,0,1,0,1,0,0,1,0,1,0,,0.2,107.0,0.58,106.4053,209.0,7.2,9.8,,,3.9,140.0,,9.0,69.0,116.0,0,0,29.44,0,0,0,0,0,0,0,0,0,0,0,0,0,1,1,1,1
BgvK,0,0,65.0,3.0,True,False,False,True,False,True,0,1,0,0,1,0,0,1,1,0,1,0,1,0,1,0,1,0,0,0,3.9,0.3,104.0,0.91,,107.0,5.5,14.1,9.4,,4.5,138.0,,17.0,60.0,90.0,0,0,26.25,0,0,0,0,1,0,0,0,0,0,0,0,0,0,1,1,0
BwvK,0,0,84.0,8.0,False,False,False,False,False,False,0,0,0,0,0,0,0,0,0,0,0,0,0,0,0,0,0,0,0,0,,1.5,102.0,0.78,97.2987,130.0,,12.5,,,4.3,139.0,,14.0,80.0,138.0,1,0,26.26,0,0,0,0,0,0,1,0,0,0,0,0,0,1,1,1,1
BgwK,0,0,62.0,1.0,True,False,False,False,False,False,0,1,1,0,0,0,0,1,1,1,0,0,0,0,1,0,1,0,1,0,,0.5,106.0,1.29,68.1795,89.0,6.0,14.1,,431.0,4.6,142.0,,15.0,77.0,127.0,0,0,29.0,0,0,0,0,0,0,0,0,0,0,0,0,0,1,0,1,1
BwwK,0,0,66.0,0.0,False,False,True,False,False,False,0,1,0,0,0,0,0,0,1,1,0,0,1,0,1,0,0,0,0,0,,0.2,100.0,1.31,57.2373,78.0,5.2,13.5,,1407.0,3.8,137.0,31.0,24.0,65.0,106.0,0,0,33.49,0,0,0,0,0,0,0,0,0,0,0,0,0,1,0,0,1
BAyK,0,1,66.0,0.0,False,False,True,False,False,False,0,0,1,0,0,0,0,0,0,0,0,0,0,0,1,0,1,0,0,0,,0.6,108.0,1.01,58.501,115.0,,10.6,,77.0,4.3,142.0,253.0,9.0,50.0,72.0,0,1,38.59,0,0,0,0,0,0,1,0,0,0,0,0,0,1,0,0,1
BwyK,0,0,70.0,0.0,False,False,False,True,False,True,1,1,0,0,0,0,0,1,1,1,0,0,0,0,1,0,0,0,0,0,,0.8,103.0,1.07,78.0,94.0,6.1,13.8,,679.0,4.2,137.0,,23.0,82.0,145.0,0,1,30.5,0,0,0,0,0,0,0,0,0,0,0,0,0,1,0,1,1
Bg1K,0,1,75.0,4.0,False,False,False,False,True,False,0,1,0,0,0,0,1,1,1,0,0,1,1,0,1,0,1,0,0,0,,,100.0,2.03,34.3963,176.0,,,,,4.6,139.0,,36.0,75.0,121.0,0,1,37.76,0,1,0,0,0,0,1,1,0,0,0,0,0,1,1,1,1
Bg2K,1,0,62.0,3.0,False,False,False,False,False,False,0,1,0,0,1,0,1,1,1,1,0,1,1,0,0,0,1,0,0,0,,0.4,106.0,1.47,47.4971,208.0,11.4,8.6,,1963.0,4.3,144.0,69.0,30.0,70.0,130.0,1,0,44.85,0,0,0,0,0,0,0,0,0,0,0,0,0,1,0,0,1
Bw2K,0,0,77.0,6.0,True,False,False,False,False,False,0,1,0,0,0,0,0,1,1,0,0,0,1,0,1,0,1,0,0,0,4.2,0.5,107.0,0.88,83.3255,104.0,,13.0,3.3,654.0,4.8,144.0,15.0,16.0,67.0,105.0,0,0,23.6,0,0,0,0,0,0,1,0,0,0,0,0,0,0,0,0,0
BA3K,0,0,81.0,1.0,True,False,False,False,False,False,0,1,0,0,0,0,1,1,1,0,0,0,0,0,0,0,0,0,0,0,4.1,0.2,103.0,0.95,77.4981,131.0,6.4,10.1,8.2,,4.6,141.0,,21.0,88.0,140.0,0,1,32.69,0,0,0,0,0,0,0,0,0,0,0,0,0,0,1,1,0
Bg3K,0,0,51.0,2.0,False,False,False,True,False,False,0,0,0,0,0,0,0,1,1,0,0,0,0,0,1,0,0,0,0,0,,,,,,,,,,,,,,,76.0,108.0,0,1,32.32,0,1,1,1,1,1,1,1,1,1,1,0,0,1,1,1,1
Bw3K,0,0,35.0,0.0,False,False,False,False,False,False,0,0,0,0,0,0,0,0,0,0,0,0,1,0,0,0,0,0,1,0,,0.5,101.0,1.01,53.728,101.0,,11.6,,526.0,4.6,139.0,19.0,6.0,79.0,128.0,0,0,18.17,0,0,0,0,0,0,1,0,0,0,0,0,0,1,0,0,1
Bg4K,0,0,83.0,2.0,False,False,False,False,False,False,0,1,0,0,0,0,1,0,1,0,1,1,0,1,0,1,1,1,0,0,,0.5,97.0,0.77,97.4562,437.0,9.3,11.6,,,4.8,137.0,,13.0,82.0,149.0,0,0,30.04,0,0,0,0,0,0,0,0,0,0,0,0,0,1,1,1,1
BA5K,0,0,61.0,0.0,True,False,False,False,False,True,0,0,0,0,0,0,1,1,1,0,1,1,1,0,1,1,1,1,1,0,,0.4,98.0,1.01,73.4602,159.0,7.0,13.0,,,3.5,138.0,16.0,15.0,60.0,137.0,0,0,45.11,0,0,0,0,0,0,0,0,0,0,0,0,0,1,1,0,1
Bw5K,0,0,84.0,0.0,True,False,False,False,False,False,0,0,0,0,0,0,0,1,1,1,0,0,1,0,1,0,0,0,0,0,,0.4,98.0,1.37,43.0,114.0,5.6,12.3,,8872.0,5.0,133.0,,33.0,61.0,84.0,0,0,29.09,0,0,0,0,0,0,0,0,0,0,0,0,0,1,0,1,1
Bg6K,0,0,69.0,0.0,False,False,False,False,False,False,0,0,0,0,1,0,1,1,0,1,1,0,1,1,0,0,1,0,0,0,3.9,0.7,105.0,0.86,,123.0,5.9,11.5,7.7,,5.4,137.0,,21.0,82.0,144.0,1,0,38.86,0,0,0,0,1,0,0,0,0,0,0,0,0,0,1,1,0
Bw7K,0,1,55.0,0.0,False,False,False,False,False,False,0,1,0,1,0,0,0,1,1,1,1,0,0,0,0,0,1,0,0,0,4.3,0.7,90.0,0.48,206.5067,128.0,4.2,10.5,7.8,250.0,3.8,145.0,,12.0,73.0,134.0,0,0,21.62,0,0,0,0,0,0,0,0,0,0,0,0,0,0,0,1,0
BA9K,0,0,75.0,0.0,True,False,False,False,False,False,0,0,0,0,0,0,0,1,1,0,0,0,1,0,1,0,0,0,1,0,,,,,,,,,,,,,,,86.0,141.0,0,1,47.68,0,1,1,1,1,1,1,1,1,1,1,0,0,1,1,1,1
Bg9K,0,1,71.0,0.0,False,False,False,True,False,True,0,0,0,0,0,0,0,1,0,0,0,0,1,0,1,1,1,0,0,0,,0.4,103.0,1.58,41.6932,104.0,,12.2,,,5.3,139.0,217.0,31.0,67.0,152.0,0,1,24.49,0,0,0,0,0,0,1,0,0,0,0,0,0,1,1,0,1
Bw9K,0,0,72.0,0.0,False,False,False,False,False,False,0,0,0,0,0,0,0,1,1,0,0,0,0,0,0,0,1,0,0,0,,,,,,,,,,,,,,,73.0,111.0,0,1,23.9,0,1,1,1,1,1,1,1,1,1,1,0,0,1,1,1,1
BA_K,1,0,73.0,0.0,False,False,False,False,False,False,0,0,0,0,0,0,0,0,0,0,0,1,0,0,0,0,1,0,0,0,,0.3,103.0,0.69,93.3019,90.0,,12.3,,70.0,4.1,140.0,,10.0,91.0,143.0,1,0,,1,0,0,0,0,0,1,0,0,0,0,0,0,1,0,1,1
BQ_K,0,0,76.0,1.0,False,False,False,True,False,False,0,0,0,1,0,0,0,1,1,1,0,0,1,0,0,1,1,0,0,0,,,,,,,,,,,,,,,90.0,184.0,1,0,24.2216,0,1,1,1,1,1,1,1,1,1,1,0,0,1,1,1,1
BA#K,0,0,62.0,0.0,False,False,False,False,False,False,0,1,0,1,0,0,1,1,1,0,0,1,0,0,1,0,0,0,1,0,,,105.0,1.03,69.6636,105.0,6.6,12.8,,,4.1,140.0,15.0,15.0,72.0,146.0,0,1,29.88,0,1,0,0,0,0,0,0,0,0,0,0,0,1,1,0,1
Bg#K,1,0,55.0,4.0,False,False,False,False,False,False,0,0,0,0,0,0,0,0,0,1,0,0,0,0,0,0,0,0,0,0,,,,,,,,,,,,,,,86.0,142.0,1,0,40.81,0,1,1,1,1,1,1,1,1,1,1,0,0,1,1,1,1
BADL,0,0,65.0,7.0,False,False,False,False,False,True,0,0,0,0,0,1,0,1,1,1,0,0,1,0,0,1,0,0,0,0,4.2,0.3,106.0,1.04,51.9435,88.0,5.3,13.0,4.9,17215.0,4.9,138.0,16.0,23.0,57.0,97.0,0,1,20.59,0,0,0,0,0,0,0,0,0,0,0,0,0,0,0,0,0
BQEL,0,0,76.0,2.0,False,False,False,False,False,False,0,0,0,0,0,0,0,1,1,0,1,0,1,0,1,0,1,0,1,0,,0.4,101.0,0.81,111.4117,82.0,4.9,14.6,,5835.0,4.1,135.0,,20.0,68.0,102.0,0,0,19.29,0,0,0,0,0,0,0,0,0,0,0,0,0,1,0,1,1
BwEL,1,0,67.0,0.0,True,True,False,False,False,False,0,0,0,0,0,0,1,1,1,0,0,1,0,1,0,0,1,0,1,0,,0.4,98.0,1.34,75.3556,127.0,7.9,13.0,,213.0,3.8,137.0,,16.0,98.0,152.0,0,1,,1,0,0,0,0,0,0,0,0,0,0,0,0,1,0,1,1
BQIL,0,0,59.0,4.0,True,False,False,False,False,True,0,0,0,0,0,0,0,0,1,1,0,1,0,0,0,1,1,0,0,0,,0.2,104.0,1.68,49.9473,309.0,,14.3,,,4.8,135.0,,40.0,62.0,36.0,1,0,27.78,0,0,0,0,0,0,1,0,0,0,0,0,0,1,1,1,1
BwIL,0,0,72.0,0.0,False,False,False,False,False,False,0,1,0,0,0,0,0,1,1,0,0,0,1,0,0,1,1,0,1,0,,0.6,100.0,1.29,64.9521,143.0,,13.1,,1715.0,3.7,140.0,,27.0,87.0,136.0,0,1,28.58,0,0,0,0,0,0,1,0,0,0,0,0,0,1,0,1,1
BgML,0,1,48.0,0.0,True,False,False,False,False,False,0,0,0,0,0,0,0,1,1,1,0,0,1,0,1,0,1,0,0,0,,1.1,101.0,1.2,75.635,104.0,6.1,15.4,,630.0,3.7,141.0,51.0,16.0,101.0,196.0,0,1,,1,0,0,0,0,0,0,0,0,0,0,0,0,1,0,0,1
BANL,0,0,73.0,2.0,True,False,False,False,True,False,0,1,1,0,0,0,1,0,1,1,0,1,0,0,0,0,1,0,0,0,,0.6,97.0,1.11,65.3025,132.0,7.1,15.0,,,3.8,142.0,,23.0,82.0,142.0,1,0,28.4,0,0,0,0,0,0,0,0,0,0,0,0,0,1,1,1,1
BAOL,0,0,61.0,0.0,True,False,False,False,False,True,0,0,0,0,0,0,0,1,1,0,0,1,1,0,0,1,1,0,0,0,,,110.0,1.18,60.1795,108.0,5.6,8.7,,,4.6,142.0,,24.0,63.0,108.0,0,0,28.74,0,1,0,0,0,0,0,0,0,0,0,0,0,1,1,1,1
BQOL,0,0,39.0,0.0,False,False,True,False,False,False,0,0,0,0,0,0,0,0,1,0,0,0,1,0,1,0,0,0,1,0,,0.4,105.0,0.55,112.7454,101.0,6.3,9.1,,243.0,3.8,139.0,,11.0,73.0,110.0,0,1,21.54,0,0,0,0,0,0,0,0,0,0,0,0,0,1,0,1,1
BwOL,0,1,66.0,0.0,False,False,False,True,False,False,0,0,0,0,0,0,0,1,1,0,0,0,0,0,1,0,0,0,0,0,,0.8,103.0,0.72,,87.0,,11.6,,3905.0,4.6,139.0,20.0,9.0,83.0,124.0,0,0,31.61,0,0,0,0,1,0,1,0,0,0,0,0,0,1,0,0,1
BQPL,0,0,55.0,0.0,True,False,False,False,True,False,0,0,0,0,0,0,0,1,1,0,0,1,1,1,1,0,1,1,1,0,,,102.0,0.76,102.9337,146.0,,16.8,,622.0,4.5,138.0,,13.0,65.0,124.0,0,1,31.503,0,1,0,0,0,0,1,0,0,0,0,0,0,1,0,1,1
BgPL,0,0,86.0,0.0,False,False,False,False,False,False,0,0,0,0,0,0,0,1,1,0,1,0,1,0,0,0,1,0,0,0,,0.6,97.0,0.7,95.0,104.0,5.6,15.2,,549.0,3.8,141.0,,17.0,65.0,137.0,1,0,46.02,0,0,0,0,0,0,0,0,0,0,0,0,0,1,0,1,1
BQQL,0,0,84.0,0.0,False,False,False,False,False,False,0,1,0,0,1,0,1,1,1,1,1,1,0,1,0,1,1,0,0,0,,0.3,102.0,1.45,46.8265,132.0,,12.6,,197.0,5.2,138.0,15.0,17.0,68.0,116.0,1,0,27.11,0,0,0,0,0,0,1,0,0,0,0,0,0,1,0,0,1
BARL,0,0,51.0,0.0,True,False,False,True,True,False,0,0,0,0,0,0,0,1,1,1,0,0,1,0,0,0,0,0,0,0,4.0,0.7,105.0,0.67,,108.0,5.9,13.0,,,4.6,140.0,,21.0,82.0,155.0,0,0,35.56,0,0,0,0,1,0,0,0,0,0,0,0,0,1,1,1,0
BQRL,0,0,56.0,4.0,False,False,True,False,False,False,0,0,0,0,0,0,1,1,0,1,0,0,0,0,0,0,0,0,1,0,,0.5,99.0,0.8,103.0,129.0,7.0,14.8,6.4,,4.8,137.0,,15.0,83.0,146.0,0,0,43.94,0,0,0,0,0,0,0,0,0,0,0,0,0,0,1,1,1
BATL,1,0,78.0,1.0,False,False,False,False,False,False,0,1,0,0,0,0,1,1,1,0,0,1,0,1,1,0,1,1,0,1,4.6,0.3,100.0,1.22,72.0301,280.0,,11.7,4.7,62.0,4.4,140.0,,19.0,70.0,120.0,1,0,42.28,0,0,0,0,0,0,1,0,0,0,0,0,0,0,0,1,0
BAUL,0,0,57.0,0.0,True,False,False,False,False,False,0,0,0,0,1,0,1,0,1,1,0,0,1,1,0,1,1,0,0,0,,,100.0,1.72,,,,8.9,3.76,,5.1,140.0,,48.0,58.0,119.0,0,0,23.41,0,1,0,0,1,1,1,0,0,0,0,0,0,0,1,1,1
BAVL,0,0,65.0,3.0,False,False,False,False,False,False,0,0,0,0,0,0,0,0,1,0,0,0,1,0,1,0,0,0,0,0,,0.3,104.0,0.75,78.5596,81.0,5.4,13.9,9.2,,4.5,142.0,,17.0,73.0,103.0,0,1,23.03,0,0,0,0,0,0,0,0,0,0,0,0,0,0,1,1,1
BwVL,0,0,61.0,0.0,False,False,False,False,False,False,0,1,0,0,0,0,1,1,1,0,0,1,1,1,1,0,1,0,1,0,,1.0,103.0,1.37,50.934,139.0,7.1,13.0,,16575.0,4.5,139.0,354.0,35.0,78.0,130.0,0,1,29.29,0,0,0,0,0,0,0,0,0,0,0,0,0,1,0,0,1
BgWL,0,0,75.0,0.0,False,False,False,False,False,False,0,1,0,0,0,0,0,1,1,0,0,1,0,0,1,0,0,0,1,0,,0.7,103.0,1.02,95.7225,98.0,6.2,12.8,,916.0,4.4,138.0,,16.0,97.0,154.0,0,1,35.26,0,0,0,0,0,0,0,0,0,0,0,0,0,1,0,1,1
BwWL,0,0,68.0,0.0,False,False,False,True,False,True,0,1,1,0,0,0,1,1,1,1,0,1,1,1,1,1,1,0,1,0,4.4,0.4,106.0,0.89,83.7891,153.0,6.0,10.6,6.0,1313.0,3.7,141.0,,17.0,76.0,122.0,1,0,32.27,0,0,0,0,0,0,0,0,0,0,0,0,0,0,0,1,0
BQXL,0,0,47.0,0.0,False,False,False,False,False,False,0,1,0,0,0,0,0,0,0,1,0,0,1,0,1,1,1,0,1,0,,0.5,99.0,0.78,101.0,106.0,5.3,15.2,,26.0,3.7,136.0,,12.0,111.0,175.0,1,0,24.59,0,0,0,0,0,0,0,0,0,0,0,0,0,1,0,1,1
BwXL,1,0,74.0,2.0,False,False,False,False,False,True,0,0,0,0,0,0,0,0,0,0,0,0,0,0,0,0,0,0,0,0,,,,,,,,,,,,,,,72.0,140.0,1,0,45.26,0,1,1,1,1,1,1,1,1,1,1,0,0,1,1,1,1
BgYL,0,0,60.0,0.0,False,False,False,False,False,False,0,1,0,0,0,0,1,1,1,0,0,0,0,1,1,0,1,0,0,0,,,,,,,,,,,,,,,82.0,146.0,0,1,31.01,0,1,1,1,1,1,1,1,1,1,1,0,0,1,1,1,1
BAZL,0,0,74.0,0.0,False,False,False,False,False,False,0,0,0,0,1,0,1,1,1,1,0,1,1,1,0,0,1,0,1,0,,0.2,100.0,1.37,54.3544,103.0,7.1,12.4,,9099.0,3.8,134.0,32.0,14.0,80.0,140.0,0,0,40.14,0,0,0,0,0,0,0,0,0,0,0,0,0,1,0,0,1
BgZL,0,0,53.0,2.0,False,False,False,False,False,False,0,0,0,0,0,0,1,0,1,0,0,0,1,0,0,0,1,0,1,0,4.0,0.3,102.0,1.06,66.5589,115.0,,,,,5.0,139.0,,31.0,73.0,139.0,0,1,34.61,0,0,0,0,0,0,1,1,0,0,0,0,0,1,1,1,0
BwZL,1,0,60.0,0.0,False,False,False,False,False,False,0,0,0,0,0,0,0,1,0,0,0,1,1,0,0,0,1,0,0,0,,,,,,,,,,,,,,,,,0,1,,1,1,1,1,1,1,1,1,1,1,1,1,1,1,1,1,1
BQaL,0,0,78.0,2.0,False,False,False,False,False,False,0,0,0,1,0,0,0,1,1,1,0,0,1,0,0,1,0,0,0,0,,1.5,92.0,0.99,75.6324,91.0,,16.8,5.9,850.0,3.6,132.0,9.0,16.0,79.0,126.0,1,0,29.5,0,0,0,0,0,0,1,0,0,0,0,0,0,0,0,0,1
BQbL,1,0,64.0,0.0,True,False,False,False,False,False,0,0,0,0,0,0,1,0,1,0,0,1,1,1,0,0,0,0,0,0,,0.6,92.0,1.49,,104.0,5.2,12.0,,,3.2,136.0,,29.0,72.0,117.0,0,0,,1,0,0,0,1,0,0,0,0,0,0,0,0,1,1,1,1
BAcL,1,0,79.0,2.0,True,False,False,False,False,False,0,0,0,0,0,0,1,1,0,0,0,0,0,0,0,0,0,0,0,0,,,,0.51,119.9242,,,12.5,,,,,,,60.0,138.0,0,0,44.21,0,1,1,0,0,1,1,0,1,1,1,0,0,1,1,1,1
BAdL,0,0,81.0,0.0,False,False,False,False,False,False,0,1,0,0,0,0,0,1,1,0,0,0,1,0,1,1,1,0,0,0,3.5,1.0,104.0,1.09,66.8795,,6.1,14.9,11.24,7982.0,4.2,138.0,,21.0,82.0,148.0,0,1,26.75,0,0,0,0,0,1,0,0,0,0,0,0,0,0,0,1,0
BQdL,0,0,63.0,0.0,False,False,False,False,False,False,0,1,0,0,0,0,1,1,1,0,0,1,0,0,1,0,1,0,0,0,4.5,0.7,101.0,0.69,112.0862,,8.5,13.8,14.34,1015.0,4.3,140.0,,16.0,62.0,100.0,0,1,24.67,0,0,0,0,0,1,0,0,0,0,0,0,0,0,0,1,0
BgeL,0,0,77.0,5.0,False,False,False,False,False,False,0,1,0,0,0,1,0,1,1,1,0,1,1,1,1,0,1,0,0,0,3.9,0.7,101.0,1.13,70.0,113.0,5.1,10.5,5.07,3713.0,3.9,139.0,,9.0,74.0,130.0,0,0,24.15,0,0,0,0,0,0,0,0,0,0,0,0,0,0,0,1,0
BweL,0,1,78.0,0.0,True,False,False,False,False,False,0,1,0,1,1,0,0,1,1,0,0,0,1,0,1,0,0,0,1,0,3.9,0.7,101.0,1.21,57.5548,106.0,5.8,13.7,8.3,15301.0,4.3,141.0,45.0,21.0,82.0,125.0,0,1,22.54,0,0,0,0,0,0,0,0,0,0,0,0,0,0,0,0,0
BwgL,0,0,68.0,4.0,True,False,True,False,False,True,0,0,0,1,0,0,0,1,1,0,0,0,1,0,1,0,0,0,0,0,,,,,,,,,,,,,,,47.0,111.0,0,1,21.5,0,1,1,1,1,1,1,1,1,1,1,0,0,1,1,1,1
BQhL,1,0,55.0,2.0,False,False,False,True,False,True,1,0,0,0,0,0,1,0,0,1,0,1,1,0,0,1,1,0,0,0,3.8,0.2,107.0,1.57,43.2845,157.0,7.3,11.2,9.8,,4.9,143.0,,32.0,60.0,98.0,0,1,29.02,0,0,0,0,0,0,0,0,0,0,0,0,0,0,1,1,0
BwiL,0,0,61.0,1.0,False,False,False,True,False,True,0,1,0,0,1,0,0,1,1,0,0,0,1,0,1,0,1,0,0,0,,0.8,99.0,2.11,31.3918,93.0,,12.2,4.24,11147.0,3.7,133.0,46.0,33.0,55.0,88.0,0,1,33.4,0,0,0,0,0,0,1,0,0,0,0,0,0,0,0,0,1
BAjL,0,0,53.0,0.0,True,False,False,False,False,False,0,0,0,0,0,0,1,1,0,0,0,1,0,1,0,0,1,0,0,1,,0.4,103.0,0.42,148.3111,124.0,5.7,12.9,,66.0,3.9,142.0,,17.0,72.0,126.0,1,0,47.57,0,0,0,0,0,0,0,0,0,0,0,0,0,1,0,1,1
BQkL,0,0,79.0,0.0,True,False,False,False,False,False,0,1,0,0,0,0,0,1,0,0,0,0,0,0,1,0,1,0,0,0,3.4,0.9,102.0,0.74,102.8346,112.0,,13.0,4.5,1469.0,3.9,140.0,,12.0,60.0,100.0,0,1,31.85,0,0,0,0,0,0,1,0,0,0,0,0,0,0,0,1,0
BwkL,0,0,87.0,0.0,False,False,False,False,False,False,0,1,0,0,0,0,0,0,1,1,0,1,1,0,1,1,0,0,0,0,,0.8,106.0,1.77,38.9244,90.0,6.1,10.2,,,3.7,144.0,14.0,65.0,57.0,113.0,0,0,36.27,0,0,0,0,0,0,0,0,0,0,0,0,0,1,1,0,1
BAlL,0,1,82.0,0.0,False,False,False,False,False,False,0,1,0,0,0,0,0,1,1,1,0,0,1,0,1,0,1,0,0,0,4.0,1.3,104.0,1.01,70.547,,,15.4,13.12,1043.0,3.8,139.0,,24.0,70.0,118.0,0,1,23.93,0,0,0,0,0,1,1,0,0,0,0,0,0,0,0,1,0
BQlL,0,0,83.0,1.0,True,False,False,False,False,False,0,0,0,0,0,0,0,1,1,0,0,0,1,0,0,0,1,0,0,0,3.9,1.0,106.0,1.08,64.8282,,,12.0,4.85,2087.0,4.0,140.0,,21.0,62.0,100.0,0,1,23.1619,0,0,0,0,0,1,1,0,0,0,0,0,0,0,0,1,0
BglL,0,0,70.0,0.0,True,False,False,False,False,False,0,1,0,1,0,0,0,1,1,1,0,1,1,0,1,0,1,0,0,0,,0.4,102.0,1.24,58.8794,143.0,5.8,13.1,,395.0,4.7,135.0,14.0,21.0,66.0,154.0,0,1,43.64,0,0,0,0,0,0,0,0,0,0,0,0,0,1,0,0,1
BwlL,0,0,80.0,0.0,True,False,False,False,False,False,0,0,0,0,0,0,1,1,0,0,0,1,0,0,0,0,1,0,0,0,,0.8,116.0,1.48,56.6007,904.0,9.3,16.2,,,5.4,160.0,51.0,70.0,46.0,104.0,0,0,21.88,0,0,0,0,0,0,0,0,0,0,0,0,0,1,1,0,1
BQmL,0,0,67.0,3.0,True,False,False,False,False,False,0,1,0,0,0,0,0,1,1,0,0,0,1,0,1,0,1,0,0,0,,,,,,,,,,,,,,,77.0,133.0,0,1,24.36,0,1,1,1,1,1,1,1,1,1,1,0,0,1,1,1,1
BwmL,1,0,44.0,4.0,False,False,False,True,False,True,0,1,0,0,0,0,0,1,1,0,0,1,1,0,0,0,1,0,1,0,4.4,0.5,101.0,1.06,68.6747,157.0,8.0,11.3,,107.0,3.8,141.0,14.0,21.0,74.0,106.0,1,0,33.76,0,0,0,0,0,0,0,0,0,0,0,0,0,1,0,0,0
BAnL,0,0,81.0,0.0,False,False,True,False,False,False,0,1,0,0,0,0,1,1,1,1,0,1,0,1,1,0,1,0,1,0,,0.9,100.0,0.74,108.2584,138.0,6.6,15.1,,,3.8,139.0,,13.0,79.0,132.0,0,0,28.21,0,0,0,0,0,0,0,0,0,0,0,0,0,1,1,1,1
BgpL,0,1,50.0,1.0,False,False,False,False,False,False,0,1,0,1,0,0,1,1,1,1,0,1,1,1,1,0,1,1,0,0,,0.7,98.0,0.81,72.125,237.0,14.4,14.3,,8914.0,3.8,135.0,,17.0,69.0,112.0,0,1,25.12,0,0,0,0,0,0,0,0,0,0,0,0,0,1,0,1,1
BgqL,0,0,68.0,3.0,False,False,False,False,False,False,0,1,0,0,0,1,1,1,1,0,0,1,0,0,0,0,0,0,0,0,,0.7,99.0,0.9,81.3999,134.0,6.0,14.2,,,4.1,136.0,,15.0,68.0,122.0,0,1,22.17,0,0,0,0,0,0,0,0,0,0,0,0,0,1,1,1,1
BwrL,0,0,64.0,3.0,False,False,False,False,False,False,0,0,0,0,0,0,0,1,0,0,0,0,0,0,0,0,0,0,0,0,4.5,0.5,101.0,0.88,65.5457,106.0,,,,206.0,4.6,135.0,,16.0,87.0,147.0,0,0,30.34,0,0,0,0,0,0,1,1,0,0,0,0,0,1,0,1,0
BAsL,0,1,73.0,1.0,False,False,False,False,False,False,0,0,0,0,0,0,0,0,1,0,0,1,0,1,1,1,1,0,0,0,4.6,0.4,101.0,0.9,,162.0,,15.2,7.5,,5.1,141.0,,13.0,84.0,124.0,0,1,31.5,0,0,0,0,1,0,1,0,0,0,0,0,0,0,1,1,0
BgsL,0,0,77.0,0.0,False,False,False,False,False,False,0,0,0,0,0,0,0,0,0,0,1,0,1,0,0,0,1,0,1,0,,0.4,98.0,0.86,66.4318,86.0,5.7,8.4,1.6,5308.0,4.0,142.0,65.0,17.0,68.0,119.0,1,0,20.02,0,0,0,0,0,0,0,0,0,0,0,0,0,0,0,0,1
BgtL,0,0,52.0,0.0,False,False,False,False,False,False,0,1,0,0,0,0,0,1,1,1,0,0,0,0,1,0,1,0,0,0,,0.8,104.0,1.33,53.7955,102.0,5.5,14.7,,,4.1,140.0,17.0,16.0,81.0,150.0,0,0,30.49,0,0,0,0,0,0,0,0,0,0,0,0,0,1,1,0,1
BguL,0,0,81.0,0.0,False,False,False,False,False,False,0,0,0,0,0,0,1,1,1,1,1,1,1,1,1,0,1,0,1,0,,0.6,101.0,1.18,57.0186,146.0,7.5,11.9,,5515.0,4.3,138.0,53.0,28.0,88.0,152.0,0,1,36.73,0,0,0,0,0,0,0,0,0,0,0,0,0,1,0,0,1
BwuL,0,0,38.0,1.0,False,False,False,True,False,True,0,1,0,0,0,0,1,1,1,1,0,1,0,1,0,0,1,0,0,0,,,106.0,0.71,,161.0,8.3,13.4,,232.0,4.1,140.0,,14.0,68.0,92.0,0,1,24.8,0,1,0,0,1,0,0,0,0,0,0,0,0,1,0,1,1
BAvL,1,0,61.0,0.0,False,False,False,False,False,False,0,0,0,0,0,0,0,0,0,0,0,0,0,0,0,0,0,0,0,0,4.8,,101.0,0.6,118.1921,90.0,5.5,15.0,,,4.5,140.0,,13.0,79.0,142.0,0,0,44.39,0,1,0,0,0,0,0,0,0,0,0,0,0,1,1,1,0
BgvL,0,0,76.0,5.0,True,False,False,False,False,False,0,0,0,0,0,0,0,1,1,0,0,0,1,0,0,1,1,0,1,0,,,,,,,,,,,,,,,72.0,106.0,1,0,33.08,0,1,1,1,1,1,1,1,1,1,1,0,0,1,1,1,1
BgwL,1,0,73.0,0.0,True,False,False,False,False,False,0,0,0,0,0,0,1,1,1,1,1,1,1,1,0,0,1,0,0,0,4.3,0.6,102.0,0.76,75.0201,292.0,9.1,14.0,6.1,791.0,3.6,145.0,,20.0,57.0,103.0,0,0,34.74,0,0,0,0,0,0,0,0,0,0,0,0,0,0,0,1,0
BwwL,0,0,36.0,0.0,False,False,False,False,False,False,0,0,0,0,0,1,0,1,1,1,0,0,0,0,1,0,1,0,0,0,,0.3,107.0,0.99,79.6963,126.0,5.5,15.4,,,4.5,139.0,7.0,23.0,60.0,104.0,0,0,28.41,0,0,0,0,0,0,0,0,0,0,0,0,0,1,1,0,1
BAyL,0,0,47.0,4.0,True,False,True,False,False,False,0,0,0,0,0,0,0,1,0,0,0,0,0,0,0,0,0,0,0,0,,,,,,,,,,,,,,,,,0,0,21.76,0,1,1,1,1,1,1,1,1,1,1,1,1,1,1,1,1
BwyL,0,1,79.0,0.0,True,False,False,False,False,False,0,1,0,0,0,0,0,1,1,1,1,0,1,0,1,0,1,0,1,0,,0.3,104.0,0.72,76.4452,101.0,5.6,10.6,,7544.0,4.4,137.0,1251.0,18.0,55.0,103.0,0,1,25.48,0,0,0,0,0,0,0,0,0,0,0,0,0,1,0,0,1
BA0L,0,0,66.0,0.0,True,False,False,False,False,False,0,1,0,0,0,0,0,1,1,0,0,1,1,0,1,0,1,0,1,0,,0.7,105.0,0.92,79.9874,122.0,5.6,8.4,,6087.0,4.1,139.0,906.0,28.0,77.0,123.0,0,1,20.3,0,0,0,0,0,0,0,0,0,0,0,0,0,1,0,0,1
BQ1L,0,0,77.0,0.0,True,False,False,True,True,False,0,0,0,0,0,0,0,1,1,0,0,0,1,0,1,0,0,0,0,0,,,,,,,,,,,,,,,74.0,115.0,0,1,32.92,0,1,1,1,1,1,1,1,1,1,1,0,0,1,1,1,1
Bw1L,1,0,61.0,1.0,False,False,False,True,False,False,0,0,0,0,1,0,1,0,1,0,0,0,0,0,0,0,1,0,0,0,4.2,0.7,96.0,1.47,36.7685,100.0,,13.1,7.9,,4.4,139.0,,34.0,64.0,114.0,0,0,41.1911,0,0,0,0,0,0,1,0,0,0,0,0,0,0,1,1,0
BQ2L,1,0,41.0,6.0,True,False,False,False,True,False,0,0,0,0,0,0,0,0,1,0,0,0,0,0,0,0,1,0,0,0,4.3,,103.0,1.01,75.3506,61.0,,,,,4.8,142.0,,21.0,84.0,132.0,1,0,37.45,0,1,0,0,0,0,1,1,0,0,0,0,0,1,1,1,0
Bg3L,0,1,78.0,8.0,False,False,False,False,False,False,0,1,0,1,0,0,0,1,1,0,0,0,1,0,1,0,1,0,0,0,4.5,0.7,97.0,1.15,61.0338,95.0,6.1,13.9,4.0,11133.0,4.6,138.0,35.0,28.0,59.0,124.0,0,1,33.85,0,0,0,0,0,0,0,0,0,0,0,0,0,0,0,0,0
BA4L,0,0,64.0,3.0,False,False,False,False,False,False,0,0,0,1,1,0,0,0,1,0,0,0,1,0,1,0,1,0,1,0,,0.3,103.0,0.68,82.8366,132.0,5.6,9.0,,497.0,5.3,136.0,41.0,11.0,71.0,115.0,1,0,29.69,0,0,0,0,0,0,0,0,0,0,0,0,0,1,0,0,1
BQ4L,1,0,41.0,3.0,True,False,False,False,False,False,0,0,0,0,0,0,1,0,0,0,0,0,1,1,0,0,0,0,1,0,4.4,0.3,102.0,0.88,88.3365,88.0,6.6,13.0,7.7,,4.6,143.0,,15.0,72.0,120.0,0,0,45.43,0,0,0,0,0,0,0,0,0,0,0,0,0,0,1,1,0
Bg6L,0,0,84.0,2.0,False,False,False,False,False,True,0,1,0,0,1,0,1,0,1,1,0,1,1,0,0,0,0,0,0,0,4.5,0.8,101.0,1.57,44.7008,177.0,9.5,13.4,6.0,,5.0,139.0,,22.0,78.0,124.0,1,0,36.41,0,0,0,0,0,0,0,0,0,0,0,0,0,0,1,1,0
BA7L,0,0,58.0,0.0,False,False,True,False,False,False,0,0,1,0,0,0,0,1,1,0,0,0,1,0,1,0,0,0,0,0,,0.8,104.0,0.69,85.1222,90.0,5.6,14.6,,,4.0,139.0,,19.0,85.0,153.0,0,0,28.91,0,0,0,0,0,0,0,0,0,0,0,0,0,1,1,1,1
BQ7L,0,0,60.0,0.0,True,False,False,False,False,False,0,0,0,0,0,0,0,1,1,0,0,0,1,0,0,1,1,0,0,0,,,101.0,0.64,93.1298,137.0,,8.3,,535.0,4.1,143.0,,16.0,68.0,116.0,0,1,21.85,0,1,0,0,0,0,1,0,0,0,0,0,0,1,0,1,1
BQ8L,0,0,86.0,0.0,False,False,False,False,False,False,0,0,0,0,0,0,0,1,1,0,0,1,1,0,1,0,0,0,1,0,4.2,1.1,87.0,0.83,66.6604,130.0,6.0,12.0,8.5,5044.0,3.5,132.0,27.0,16.0,71.0,127.0,0,1,44.72,0,0,0,0,0,0,0,0,0,0,0,0,0,0,0,0,0
Bg8L,0,1,69.0,0.0,True,False,False,False,False,False,0,1,0,0,0,0,1,1,1,1,0,1,0,1,1,1,1,0,0,0,,0.4,99.0,0.67,96.0,335.0,7.7,10.9,,145.0,4.3,134.0,,31.0,60.0,135.0,0,0,32.58,0,0,0,0,0,0,0,0,0,0,0,0,0,1,0,1,1
BA9L,1,0,86.0,0.0,True,False,False,False,False,False,0,1,1,0,0,0,1,1,1,0,0,1,0,1,1,0,1,0,0,0,4.8,0.5,99.0,0.88,94.9698,236.0,9.7,16.4,,55.0,4.9,137.0,,18.0,59.0,99.0,0,0,35.01,0,0,0,0,0,0,0,0,0,0,0,0,0,1,0,1,0
BA_L,0,0,68.0,4.0,False,False,False,False,False,False,0,0,0,0,0,0,1,1,1,0,1,0,0,1,0,0,1,0,0,0,,,,,,,,,,,,,,,70.0,124.0,1,0,20.58,0,1,1,1,1,1,1,1,1,1,1,0,0,1,1,1,1
BAAM,1,0,58.0,4.0,False,False,False,False,False,False,0,0,0,0,0,0,1,0,0,0,0,1,1,1,0,0,1,0,0,0,,,,,,,,,,,,,,,75.0,125.0,1,0,37.04,0,1,1,1,1,1,1,1,1,1,1,0,0,1,1,1,1
BABM,0,0,68.0,5.0,True,False,True,False,False,False,0,0,0,0,0,0,0,0,1,0,1,0,0,0,1,0,1,0,0,0,4.5,0.6,101.0,1.52,44.1252,102.0,,12.3,7.6,101.0,4.5,139.0,,24.0,73.0,120.0,0,1,31.71,0,0,0,0,0,0,1,0,0,0,0,0,0,0,0,1,0
BwCM,0,0,67.0,4.0,True,False,False,False,False,False,0,0,0,0,0,0,0,0,0,0,0,0,0,0,0,0,1,0,0,0,,,,,,,,,,,,,,,76.0,136.0,1,0,30.19,0,1,1,1,1,1,1,1,1,1,1,0,0,1,1,1,1
BADM,1,0,71.0,5.0,True,False,False,False,True,False,0,1,0,1,0,0,1,1,1,1,0,0,1,0,0,0,1,0,0,0,,0.4,104.0,0.69,82.0714,153.0,,11.0,,,4.5,142.0,,19.0,60.0,120.0,1,0,,1,0,0,0,0,0,1,0,0,0,0,0,0,1,1,1,1
BQDM,0,0,59.0,7.0,False,False,False,False,False,False,0,1,0,1,0,0,0,1,1,1,0,1,1,0,0,1,1,0,0,0,,0.4,102.0,0.62,127.8829,133.0,5.9,13.8,,980.0,4.7,140.0,,23.0,71.0,121.0,0,1,19.79,0,0,0,0,0,0,0,0,0,0,0,0,0,1,0,1,1
BAEM,0,1,71.0,0.0,False,False,False,False,False,False,0,0,0,1,0,0,1,1,1,0,0,1,0,1,0,0,1,1,0,0,,0.2,101.0,0.92,81.814,177.0,7.0,12.1,,662.0,4.7,138.0,,23.0,63.0,105.0,0,0,24.07,0,0,0,0,0,0,0,0,0,0,0,0,0,1,0,1,1
BAGM,0,0,51.0,0.0,False,False,True,False,False,False,0,0,0,0,0,0,0,1,0,1,0,0,0,0,1,0,0,0,1,0,,,,,,,,,,,,,,,78.0,102.0,1,0,36.58,0,1,1,1,1,1,1,1,1,1,1,0,0,1,1,1,1
BQGM,1,0,,,False,False,False,False,False,False,0,0,0,0,0,1,0,1,0,0,0,0,1,0,1,0,1,0,0,0,4.3,0.6,95.0,0.71,114.7635,90.0,5.2,16.0,6.5,,4.8,130.0,,12.0,90.0,140.0,1,0,35.39,0,0,0,0,0,0,0,0,0,0,0,0,0,0,1,1,0
BgGM,0,0,40.0,0.0,True,False,False,False,False,False,0,1,0,1,0,0,0,1,1,0,0,0,1,0,1,0,1,0,0,0,,0.4,99.0,0.86,88.702,106.0,5.3,10.6,,435.0,4.0,135.0,22.0,12.0,72.0,113.0,0,1,35.77,0,0,0,0,0,0,0,0,0,0,0,0,0,1,0,0,1
BwGM,1,0,89.0,7.0,True,False,False,False,False,False,0,1,0,0,0,0,0,0,0,0,0,0,1,0,0,0,0,0,0,0,,,,,,,,,,,,,,,88.0,148.0,0,0,30.08,0,1,1,1,1,1,1,1,1,1,1,0,0,1,1,1,1
BgHM,0,0,68.0,1.0,False,False,False,True,False,False,0,1,0,0,0,0,1,1,1,0,1,0,1,1,1,0,1,0,0,0,4.4,1.9,0.102,0.79,70.025,178.0,7.3,14.9,8.6,,0.0045,0.14,,,76.0,122.0,0,0,37.79,0,0,0,0,0,0,0,0,0,0,1,0,0,0,1,1,0
BgIM,0,0,64.0,1.0,False,False,False,False,False,False,1,1,0,0,0,1,1,1,1,1,1,1,0,1,1,1,1,1,1,0,,0.5,106.0,0.77,75.7121,89.0,6.8,14.4,,,4.3,139.0,,20.0,65.0,101.0,0,0,23.21,0,0,0,0,0,0,0,0,0,0,0,0,0,1,1,1,1
BgJM,0,0,82.0,0.0,True,False,False,False,False,False,0,0,0,0,0,0,0,1,1,0,0,0,0,0,0,0,1,0,1,0,,1.2,103.0,1.83,35.4438,120.0,5.5,13.8,,2030.0,4.1,141.0,59.0,41.0,57.0,89.0,0,1,26.64,0,0,0,0,0,0,0,0,0,0,0,0,0,1,0,0,1
BwJM,1,0,79.0,3.0,False,False,True,False,False,True,0,0,0,0,0,0,0,0,1,0,0,0,0,0,0,0,1,0,1,0,4.5,0.4,104.0,1.02,71.0082,,,14.7,9.32,,3.9,144.0,,25.0,78.0,138.0,1,0,32.81,0,0,0,0,0,1,1,0,0,0,0,0,0,0,1,1,0
BAKM,0,1,66.0,0.0,False,False,False,False,False,False,0,1,0,0,0,0,1,1,1,0,1,1,1,1,0,0,1,0,0,1,,0.6,102.0,1.12,,139.0,6.3,14.7,,3277.0,4.1,134.0,,26.0,69.0,115.0,0,0,15.9,0,0,0,0,1,0,0,0,0,0,0,0,0,1,0,1,1
BQKM,0,0,55.0,0.0,False,False,False,False,False,False,0,0,0,0,0,0,0,1,1,1,0,1,1,0,1,1,1,0,1,0,,0.7,104.0,0.61,95.6167,107.0,,11.7,,2657.0,4.1,143.0,,17.0,81.0,158.0,0,0,22.4814,0,0,0,0,0,0,1,0,0,0,0,0,0,1,0,1,1
BgKM,0,1,79.0,0.0,True,False,False,False,False,False,0,0,0,0,1,0,0,0,1,0,1,0,1,1,0,0,1,0,0,0,3.9,0.5,92.0,0.84,68.929,276.0,,,,,3.6,137.0,,9.0,72.0,115.0,1,0,37.02,0,0,0,0,0,0,1,1,0,0,0,0,0,1,1,1,0
BAMM,0,1,68.0,8.0,True,False,False,False,False,False,0,1,0,0,1,0,0,0,0,0,0,0,1,0,1,0,1,0,0,0,4.2,0.3,94.0,1.33,50.7438,127.0,7.1,10.9,5.3,2528.0,4.5,129.0,33.0,26.0,67.0,119.0,1,0,27.1996,0,0,0,0,0,0,0,0,0,0,0,0,0,0,0,0,0
BQMM,0,0,83.0,0.0,False,False,False,False,False,False,0,0,0,0,0,0,1,1,1,0,0,0,1,0,0,1,0,0,0,0,,0.9,103.0,1.24,46.1255,91.0,5.0,12.1,,2666.0,3.3,143.0,27.0,28.0,70.0,179.0,0,0,22.16,0,0,0,0,0,0,0,0,0,0,0,0,0,1,0,0,1
BgNM,0,0,37.0,1.0,True,False,False,True,False,False,0,0,0,0,0,0,0,0,1,1,0,0,0,0,0,0,0,0,0,0,,,98.0,1.02,69.9213,86.0,,12.9,,,4.4,141.0,,25.0,74.0,123.0,1,0,25.56,0,1,0,0,0,0,1,0,0,0,0,0,0,1,1,1,1
BQQM,0,0,50.0,0.0,True,False,False,False,False,False,0,0,0,0,0,0,1,1,0,0,1,0,0,1,0,0,1,0,1,0,,0.8,97.0,0.93,79.8675,123.0,,14.0,,327.0,3.6,136.0,,23.0,78.0,133.0,0,1,35.28,0,0,0,0,0,0,1,0,0,0,0,0,0,1,0,1,1
BARM,0,0,73.0,0.0,True,False,False,False,False,False,0,1,0,0,0,0,0,1,1,1,0,0,1,0,0,1,1,0,0,0,4.4,1.0,96.0,1.07,49.7251,103.0,,13.4,5.5,,4.0,138.0,,39.0,70.0,116.0,0,0,26.08,0,0,0,0,0,0,1,0,0,0,0,0,0,0,1,1,0
BATM,0,1,85.0,0.0,True,False,False,False,False,False,0,1,0,0,0,0,0,1,1,1,0,0,1,0,1,0,1,0,1,0,,0.5,104.0,0.89,97.0,105.0,5.3,9.7,,229.0,4.5,138.0,,15.0,73.0,119.0,0,1,31.22,0,0,0,0,0,0,0,0,0,0,0,0,0,1,0,1,1
BgUM,0,1,59.0,0.0,True,False,False,False,False,False,0,1,0,1,0,0,0,1,1,1,0,1,1,1,1,0,0,1,0,0,,0.8,100.0,1.05,49.3473,122.0,5.7,9.8,,1194.0,4.1,139.0,16.0,33.0,68.0,145.0,1,0,28.2,0,0,0,0,0,0,0,0,0,0,0,0,0,1,0,0,1
BAWM,1,0,82.0,1.0,False,False,False,False,False,False,0,0,0,0,0,0,0,1,1,0,0,0,0,0,0,0,0,0,0,0,,0.5,101.0,1.06,103.0,95.0,5.6,16.6,,,4.2,139.0,,18.0,99.0,157.0,0,0,36.38,0,0,0,0,0,0,0,0,0,0,0,0,0,1,1,1,1
BwWM,0,0,79.0,0.0,True,False,False,False,False,False,0,0,0,0,0,0,0,1,0,0,0,0,1,1,1,0,1,0,0,0,,,,,,,,,,,,,,,61.0,92.0,1,0,34.1,0,1,1,1,1,1,1,1,1,1,1,0,0,1,1,1,1
BQXM,0,0,85.0,3.0,True,False,False,False,False,False,0,1,0,0,0,0,0,1,1,1,0,0,0,0,1,0,1,0,0,0,,0.5,103.0,0.82,94.2921,109.0,5.6,14.2,,74.0,4.2,139.0,8.0,10.0,70.0,122.0,0,1,28.06,0,0,0,0,0,0,0,0,0,0,0,0,0,1,0,0,1
BgYM,0,0,37.0,0.0,True,True,False,False,True,False,0,1,0,0,0,1,0,1,1,0,0,0,1,0,1,0,0,0,1,0,,0.6,97.0,0.75,93.0,94.0,5.6,8.1,,13118.0,4.9,137.0,,17.0,58.0,124.0,0,0,27.93,0,0,0,0,0,0,0,0,0,0,0,0,0,1,0,1,1
BAaM,0,0,79.0,0.0,False,False,False,False,False,False,0,0,0,0,1,0,0,1,1,1,1,1,1,0,0,0,1,0,0,0,,1.2,108.0,1.61,,86.0,5.4,15.3,,6752.0,5.0,139.0,19.0,46.0,62.0,151.0,0,1,24.1,0,0,0,0,1,0,0,0,0,0,0,0,0,1,0,0,1
BQbM,0,0,71.0,0.0,False,False,False,False,False,False,0,0,0,0,0,0,0,0,1,0,0,1,0,1,0,0,1,0,0,1,,1.2,101.0,1.04,68.3719,174.0,7.3,19.4,,,4.1,141.0,23.0,27.0,86.0,179.0,1,0,29.41,0,0,0,0,0,0,0,0,0,0,0,0,0,1,1,0,1
BgbM,0,0,48.0,0.0,True,False,False,False,False,False,0,1,1,0,1,0,1,1,1,1,0,1,1,1,1,1,1,0,1,0,3.9,0.6,108.0,1.29,39.9693,110.0,6.3,10.7,5.5,697.0,4.2,141.0,,33.0,64.0,148.0,1,0,26.16,0,0,0,0,0,0,0,0,0,0,0,0,0,0,0,1,0
BwbM,0,0,71.0,0.0,True,False,False,True,False,False,0,0,0,0,0,0,0,1,1,0,1,0,1,0,1,0,1,0,0,0,,0.3,106.0,1.27,53.3977,86.0,,10.0,,13854.0,5.1,140.0,102.0,36.0,71.0,130.0,0,0,19.72,0,0,0,0,0,0,1,0,0,0,0,0,0,1,0,0,1
BQcM,0,0,45.0,0.0,False,False,False,False,False,True,0,0,0,0,0,0,0,1,0,0,0,1,0,0,1,0,1,0,0,0,,,,,,,7.2,,,,,,,,70.0,140.0,0,1,23.96,0,1,1,1,1,1,0,1,1,1,1,0,0,1,1,1,1
BAdM,1,0,78.0,0.0,False,False,False,False,False,False,0,0,0,0,0,0,1,1,1,1,0,1,1,1,1,0,1,0,0,0,,0.2,99.0,1.02,,167.0,10.8,14.8,,885.0,3.8,137.0,,14.0,90.0,124.0,0,1,35.73,0,0,0,0,1,0,0,0,0,0,0,0,0,1,0,1,1
BQgM,0,0,61.0,0.0,False,False,False,False,False,False,0,0,0,0,0,0,0,0,1,0,0,1,0,0,0,0,0,0,0,0,,,103.0,1.43,48.2106,175.0,,15.6,,1456.0,4.1,141.0,16.0,30.0,61.0,90.0,0,1,33.91,0,1,0,0,0,0,1,0,0,0,0,0,0,1,0,0,1
BAhM,1,0,60.0,7.0,False,False,False,True,False,True,0,0,0,1,0,0,0,1,0,0,0,0,1,0,0,0,0,0,0,0,,,,,,,,,,,,,,,62.0,118.0,0,0,37.76,0,1,1,1,1,1,1,1,1,1,1,0,0,1,1,1,1
BQiM,1,0,80.0,1.0,True,False,False,True,False,False,0,1,0,0,0,0,1,1,1,1,1,1,0,1,0,0,1,1,1,0,,0.3,97.0,1.04,,294.0,5.6,11.8,,,4.7,138.0,,22.0,82.0,136.0,0,1,41.35,0,0,0,0,1,0,0,0,0,0,0,0,0,1,1,1,1
BgjM,0,0,60.0,0.0,False,False,False,False,False,False,0,1,0,0,0,0,0,1,1,0,0,0,0,0,1,0,1,0,1,0,,0.9,102.0,0.7,80.1115,95.0,4.9,12.8,,,3.9,136.0,,13.0,72.0,115.0,0,1,34.95,0,0,0,0,0,0,0,0,0,0,0,0,0,1,1,1,1
BQkM,0,1,61.0,0.0,False,False,False,False,False,True,0,1,0,0,0,0,0,0,1,1,0,1,1,1,1,0,1,0,0,0,,0.5,99.0,1.3,55.9361,221.0,8.6,13.8,,4233.0,3.8,136.0,3243.0,21.0,72.0,97.0,0,0,39.86,0,0,0,0,0,0,0,0,0,0,0,0,0,1,0,0,1
BArM,0,0,64.0,1.0,False,False,False,False,False,False,0,1,0,0,0,0,1,1,1,1,0,1,0,0,0,0,1,0,0,0,3.8,0.6,103.0,0.75,75.3327,265.0,7.5,15.7,6.9,,4.5,138.0,,20.0,70.0,126.0,0,1,41.35,0,0,0,0,0,0,0,0,0,0,0,0,0,0,1,1,0
BgrM,1,0,65.0,1.0,True,False,False,False,False,False,0,0,0,0,0,0,1,1,0,0,0,1,1,1,0,0,1,0,0,0,4.4,0.8,103.0,0.58,115.0,80.0,5.9,16.2,7.9,27.0,4.1,141.0,,9.0,88.0,150.0,0,0,38.41,0,0,0,0,0,0,0,0,0,0,0,0,0,0,0,1,0
BQtM,0,0,78.0,0.0,True,False,False,False,True,False,0,0,0,0,0,0,0,1,1,0,0,0,1,0,0,0,0,0,0,0,,0.7,108.0,1.2,63.3337,100.0,5.2,15.2,,12160.0,4.8,146.0,,15.0,65.0,97.0,0,1,30.82,0,0,0,0,0,0,0,0,0,0,0,0,0,1,0,1,1
BgtM,0,0,76.0,0.0,False,False,False,False,False,False,0,0,1,0,0,0,0,1,1,0,0,0,0,0,1,0,1,0,0,0,,1.1,97.0,0.78,101.1903,91.0,4.6,11.4,,674.0,3.6,136.0,,15.0,90.0,123.0,1,0,21.92,0,0,0,0,0,0,0,0,0,0,0,0,0,1,0,1,1
BAvM,0,0,79.0,0.0,False,False,False,False,False,False,0,0,0,0,0,0,1,0,1,1,1,1,0,1,0,0,1,0,0,0,,0.3,100.0,0.58,106.4053,295.0,10.4,14.4,,,4.3,140.0,,14.0,77.0,123.0,0,0,26.33,0,0,0,0,0,0,0,0,0,0,0,0,0,1,1,1,1
BgvM,0,0,74.0,2.0,True,False,False,False,False,False,0,0,0,0,0,0,0,0,1,1,0,0,1,0,0,0,0,0,0,0,,,,,,,,,,,,,,,81.0,178.0,0,0,20.66,0,1,1,1,1,1,1,1,1,1,1,0,0,1,1,1,1
BwxM,0,1,71.0,4.0,False,False,False,False,False,False,0,1,0,0,0,1,1,1,1,1,0,1,1,0,1,1,1,0,0,0,,,78.0,0.89,,579.0,7.7,10.8,,1137.0,3.5,123.0,,18.0,49.0,118.0,1,0,26.37,0,1,0,0,1,0,0,0,0,0,0,0,0,1,0,1,1
BQyM,1,0,48.0,0.0,False,False,False,False,True,False,0,1,0,0,0,0,1,1,1,1,0,1,1,1,0,0,1,0,0,0,,1.0,104.0,0.72,115.0905,116.0,9.9,12.9,,941.0,4.1,140.0,,13.0,75.0,114.0,0,1,31.2879,0,0,0,0,0,0,0,0,0,0,0,0,0,1,0,1,1
BwyM,0,0,79.0,3.0,True,False,False,False,False,False,0,1,0,0,0,0,0,1,1,0,0,0,0,0,1,0,0,0,0,0,,,,,,,,,,,,,,,78.0,122.0,0,0,28.03,0,1,1,1,1,1,1,1,1,1,1,0,0,1,1,1,1
BAzM,0,1,84.0,3.0,True,False,False,False,False,False,0,1,0,1,0,0,1,1,1,0,1,1,1,0,1,0,1,0,1,0,,0.2,104.0,0.69,109.7746,163.0,5.5,10.3,,17763.0,4.2,143.0,,46.0,63.0,127.0,0,1,21.7,0,0,0,0,0,0,0,0,0,0,0,0,0,1,0,1,1
BA0M,1,0,86.0,7.0,True,False,False,False,False,False,0,0,0,0,0,0,0,0,0,1,0,0,0,0,0,0,1,0,0,0,4.6,2.2,106.0,0.68,83.6819,100.0,5.5,14.6,6.0,,4.9,144.0,,17.0,52.0,113.0,0,0,34.45,0,0,0,0,0,0,0,0,0,0,0,0,0,0,1,1,0
BA1M,0,0,75.0,2.0,True,True,False,False,False,False,0,1,0,0,0,0,1,0,0,0,0,0,0,1,0,0,0,0,0,0,,,,,,,,,,,,,,,60.0,108.0,0,1,26.06,0,1,1,1,1,1,1,1,1,1,1,0,0,1,1,1,1
BQ1M,0,0,75.0,1.0,False,False,False,False,False,False,0,1,1,1,0,0,1,1,1,1,0,1,1,1,0,0,1,0,0,0,,1.0,105.0,0.96,75.365,150.0,6.7,9.8,,384.0,3.9,142.0,26.0,12.0,64.0,122.0,0,0,27.06,0,0,0,0,0,0,0,0,0,0,0,0,0,1,0,0,1
Bw1M,0,0,78.0,2.0,False,False,False,False,False,True,1,0,0,1,0,0,0,1,1,0,0,0,0,0,0,0,1,0,0,0,,,107.0,0.97,79.2174,96.0,,14.8,,,4.7,142.0,,21.0,74.0,113.0,0,0,32.89,0,1,0,0,0,0,1,0,0,0,0,0,0,1,1,1,1
BQ2M,0,0,64.0,5.0,False,False,False,False,False,False,0,1,0,0,0,0,0,1,0,0,0,0,1,0,1,0,0,0,0,0,,,,,,,,,,,,,,,61.0,98.0,0,1,24.74,0,1,1,1,1,1,1,1,1,1,1,0,0,1,1,1,1
Bg2M,0,1,54.0,2.0,True,False,False,False,True,False,0,1,0,1,0,0,1,0,0,0,0,0,0,0,0,0,0,1,0,0,,0.4,102.0,0.97,85.0,115.0,,14.5,,,3.3,138.0,,23.0,68.0,150.0,0,0,25.5356,0,0,0,0,0,0,1,0,0,0,0,0,0,1,1,1,1
Bw2M,0,0,51.0,1.0,False,False,False,True,False,False,0,1,0,0,0,0,1,1,1,0,0,1,1,0,1,0,1,0,0,0,4.2,0.8,103.0,0.71,,199.0,6.9,13.4,6.2,1358.0,4.1,136.0,,14.0,66.0,98.0,0,0,33.0,0,0,0,0,1,0,0,0,0,0,0,0,0,0,0,1,0
BQ4M,0,0,61.0,0.0,False,False,False,False,False,False,0,0,0,0,0,1,0,1,1,1,0,0,1,0,1,0,0,0,0,0,,1.0,99.0,0.89,84.0,82.0,,13.6,,1483.0,3.8,138.0,,22.0,71.0,123.0,0,1,26.83,0,0,0,0,0,0,1,0,0,0,0,0,0,1,0,1,1
Bg4M,0,1,79.0,0.0,True,False,False,False,False,False,0,0,0,0,0,0,0,1,1,1,0,0,0,0,1,1,1,0,0,0,,0.4,103.0,1.5,33.7619,89.0,,9.7,,660.0,4.1,137.0,17.0,32.0,58.0,128.0,1,0,37.52,0,0,0,0,0,0,1,0,0,0,0,0,0,1,0,0,1
Bg5M,1,1,80.0,4.0,False,False,False,True,False,False,0,0,0,0,0,0,1,0,0,0,0,0,0,1,0,0,0,0,0,0,5.0,0.4,100.0,0.85,94.2889,121.0,6.0,13.9,6.9,,4.2,143.0,,16.0,76.0,138.0,1,0,34.99,0,0,0,0,0,0,0,0,0,0,0,0,0,0,1,1,0
Bg6M,0,0,68.0,0.0,True,False,False,False,False,False,0,0,0,0,0,0,0,1,1,0,0,0,0,0,1,0,1,0,0,0,,1.0,104.0,0.91,91.814,104.0,5.7,15.2,,,3.8,139.0,,12.0,79.0,111.0,0,1,22.32,0,0,0,0,0,0,0,0,0,0,0,0,0,1,1,1,1
Bw7M,1,0,71.0,6.0,False,False,False,False,False,False,0,0,0,0,0,0,0,0,1,0,0,0,0,0,0,0,0,0,0,0,3.6,0.4,116.0,1.67,42.4666,,5.0,12.9,5.03,84.7,4.4,143.0,,31.0,82.0,144.0,0,0,38.9204,0,0,0,0,0,1,0,0,0,0,0,0,0,0,0,1,0
BA8M,0,0,70.0,0.0,True,False,False,False,False,True,0,1,0,0,0,0,1,1,1,0,1,0,1,1,1,0,1,0,0,0,4.0,0.5,107.0,0.95,80.5978,180.0,8.8,15.6,11.8,1255.0,4.5,142.0,,25.0,70.0,120.0,1,0,24.33,0,0,0,0,0,0,0,0,0,0,0,0,0,0,0,1,0
BQ8M,0,0,89.0,0.0,True,False,False,False,False,False,0,0,0,1,0,0,0,0,1,1,0,0,1,0,1,0,1,0,0,0,,0.6,97.0,1.4,49.5396,124.0,6.3,12.5,,3423.0,3.8,140.0,44.0,32.0,65.0,97.0,0,1,26.23,0,0,0,0,0,0,0,0,0,0,0,0,0,1,0,0,1
Bg8M,1,0,85.0,3.0,False,False,False,False,False,False,0,1,0,0,0,0,1,0,0,0,0,0,0,1,0,0,0,0,0,0,,,,,,,,,,,,,,,62.0,110.0,1,0,28.66,0,1,1,1,1,1,1,1,1,1,1,0,0,1,1,1,1
BA9M,1,0,78.0,5.0,False,False,False,False,False,False,0,1,0,0,0,0,1,0,0,0,0,0,0,1,0,0,0,0,0,0,,,,,,,6.1,,,,,,,,78.0,115.0,0,0,36.8,0,1,1,1,1,1,0,1,1,1,1,0,0,1,1,1,1
BQ9M,1,0,85.0,0.0,True,False,False,False,False,False,0,1,0,0,0,0,1,1,1,0,0,1,0,1,0,0,1,0,0,0,,0.3,102.0,1.05,64.3631,109.0,,14.0,,56.0,4.4,141.0,7.0,17.0,63.0,135.0,0,1,33.56,0,0,0,0,0,0,1,0,0,0,0,0,0,1,0,0,1
Bw#M,0,1,57.0,0.0,False,False,False,False,True,False,0,1,0,0,0,0,0,1,1,1,1,0,0,0,0,0,1,0,0,0,,0.3,101.0,0.71,111.6944,87.0,,10.5,,,4.2,136.0,,12.0,74.0,113.0,0,1,26.32,0,0,0,0,0,0,1,0,0,0,0,0,0,1,1,1,1
BwBN,0,0,40.0,0.0,False,False,False,False,False,False,0,1,0,0,1,0,0,1,1,1,0,0,1,0,1,1,1,0,0,0,,0.5,100.0,1.69,41.8872,91.0,5.5,13.9,,723.0,4.6,137.0,82.0,27.0,65.0,130.0,1,0,32.4,0,0,0,0,0,0,0,0,0,0,0,0,0,1,0,0,1
BACN,0,0,63.0,4.0,True,False,False,False,False,False,0,0,0,0,0,0,0,0,1,0,0,0,0,0,1,1,0,0,0,0,,,92.0,1.78,72.3005,139.0,,8.4,,,3.1,133.0,,29.0,58.0,95.0,0,1,,1,1,0,0,0,0,1,0,0,0,0,0,0,1,1,1,1
BwCN,0,0,78.0,0.0,False,False,False,False,False,False,0,0,0,0,1,0,0,1,1,0,0,0,0,0,1,0,0,0,1,0,,0.8,102.0,1.46,71.8943,96.0,,16.3,,,4.5,139.0,8.0,9.0,77.0,146.0,0,1,30.2,0,0,0,0,0,0,1,0,0,0,0,0,0,1,1,0,1
BgEN,0,0,80.0,0.0,False,False,False,False,False,False,0,0,0,0,0,0,0,1,1,0,0,0,1,0,0,0,0,0,0,0,,0.8,102.0,1.04,54.8447,127.0,6.0,12.1,,6072.0,4.8,142.0,31.0,22.0,76.0,120.0,0,1,28.2,0,0,0,0,0,0,0,0,0,0,0,0,0,1,0,0,1
BAGN,1,0,74.0,2.0,False,False,False,False,False,False,0,1,0,0,0,0,1,1,0,1,0,0,0,1,1,0,1,0,1,0,4.2,0.5,105.0,1.06,67.3933,148.0,6.6,13.4,6.3,,4.4,140.0,,26.0,80.0,140.0,1,0,34.86,0,0,0,0,0,0,0,0,0,0,0,0,0,0,1,1,0
BQGN,0,0,51.0,0.0,False,False,False,False,False,False,0,0,0,0,0,1,0,1,0,1,0,0,1,0,0,0,1,0,0,0,,0.5,88.0,0.38,162.1315,90.0,5.7,11.0,,958.0,3.2,130.0,,37.0,73.0,127.0,0,0,38.95,0,0,0,0,0,0,0,0,0,0,0,0,0,1,0,1,1
BAHN,0,0,74.0,4.0,True,False,False,False,False,True,0,1,0,0,1,0,0,1,1,0,0,0,0,0,0,0,1,0,0,0,,,102.0,1.27,55.137,119.0,5.5,17.6,4.8,105.0,4.4,142.0,,20.0,71.0,112.0,0,1,25.1,0,1,0,0,0,0,0,0,0,0,0,0,0,0,0,1,1
BgJN,0,1,61.0,0.0,True,False,False,False,False,False,0,0,0,0,0,0,0,1,1,0,0,0,0,1,1,0,0,0,0,0,,,,,,,,,,,,,,,64.0,126.0,0,1,23.57,0,1,1,1,1,1,1,1,1,1,1,0,0,1,1,1,1
BAKN,0,0,52.0,1.0,True,False,False,False,False,False,0,0,0,0,0,0,1,1,1,0,0,0,0,0,1,0,1,0,0,0,4.4,0.4,103.0,0.86,88.174,78.0,,,,257.0,4.6,138.0,,17.0,76.0,113.0,0,1,26.96,0,0,0,0,0,0,1,1,0,0,0,0,0,1,0,1,0
BQKN,1,0,54.0,1.0,True,False,False,False,False,False,0,0,0,1,0,0,1,1,1,0,0,1,0,1,0,0,1,0,1,0,,0.2,100.0,0.83,91.3306,162.0,8.0,11.5,,101.0,4.2,138.0,,22.0,84.0,140.0,0,0,25.85,0,0,0,0,0,0,0,0,0,0,0,0,0,1,0,1,1
BgKN,0,0,69.0,0.0,True,False,False,True,True,False,0,0,0,0,0,1,0,0,1,0,0,0,0,0,1,0,1,0,0,0,4.2,1.1,101.0,1.07,68.7274,120.0,6.1,16.3,,642.0,4.6,137.0,18.0,14.0,67.0,117.0,0,1,27.72,0,0,0,0,0,0,0,0,0,0,0,0,0,1,0,0,0
BgLN,1,0,55.0,4.0,True,True,False,False,False,False,0,1,0,0,1,0,0,0,0,0,1,0,0,1,0,0,0,0,0,0,,,,,,,,,,,,,,,64.0,122.0,0,0,38.27,0,1,1,1,1,1,1,1,1,1,1,0,0,1,1,1,1
BwLN,0,0,37.0,1.0,True,False,False,False,False,False,0,1,0,1,0,0,1,1,1,1,0,1,1,1,0,1,0,0,0,0,,0.2,93.0,1.01,,59.0,8.6,8.9,,,4.3,127.0,,13.0,80.0,171.0,0,1,29.52,0,0,0,0,1,0,0,0,0,0,0,0,0,1,1,1,1
BAPN,0,0,41.0,1.0,False,False,False,True,False,False,0,0,0,0,0,0,1,0,1,0,0,0,0,0,0,0,1,0,0,0,4.0,0.3,104.0,1.01,52.3458,153.0,7.3,10.1,6.1,,5.1,137.0,,25.0,46.0,118.0,1,0,24.64,0,0,0,0,0,0,0,0,0,0,0,0,0,0,1,1,0
BgPN,0,0,61.0,6.0,False,False,True,False,False,False,0,1,0,0,0,0,0,1,1,1,0,0,0,0,0,0,1,0,0,0,,,,,,,,,,,,,,,64.0,119.0,1,0,34.78,0,1,1,1,1,1,1,1,1,1,1,0,0,1,1,1,1
BAQN,0,0,70.0,0.0,True,False,False,False,False,True,0,0,0,0,1,0,0,0,1,0,0,0,1,0,1,0,1,0,0,0,3.6,0.6,101.0,1.67,43.7655,94.0,5.4,11.4,10.1,456.0,3.9,142.0,19.0,29.0,57.0,121.0,0,1,46.05,0,0,0,0,0,0,0,0,0,0,0,0,0,0,0,0,0
BQQN,1,0,73.0,4.0,True,True,False,False,False,False,0,1,0,0,0,0,1,1,1,1,1,1,1,1,0,0,1,1,1,0,,0.6,98.0,0.54,107.5551,283.0,7.5,13.1,,,3.7,134.0,,14.0,84.0,126.0,1,0,30.78,0,0,0,0,0,0,0,0,0,0,0,0,0,1,1,1,1
BQRN,0,1,52.0,0.0,False,False,True,False,False,False,0,1,0,1,0,0,0,1,1,1,0,0,1,0,1,1,1,0,0,0,,0.2,95.0,0.94,78.6673,110.0,5.6,9.9,,1941.0,4.3,136.0,,18.0,79.0,142.0,0,0,30.12,0,0,0,0,0,0,0,0,0,0,0,0,0,1,0,1,1
BwSN,0,0,63.0,1.0,False,False,False,False,False,False,0,1,0,0,0,0,1,1,1,1,1,1,0,1,0,0,1,0,0,1,,0.6,102.0,0.9,89.3205,237.0,9.0,16.3,,,4.3,137.0,,15.0,78.0,130.0,1,0,48.86,0,0,0,0,0,0,0,0,0,0,0,0,0,1,1,1,1
BQTN,1,0,63.0,6.0,False,False,False,False,False,False,0,1,0,0,0,0,0,0,0,0,0,0,0,0,0,0,0,0,0,0,4.6,0.6,105.0,0.77,98.4896,,6.3,14.0,7.87,41.6,4.6,139.0,,22.0,70.0,118.0,0,0,31.1,0,0,0,0,0,1,0,0,0,0,0,0,0,0,0,1,0
BQUN,1,0,65.0,3.0,False,False,False,False,False,False,0,0,0,0,0,0,0,0,0,0,0,0,0,0,0,0,0,0,0,0,,,,,,,,,,,,,,,71.0,138.0,0,0,37.93,0,1,1,1,1,1,1,1,1,1,1,0,0,1,1,1,1
BAVN,0,0,64.0,2.0,False,False,False,True,True,False,0,0,0,0,0,0,0,1,1,0,0,1,0,0,1,1,1,0,0,0,,,100.0,1.19,60.6137,296.0,9.7,15.9,,,5.1,138.0,,25.0,74.0,144.0,0,1,27.13,0,1,0,0,0,0,0,0,0,0,0,0,0,1,1,1,1
BQVN,0,0,72.0,1.0,False,False,False,False,False,False,0,1,0,1,0,0,0,1,1,1,0,0,0,0,1,0,1,0,0,0,,0.6,105.0,0.96,78.1275,101.0,5.6,14.9,,2573.0,4.2,142.0,,27.0,88.0,140.0,0,1,29.83,0,0,0,0,0,0,0,0,0,0,0,0,0,1,0,1,1
BQWN,0,0,83.0,1.0,True,False,False,False,False,False,0,0,0,0,0,0,0,1,1,0,0,0,0,0,0,0,0,0,1,0,4.4,0.9,103.0,1.35,53.9099,102.0,,12.4,,1280.0,4.5,141.0,,22.0,56.0,85.0,0,0,38.24,0,0,0,0,0,0,1,0,0,0,0,0,0,1,0,1,0
BgXN,0,1,86.0,5.0,True,False,False,False,True,False,0,1,0,0,1,0,0,1,1,1,0,0,1,0,0,0,1,0,0,0,4.4,0.6,103.0,1.09,69.4819,91.0,5.0,15.1,5.7,,4.5,140.0,,20.0,71.0,102.0,0,1,26.0,0,0,0,0,0,0,0,0,0,0,0,0,0,0,1,1,0
BAYN,0,0,81.0,1.0,True,False,False,False,False,False,0,1,0,1,1,0,1,1,1,0,0,1,1,1,1,0,1,0,1,0,,0.4,98.0,0.6,128.358,86.0,5.6,12.4,,7548.0,5.1,137.0,19.0,12.0,87.0,138.0,0,0,26.68,0,0,0,0,0,0,0,0,0,0,0,0,0,1,0,0,1
BQZN,0,0,45.0,0.0,False,True,False,False,False,False,0,1,0,0,0,0,0,1,1,1,0,0,1,0,0,0,0,0,1,0,,1.3,98.0,1.05,53.0,104.0,5.9,10.9,,13191.0,4.1,139.0,,22.0,64.0,107.0,0,0,37.93,0,0,0,0,0,0,0,0,0,0,0,0,0,1,0,1,1
BwZN,0,0,85.0,0.0,True,False,False,False,False,False,0,0,0,0,0,0,0,0,1,0,0,1,1,0,0,0,0,0,1,0,3.5,1.0,96.0,0.55,,100.0,5.3,9.1,2.96,237.0,4.5,131.0,,24.0,62.0,105.0,0,1,31.78,0,0,0,0,1,0,0,0,0,0,0,0,0,0,0,1,0
BAaN,0,0,73.0,0.0,False,False,False,False,False,False,0,1,0,0,0,1,0,1,1,1,0,1,1,0,1,0,1,0,1,0,3.179,0.4,107.0,0.84,89.0,140.0,5.9,13.0,6.3,5291.0,3.3,143.0,,15.0,84.0,159.0,0,1,27.26,0,0,0,0,0,0,0,0,0,0,0,0,0,0,0,1,0
BgbN,0,0,77.0,0.0,True,False,False,False,False,False,0,1,0,0,0,0,0,1,1,1,0,0,0,0,0,0,1,0,1,0,,0.6,103.0,1.09,,152.0,5.0,13.3,,188.0,4.0,145.0,22.0,13.0,58.0,101.0,1,0,27.33,0,0,0,0,1,0,0,0,0,0,0,0,0,1,0,0,1
BwbN,0,0,82.0,3.0,True,False,False,False,False,True,0,1,0,0,0,0,0,0,0,0,0,0,0,0,0,0,0,0,0,0,,0.4,104.0,0.9,80.7864,164.0,,13.0,,,3.8,140.0,25.0,11.0,76.0,118.0,0,1,27.82,0,0,0,0,0,0,1,0,0,0,0,0,0,1,1,0,1
BwcN,1,0,86.0,1.0,True,False,False,False,True,False,0,0,0,0,0,1,0,0,1,1,0,0,0,0,0,1,1,0,1,0,4.2,1.1,100.0,0.94,83.3211,79.0,5.3,15.7,6.8,,4.0,138.0,,21.0,90.0,124.0,0,0,39.38,0,0,0,0,0,0,0,0,0,0,0,0,0,0,1,1,0
BQdN,1,1,59.0,0.0,False,False,False,True,False,False,0,0,1,0,0,0,0,1,0,1,0,1,1,0,0,0,0,0,1,0,3.6,0.4,96.0,0.73,117.2653,167.0,6.0,10.0,5.1,214.0,4.0,137.0,13.0,33.0,86.0,140.0,1,0,41.33,0,0,0,0,0,0,0,0,0,0,0,0,0,0,0,0,0
BwdN,0,0,63.0,1.0,True,False,True,False,False,False,0,1,0,0,0,0,1,1,1,1,0,1,1,0,1,0,1,0,1,0,,0.6,91.0,0.88,66.0,87.0,6.4,11.7,,7309.0,4.2,130.0,,30.0,70.0,116.0,0,0,11.8,0,0,0,0,0,0,0,0,0,0,0,0,0,1,0,1,1
BweN,0,0,78.0,2.0,True,False,False,False,False,False,0,1,0,0,0,0,0,1,1,0,1,0,0,0,1,0,1,0,0,0,,,,,,,,,,,,,,,81.0,120.0,0,1,24.43,0,1,1,1,1,1,1,1,1,1,1,0,0,1,1,1,1
BgfN,0,0,86.0,1.0,False,False,False,False,False,False,0,0,0,0,0,1,0,1,1,0,0,0,0,0,1,0,1,0,0,0,4.7,0.4,107.0,0.95,98.3478,100.0,5.5,13.1,7.2,780.0,4.8,144.0,,17.0,80.0,123.0,0,1,24.95,0,0,0,0,0,0,0,0,0,0,0,0,0,0,0,1,0
BQgN,0,0,80.0,0.0,False,False,False,False,False,False,0,1,0,1,0,0,0,1,1,1,0,0,0,0,1,0,1,0,1,0,,,103.0,0.76,102.3024,109.0,,15.4,,,3.7,139.0,15.0,9.0,68.0,141.0,1,0,34.62,0,1,0,0,0,0,1,0,0,0,0,0,0,1,1,0,1
BwgN,1,1,75.0,0.0,False,False,False,True,False,True,0,0,0,0,0,0,0,1,1,0,1,1,1,0,1,0,1,0,0,0,,0.2,99.0,0.57,118.08,288.0,,14.7,,,4.3,136.0,,14.0,86.0,140.0,0,0,31.7419,0,0,0,0,0,0,1,0,0,0,0,0,0,1,1,1,1
BQiN,1,0,74.0,0.0,True,False,False,False,False,False,0,0,0,0,0,1,1,1,1,1,0,1,1,1,0,1,1,1,1,0,,0.4,102.0,0.99,77.1099,257.0,7.8,13.5,,,4.3,137.0,20.0,17.0,91.0,155.0,0,0,36.59,0,0,0,0,0,0,0,0,0,0,0,0,0,1,1,0,1
BgkN,0,1,60.0,0.0,False,False,False,False,False,False,0,0,1,0,0,0,0,1,1,1,0,0,0,0,0,0,1,0,0,0,4.2,0.5,104.0,0.67,120.9993,97.0,5.4,12.9,8.2,293.0,4.5,140.0,20.0,8.0,64.0,132.0,0,0,23.29,0,0,0,0,0,0,0,0,0,0,0,0,0,0,0,0,0
BQlN,0,1,85.0,0.0,False,False,False,True,False,False,0,0,0,0,0,0,1,1,1,0,0,1,1,1,1,1,1,0,0,0,4.7,0.6,99.0,1.57,47.1352,87.0,7.2,14.8,,14172.0,3.6,144.0,33.0,24.0,93.0,134.0,0,1,29.2,0,0,0,0,0,0,0,0,0,0,0,0,0,1,0,0,0
BglN,0,1,85.0,1.0,False,False,False,True,False,True,0,1,0,0,0,1,1,1,1,1,0,1,1,0,1,1,1,0,0,0,4.9,0.9,101.0,1.62,42.5423,139.0,6.6,7.5,,16572.0,3.8,136.0,139.0,30.0,67.0,141.0,0,1,30.96,0,0,0,0,0,0,0,0,0,0,0,0,0,1,0,0,0
BQnN,0,0,62.0,0.0,True,False,False,False,False,False,0,0,0,0,0,0,1,1,1,0,0,1,1,0,0,0,1,0,0,0,,,99.0,1.03,53.1302,126.0,10.4,9.1,,7775.0,4.5,139.0,,30.0,80.0,156.0,0,1,22.89,0,1,0,0,0,0,0,0,0,0,0,0,0,1,0,1,1
BAoN,0,0,89.0,0.0,True,False,False,False,False,False,0,1,0,1,0,0,0,1,1,1,0,0,1,0,0,1,1,0,1,0,,0.5,104.0,0.78,72.3953,121.0,5.7,11.3,,3230.0,4.2,136.0,17.0,4.0,58.0,123.0,0,0,30.62,0,0,0,0,0,0,0,0,0,0,0,0,0,1,0,0,1
BwoN,0,0,31.0,0.0,False,False,False,False,False,False,0,0,0,0,0,1,1,1,1,1,0,0,0,0,0,0,1,0,0,0,,0.7,108.0,0.88,84.8888,101.0,7.9,14.8,,,4.1,143.0,,18.0,75.0,120.0,1,0,,1,0,0,0,0,0,0,0,0,0,0,0,0,1,1,1,1
BApN,0,0,69.0,0.0,False,False,True,False,False,True,0,0,0,0,0,0,0,0,1,0,0,0,0,0,0,0,0,0,0,0,,,,,,,,,,,,,,,92.0,136.0,0,0,37.51,0,1,1,1,1,1,1,1,1,1,1,0,0,1,1,1,1
BQpN,1,0,80.0,2.0,False,False,False,False,False,False,0,1,1,1,0,0,1,0,0,0,0,0,0,0,0,0,0,0,0,0,,,104.0,0.62,97.5363,223.0,7.2,13.3,,,4.2,139.0,,16.0,76.0,128.0,0,0,37.3405,0,1,0,0,0,0,0,0,0,0,0,0,0,1,1,1,1
BgpN,0,0,65.0,1.0,False,False,False,False,False,False,0,1,0,0,0,0,0,0,1,1,0,1,1,0,1,1,0,0,1,0,,0.6,96.0,0.94,78.6673,112.0,6.2,9.5,,6296.0,4.6,131.0,,22.0,73.0,80.0,0,0,21.23,0,0,0,0,0,0,0,0,0,0,0,0,0,1,0,1,1
BAqN,0,0,70.0,0.0,False,False,False,False,False,True,0,1,0,0,0,1,0,1,1,1,0,1,0,0,0,0,1,0,0,0,,0.8,103.0,1.01,93.6539,168.0,7.1,15.2,,,5.0,134.0,,14.0,71.0,123.0,0,0,31.85,0,0,0,0,0,0,0,0,0,0,0,0,0,1,1,1,1
BQqN,0,0,67.0,0.0,False,False,False,False,False,True,0,0,0,0,0,0,0,0,1,0,0,1,1,0,1,0,1,0,0,0,,1.9,82.0,0.93,73.0397,164.0,6.0,8.5,,5226.0,2.9,124.0,45.0,21.0,68.0,106.0,0,1,29.06,0,0,0,0,0,0,0,0,0,0,0,0,0,1,0,0,1
BgqN,0,0,83.0,0.0,True,False,False,False,False,False,0,0,1,0,0,0,0,1,1,0,0,0,1,0,0,0,0,0,0,0,,1.7,99.0,0.77,74.11,86.0,5.3,15.1,,1573.0,4.1,141.0,12.0,12.0,73.0,111.0,1,0,,1,0,0,0,0,0,0,0,0,0,0,0,0,1,0,0,1
BArN,0,1,82.0,0.0,False,False,False,True,False,False,0,1,0,0,1,0,1,0,1,0,1,1,1,1,0,0,1,0,0,0,,0.6,105.0,1.04,71.0,189.0,7.1,7.3,,290.0,4.6,137.0,,19.0,50.0,92.0,0,0,20.45,0,0,0,0,0,0,0,0,0,0,0,0,0,1,0,1,1
BgrN,0,0,67.0,0.0,False,False,False,False,False,True,0,0,0,0,0,0,0,1,1,1,1,1,1,1,0,0,1,0,0,0,,0.5,107.0,1.08,61.331,119.0,7.9,12.4,,131.0,4.3,139.0,,26.0,62.0,128.0,0,1,32.95,0,0,0,0,0,0,0,0,0,0,0,0,0,1,0,1,1
BQsN,0,0,71.0,0.0,False,False,False,False,False,False,0,1,0,0,0,0,0,1,1,0,0,0,0,0,1,1,1,0,0,0,4.3,1.0,99.0,1.28,57.3262,,6.0,15.5,14.57,1139.0,4.4,137.0,,34.0,78.0,110.0,0,0,29.56,0,0,0,0,0,1,0,0,0,0,0,0,0,0,0,1,0
BgsN,1,0,79.0,4.0,False,False,False,False,False,False,0,1,0,0,0,0,1,0,1,1,0,0,1,1,0,0,1,0,0,0,4.4,0.3,100.0,0.81,71.1862,149.0,,11.8,5.0,,4.3,139.0,,17.0,78.0,150.0,0,0,38.41,0,0,0,0,0,0,1,0,0,0,0,0,0,0,1,1,0
BwsN,1,0,46.0,0.0,False,False,False,False,False,False,0,1,0,0,0,0,1,0,1,1,1,1,1,1,0,0,0,0,0,0,4.1,0.8,95.0,0.91,85.874,161.0,7.6,16.5,9.8,136.0,5.0,134.0,,10.0,81.0,163.0,0,0,,1,0,0,0,0,0,0,0,0,0,0,0,0,0,0,1,0
BguN,1,0,77.0,2.0,True,False,False,False,False,True,0,1,0,0,0,0,1,1,1,0,0,1,0,0,0,1,1,0,0,0,,1.6,102.0,0.89,67.0,144.0,7.3,13.8,,902.0,3.8,140.0,,18.0,102.0,217.0,1,0,39.67,0,0,0,0,0,0,0,0,0,0,0,0,0,1,0,1,1
BAvN,0,1,69.0,0.0,False,False,False,False,False,False,1,1,0,0,0,0,0,1,1,1,0,0,0,0,0,0,1,0,1,0,3.9,0.5,96.0,0.81,93.0,104.0,5.3,9.0,18.14,,3.4,130.0,,33.0,80.0,138.0,0,1,22.73,0,0,0,0,0,0,0,0,0,0,0,0,0,0,1,1,0
BQvN,0,0,74.0,1.0,False,False,False,False,False,False,0,1,0,0,0,0,0,1,1,1,0,0,1,0,1,0,1,0,0,0,4.2,0.5,104.0,0.76,105.3424,111.0,,14.9,6.9,82.0,4.0,139.0,,11.0,60.0,102.0,0,1,41.55,0,0,0,0,0,0,1,0,0,0,0,0,0,0,0,1,0
BQxN,0,1,62.0,0.0,False,False,True,False,False,False,1,1,0,1,0,0,0,1,0,0,0,0,0,0,0,0,1,0,0,0,4.2,0.7,107.0,1.15,61.1879,85.0,5.9,13.3,7.0,,4.5,144.0,,18.0,70.0,114.0,0,1,21.62,0,0,0,0,0,0,0,0,0,0,0,0,0,0,1,1,0
BgzN,0,0,62.0,3.0,False,False,False,False,False,False,0,1,0,0,0,0,0,1,1,0,0,0,0,0,0,0,1,0,0,0,,,102.0,0.96,79.1099,135.0,5.7,,,,4.6,138.0,,16.0,82.0,176.0,0,1,32.19,0,1,0,0,0,0,0,1,0,0,0,0,0,1,1,1,1
BA0N,0,0,55.0,5.0,True,False,False,False,False,False,0,1,0,0,0,0,0,0,0,0,0,0,0,0,0,0,0,0,0,0,,,,,,,,,,,,,,,,,0,0,24.13,0,1,1,1,1,1,1,1,1,1,1,1,1,1,1,1,1
BQ0N,0,0,83.0,1.0,True,False,False,False,False,False,0,1,0,0,0,0,0,1,1,1,0,0,0,0,1,0,1,0,1,0,,0.9,105.0,0.96,83.9578,94.0,5.5,14.9,,34.0,4.1,138.0,,15.0,66.0,97.0,0,1,27.75,0,0,0,0,0,0,0,0,0,0,0,0,0,1,0,1,1
Bw0N,1,0,75.0,0.0,False,False,False,True,False,True,0,1,0,0,0,0,0,1,1,0,0,0,1,0,0,0,1,0,0,0,,,,,,,,,,,,,,,68.0,92.0,0,1,35.34,0,1,1,1,1,1,1,1,1,1,1,0,0,1,1,1,1
BQ1N,1,0,81.0,0.0,False,False,False,False,False,True,0,0,0,0,0,0,1,1,1,1,1,1,0,1,0,0,1,0,0,0,,,101.0,0.98,58.9215,235.0,6.9,11.1,,2716.0,3.5,140.0,,11.0,61.0,171.0,1,0,36.87,0,1,0,0,0,0,0,0,0,0,0,0,0,1,0,1,1
Bg1N,0,0,61.0,1.0,False,False,False,True,True,False,0,0,0,0,0,0,0,0,1,0,0,0,1,0,0,0,0,0,0,0,,0.6,101.0,0.75,78.0468,99.0,5.3,15.1,,2480.0,4.4,138.0,20.0,27.0,62.0,96.0,0,0,29.15,0,0,0,0,0,0,0,0,0,0,0,0,0,1,0,0,1
BQ2N,0,1,78.0,2.0,False,False,False,False,False,False,0,0,0,0,0,0,0,0,0,0,0,0,1,0,0,0,0,0,0,0,3.8,0.6,108.0,1.11,46.6054,,5.1,14.0,7.95,,4.0,141.0,,29.0,76.0,132.0,0,1,22.01,0,0,0,0,0,1,0,0,0,0,0,0,0,0,1,1,0
Bg4N,0,1,62.0,0.0,True,False,False,False,False,False,0,1,0,1,1,0,0,0,1,1,0,0,1,0,1,0,0,0,0,0,,1.2,101.0,1.12,67.1054,93.0,,8.5,,9877.0,4.1,136.0,22.0,16.0,56.0,77.0,0,1,23.77,0,0,0,0,0,0,1,0,0,0,0,0,0,1,0,0,1
BA5N,0,0,,,False,False,False,False,False,False,0,0,0,0,0,1,0,0,1,1,0,0,1,0,0,0,1,0,0,0,4.6,0.5,108.0,1.01,70.3757,83.0,5.1,12.2,6.8,,4.3,141.0,36.0,16.0,72.0,110.0,0,0,25.1,0,0,0,0,0,0,0,0,0,0,0,0,0,0,1,0,0
BQ6N,0,1,81.0,0.0,False,False,False,False,False,False,0,0,0,0,0,0,0,0,1,0,0,0,1,0,0,1,0,0,0,0,,0.8,104.0,0.68,,96.0,5.6,9.0,,1232.0,3.6,141.0,21.0,13.0,58.0,117.0,0,0,31.98,0,0,0,0,1,0,0,0,0,0,0,0,0,1,0,0,1
Bg6N,1,0,67.0,0.0,False,False,False,False,False,False,0,0,0,1,0,0,0,1,0,0,0,1,0,0,0,0,1,0,0,0,,,,,,,,,,,,,,,75.0,135.0,0,1,27.2001,0,1,1,1,1,1,1,1,1,1,1,0,0,1,1,1,1
BA7N,0,1,28.0,0.0,False,False,False,False,False,False,0,1,0,0,0,0,0,1,1,1,0,0,1,0,1,0,1,0,0,0,,,101.0,1.08,68.4069,105.0,5.9,12.5,,2166.0,4.1,135.0,31.0,17.0,69.0,126.0,0,1,29.58,0,1,0,0,0,0,0,0,0,0,0,0,0,1,0,0,1
Bg7N,0,0,82.0,0.0,False,False,False,False,False,False,0,0,0,0,0,0,0,0,1,1,0,0,1,0,0,0,0,0,0,0,,0.6,103.0,1.23,66.0,86.0,5.5,15.2,,6628.0,4.3,142.0,,27.0,70.0,95.0,0,1,25.5,0,0,0,0,0,0,0,0,0,0,0,0,0,1,0,1,1
Bg8N,0,0,76.0,0.0,True,True,False,False,False,False,0,1,0,0,0,0,0,0,1,0,0,0,1,0,0,0,1,0,0,0,,0.6,98.0,1.21,58.6205,92.0,,9.8,,32603.0,4.5,136.0,62.0,31.0,73.0,125.0,0,1,23.28,0,0,0,0,0,0,1,0,0,0,0,0,0,1,0,0,1
Bw9N,1,0,83.0,1.0,False,False,False,False,False,False,0,0,0,0,0,0,0,0,1,0,0,0,0,0,0,0,0,0,0,0,,1.0,105.0,0.61,103.0,99.0,,14.4,,1011.0,4.1,142.0,,17.0,80.0,140.0,1,0,43.08,0,0,0,0,0,0,1,0,0,0,0,0,0,1,0,1,1
BA_N,0,1,67.0,0.0,True,False,False,True,False,True,0,1,0,0,1,1,1,1,1,1,0,1,1,0,1,1,1,0,0,0,,1.3,103.0,1.32,68.505,87.0,6.0,12.2,,,4.1,140.0,,12.0,66.0,127.0,0,0,,1,0,0,0,0,0,0,0,0,0,0,0,0,1,1,1,1
BA#N,0,0,87.0,3.0,False,False,False,False,False,False,0,1,0,0,0,0,0,1,1,0,0,0,0,0,1,0,1,0,0,0,4.0,0.4,98.0,0.76,74.8074,105.0,5.4,13.0,8.6,776.0,5.0,135.0,,16.0,87.0,168.0,0,0,29.34,0,0,0,0,0,0,0,0,0,0,0,0,0,0,0,1,0
BADO,0,0,83.0,0.0,False,False,False,False,False,False,0,1,0,0,1,0,0,1,1,1,0,0,0,0,1,1,1,0,0,0,,0.4,106.0,1.7,39.4878,114.0,5.0,10.1,,,4.6,138.0,,22.0,72.0,105.0,0,0,24.34,0,0,0,0,0,0,0,0,0,0,0,0,0,1,1,1,1
BgFO,0,1,83.0,0.0,False,False,False,False,False,False,0,1,0,0,0,0,0,1,1,0,0,0,0,0,1,0,1,0,0,0,,0.3,103.0,0.91,90.9306,108.0,5.3,11.7,,2219.0,3.8,141.0,4369.0,11.0,62.0,99.0,0,1,24.45,0,0,0,0,0,0,0,0,0,0,0,0,0,1,0,0,1
BAGO,0,0,67.0,0.0,False,False,False,False,False,False,0,0,0,0,0,0,0,1,1,0,0,0,0,1,0,0,1,0,0,0,,0.9,104.0,0.78,103.3397,78.0,5.6,13.9,,61.0,4.3,140.0,,11.0,88.0,152.0,1,0,32.72,0,0,0,0,0,0,0,0,0,0,0,0,0,1,0,1,1
BQGO,1,0,53.0,3.0,True,False,True,False,False,False,0,1,0,1,0,0,1,1,1,0,0,0,1,0,0,0,1,0,0,0,4.4,0.5,97.0,1.63,41.1224,154.0,,12.4,9.6,,4.5,141.0,,51.0,66.0,107.0,0,1,28.11,0,0,0,0,0,0,1,0,0,0,0,0,0,0,1,1,0
BQHO,0,1,88.0,7.0,False,False,False,False,False,False,0,0,0,0,0,0,0,0,0,1,0,0,1,0,1,0,0,0,0,0,4.4,0.3,94.0,0.97,55.1169,89.0,5.9,,,,4.2,137.0,,48.0,76.0,126.0,1,0,46.09,0,0,0,0,0,0,0,1,0,0,0,0,0,1,1,1,0
BgHO,0,0,77.0,2.0,True,False,False,False,False,False,0,0,0,0,0,0,0,1,1,0,0,0,0,0,0,0,1,0,0,0,,,,,,,,,,,,,,,,,0,0,22.17,0,1,1,1,1,1,1,1,1,1,1,1,1,1,1,1,1
BwHO,0,1,87.0,0.0,True,False,False,False,False,False,0,0,0,0,1,0,0,1,1,1,0,0,1,0,1,0,1,0,1,0,,1.1,101.0,1.08,65.1386,91.0,,14.3,,1116.0,4.8,145.0,18.0,16.0,91.0,171.0,0,1,45.52,0,0,0,0,0,0,1,0,0,0,0,0,0,1,0,0,1
BAIO,1,0,58.0,1.0,False,False,False,True,False,False,0,0,0,0,0,0,0,0,0,0,0,0,0,0,0,0,1,0,0,0,,0.3,105.0,0.78,74.5931,97.0,5.5,13.2,,,4.5,140.0,,13.0,89.0,133.0,0,0,44.93,0,0,0,0,0,0,0,0,0,0,0,0,0,1,1,1,1
BAKO,0,0,79.0,0.0,False,False,False,True,False,True,0,1,0,0,0,0,0,1,1,0,0,0,0,0,0,0,0,0,0,0,,,,,,,,,,,,,,,67.0,112.0,0,0,23.63,0,1,1,1,1,1,1,1,1,1,1,0,0,1,1,1,1
BAMO,0,0,62.0,4.0,False,False,False,True,True,False,0,0,0,0,0,0,0,0,0,0,0,0,1,0,1,0,0,0,0,0,4.9,0.5,93.0,1.01,56.1012,89.0,6.6,13.6,6.7,1398.0,4.7,140.0,,29.0,76.0,137.0,1,0,29.86,0,0,0,0,0,0,0,0,0,0,0,0,0,0,0,1,0
BQMO,0,0,78.0,0.0,True,False,False,False,False,False,0,1,0,0,0,0,0,1,1,1,0,0,0,0,0,0,1,0,1,0,,1.0,105.0,1.61,42.3958,83.0,6.0,13.6,,5431.0,4.6,143.0,27.0,28.0,79.0,139.0,0,1,34.0,0,0,0,0,0,0,0,0,0,0,0,0,0,1,0,0,1
BwMO,0,0,66.0,4.0,False,False,False,True,False,False,0,0,0,0,0,0,0,0,0,0,0,0,0,0,0,0,0,0,0,0,,,,,,,,,,,,,,,70.0,122.0,0,1,34.59,0,1,1,1,1,1,1,1,1,1,1,0,0,1,1,1,1
BANO,0,0,42.0,0.0,True,False,False,False,False,True,0,1,0,0,0,0,0,1,1,1,0,0,0,0,1,0,1,0,0,0,4.7,0.5,104.0,1.03,72.4774,103.0,5.0,14.7,7.11,173.9,5.2,141.0,,23.0,73.0,113.0,0,0,27.12,0,0,0,0,0,0,0,0,0,0,0,0,0,0,0,1,0
BwNO,0,0,80.0,5.0,True,False,False,True,True,False,0,0,0,0,0,0,0,0,0,0,0,0,0,0,0,0,1,0,0,0,,,,,,,,,,,,,,,,,0,0,,1,1,1,1,1,1,1,1,1,1,1,1,1,1,1,1,1
BQPO,0,0,55.0,1.0,True,False,False,False,False,False,0,0,0,0,0,0,1,0,0,0,1,0,0,1,0,0,0,0,0,0,,,,,,,,,,,,,,,66.0,102.0,0,1,30.22,0,1,1,1,1,1,1,1,1,1,1,0,0,1,1,1,1
BgPO,1,0,63.0,1.0,False,False,False,False,False,False,0,0,0,0,0,0,1,0,0,0,0,0,0,1,0,0,1,0,0,0,,0.3,103.0,0.72,85.3972,104.0,6.9,14.4,,,4.0,139.0,,15.0,95.0,128.0,0,0,49.5268,0,0,0,0,0,0,0,0,0,0,0,0,0,1,1,1,1
BASO,0,1,75.0,0.0,False,False,False,False,False,False,0,1,0,0,0,0,1,1,1,1,0,1,1,1,1,0,0,0,1,0,,0.9,99.0,0.81,104.5025,221.0,10.3,14.4,,752.0,4.1,137.0,,20.0,63.0,107.0,0,1,36.27,0,0,0,0,0,0,0,0,0,0,0,0,0,1,0,1,1
BwTO,0,0,75.0,2.0,False,False,False,False,False,False,0,0,0,0,0,0,0,1,1,1,0,1,1,0,0,0,0,0,0,0,3.9,2.4,104.0,0.92,,,12.2,16.6,8.71,1502.0,4.6,140.0,,18.0,,,0,0,38.3,0,0,0,0,1,1,0,0,0,0,0,1,1,0,0,1,0
BQUO,0,0,83.0,0.0,False,False,False,False,False,False,0,1,0,0,0,0,0,0,0,0,0,0,0,0,0,0,0,0,0,0,,,,,,,,,,,,,,,68.0,122.0,0,1,28.08,0,1,1,1,1,1,1,1,1,1,1,0,0,1,1,1,1
BwUO,0,0,72.0,0.0,False,False,False,False,False,False,0,0,0,0,0,0,0,1,1,1,0,0,1,0,1,0,0,0,0,0,,1.5,104.0,0.92,62.481,97.0,6.0,13.8,,,3.9,141.0,22.0,24.0,100.0,165.0,0,1,,1,0,0,0,0,0,0,0,0,0,0,0,0,1,1,0,1
BQVO,0,1,61.0,1.0,False,False,True,False,False,False,0,1,0,0,0,0,1,0,1,0,1,1,1,1,0,1,1,0,0,1,,0.2,99.0,1.18,43.6377,174.0,5.8,9.5,,2653.0,5.5,135.0,,47.0,57.0,113.0,1,0,21.68,0,0,0,0,0,0,0,0,0,0,0,0,0,1,0,1,1
BwVO,0,0,80.0,0.0,False,False,False,False,False,False,1,1,1,0,0,0,0,0,1,1,0,1,1,0,1,0,1,0,1,0,,0.9,96.0,0.82,97.0,165.0,5.4,11.4,,1483.0,4.2,136.0,,16.0,63.0,98.0,0,1,21.76,0,0,0,0,0,0,0,0,0,0,0,0,0,1,0,1,1
BAWO,1,0,73.0,3.0,False,False,False,True,False,True,1,1,0,0,0,0,1,1,1,0,0,1,1,1,0,0,1,0,0,0,,0.5,100.0,0.79,96.2695,348.0,10.7,10.7,8.6,506.0,3.9,135.0,,18.0,93.0,181.0,1,0,32.34,0,0,0,0,0,0,0,0,0,0,0,0,0,0,0,1,1
BwWO,0,0,75.0,0.0,True,False,False,False,False,False,0,0,0,0,0,0,0,0,1,1,0,1,1,0,0,1,0,0,1,0,,0.2,97.0,0.43,201.184,90.0,,12.7,,,4.4,135.0,,12.0,80.0,130.0,0,1,25.87,0,0,0,0,0,0,1,0,0,0,0,0,0,1,1,1,1
BAXO,0,1,86.0,2.0,False,False,False,False,False,False,0,1,0,0,0,0,0,0,0,1,0,1,0,0,0,0,1,0,0,0,,0.4,102.0,0.95,102.1264,222.0,10.2,13.2,,29.0,4.0,138.0,12.0,13.0,84.0,144.0,1,0,26.12,0,0,0,0,0,0,0,0,0,0,0,0,0,1,0,0,1
BQXO,0,1,69.0,0.0,False,False,False,True,False,False,0,1,0,0,1,0,0,1,1,1,0,0,1,0,1,1,1,0,0,0,,1.0,106.0,1.62,43.9827,88.0,5.7,13.3,,6519.0,4.1,144.0,66.0,28.0,89.0,177.0,0,1,41.2,0,0,0,0,0,0,0,0,0,0,0,0,0,1,0,0,1
BgXO,1,0,70.0,1.0,False,False,False,False,False,False,0,0,0,0,0,0,1,0,0,0,0,0,0,1,0,0,1,0,0,0,,,,,,,6.9,,,,,,,,62.0,152.0,0,0,29.05,0,1,1,1,1,1,0,1,1,1,1,0,0,1,1,1,1
BwXO,0,0,76.0,0.0,False,False,False,False,False,False,0,0,0,0,0,0,0,1,1,0,0,1,1,0,1,1,0,0,1,0,,0.4,109.0,0.64,142.3182,116.0,4.9,11.5,,440.0,3.2,143.0,,7.0,62.0,125.0,0,1,26.16,0,0,0,0,0,0,0,0,0,0,0,0,0,1,0,1,1
BAZO,0,0,76.0,5.0,False,False,False,False,False,False,0,1,0,0,0,0,0,0,1,0,0,0,0,0,0,0,0,0,0,0,4.2,0.9,103.0,0.77,101.3926,123.0,,,,109.0,4.5,143.0,,12.0,82.0,134.0,1,0,28.97,0,0,0,0,0,0,1,1,0,0,0,0,0,1,0,1,0
BgZO,0,1,68.0,0.0,False,False,False,True,False,False,0,1,0,0,0,0,0,1,1,0,0,0,1,0,1,0,1,0,0,0,,,,,,,,,,,,,,,72.0,92.0,0,1,27.06,0,1,1,1,1,1,1,1,1,1,1,0,0,1,1,1,1
BgbO,0,0,76.0,0.0,True,False,False,False,False,True,0,0,0,0,0,0,0,0,1,0,0,0,1,0,0,0,1,0,0,0,,1.2,94.0,1.27,56.566,126.0,6.8,15.9,,11127.0,4.3,131.0,45.0,23.0,84.0,130.0,0,1,33.8,0,0,0,0,0,0,0,0,0,0,0,0,0,1,0,0,1
BwbO,0,1,81.0,0.0,True,False,False,False,False,True,0,1,0,0,0,0,0,1,1,1,0,1,1,0,1,0,1,0,0,0,,1.9,102.0,1.63,48.0,119.0,6.7,12.8,,12177.0,4.8,138.0,,44.0,68.0,128.0,0,0,30.77,0,0,0,0,0,0,0,0,0,0,0,0,0,1,0,1,1
BgcO,0,0,79.0,0.0,True,False,False,False,False,False,0,0,0,0,0,0,0,1,1,1,0,0,1,0,1,0,0,0,1,0,,0.6,98.0,0.98,54.7455,97.0,5.4,12.6,,1226.0,4.5,137.0,,37.0,55.0,101.0,0,1,30.82,0,0,0,0,0,0,0,0,0,0,0,0,0,1,0,1,1
BgdO,0,0,70.0,7.0,False,False,False,False,False,False,0,0,0,0,0,0,1,0,0,0,0,0,0,0,0,1,1,0,0,0,4.4,1.6,103.0,1.13,62.9257,135.0,6.5,16.5,5.9,,4.5,144.0,,20.0,76.0,132.0,0,1,42.67,0,0,0,0,0,0,0,0,0,0,0,0,0,0,1,1,0
BAeO,0,0,77.0,2.0,True,False,False,False,False,False,0,1,0,0,0,0,0,1,1,0,0,0,0,0,1,0,1,0,0,0,4.3,0.3,116.0,0.77,100.4682,91.0,5.9,11.8,6.8,153.0,3.7,145.0,,4.0,64.0,112.0,1,0,27.44,0,0,0,0,0,0,0,0,0,0,0,0,0,0,0,1,0
BwgO,0,1,82.0,0.0,False,False,False,False,False,False,0,0,0,0,0,0,0,1,1,0,0,0,0,0,0,0,1,0,0,0,,,,,,,,,,,,,,,80.0,112.0,0,1,28.89,0,1,1,1,1,1,1,1,1,1,1,0,0,1,1,1,1
BAhO,0,1,64.0,5.0,True,False,False,False,False,False,0,1,0,1,0,0,0,1,1,1,0,0,0,0,1,1,1,0,0,0,,0.3,106.0,1.23,57.3654,96.0,,13.9,,4779.0,3.8,140.0,54.0,21.0,66.0,148.0,1,0,21.35,0,0,0,0,0,0,1,0,0,0,0,0,0,1,0,0,1
BghO,0,0,68.0,4.0,False,False,False,False,False,False,0,1,0,0,1,0,0,1,1,1,0,1,0,1,1,0,1,0,1,0,,0.7,104.0,1.23,70.0,72.0,,15.9,,664.0,4.3,144.0,,15.0,56.0,94.0,0,1,29.22,0,0,0,0,0,0,1,0,0,0,0,0,0,1,0,1,1
BwhO,0,0,66.0,0.0,False,False,False,False,False,False,0,1,0,0,0,0,1,1,1,1,0,1,0,0,0,1,1,0,0,0,3.8,0.4,103.0,1.44,50.3862,,5.9,13.3,7.78,577.0,4.3,143.0,,13.0,84.0,124.0,0,0,30.81,0,0,0,0,0,1,0,0,0,0,0,0,0,0,0,1,0
BAiO,0,0,60.0,4.0,False,False,False,False,False,False,0,0,0,0,0,0,0,0,0,0,0,0,0,0,0,0,0,0,0,0,,,,,,,,,,,,,,,,,0,0,,1,1,1,1,1,1,1,1,1,1,1,1,1,1,1,1,1
BQjO,0,0,53.0,1.0,True,True,False,False,False,False,0,1,0,1,1,0,0,1,1,1,0,0,1,0,0,0,1,0,0,0,,1.1,97.0,1.17,62.963,151.0,6.2,15.2,7.1,4529.0,4.3,135.0,,17.0,101.0,131.0,0,1,32.08,0,0,0,0,0,0,0,0,0,0,0,0,0,0,0,1,1
BQkO,1,0,77.0,5.0,True,False,False,False,False,False,0,1,0,0,0,0,0,1,1,0,0,0,0,0,0,0,0,0,0,0,4.4,0.3,104.0,1.0,76.4813,154.0,,15.4,8.0,,5.3,143.0,,13.0,79.0,120.0,1,0,34.04,0,0,0,0,0,0,1,0,0,0,0,0,0,0,1,1,0
BAlO,0,0,47.0,0.0,False,False,False,False,False,False,0,0,0,0,0,1,0,1,1,1,0,0,0,0,0,1,1,0,0,0,,0.7,108.0,1.41,47.4361,127.0,5.6,9.4,,,4.5,141.0,,25.0,63.0,127.0,0,1,30.27,0,0,0,0,0,0,0,0,0,0,0,0,0,1,1,1,1
BglO,0,0,74.0,5.0,True,False,False,False,False,False,0,0,0,0,0,0,0,1,1,0,0,0,1,0,1,0,0,0,0,0,,,100.0,0.82,93.0,82.0,5.0,10.6,,137.0,3.9,139.0,,9.0,52.0,94.0,0,0,27.54,0,1,0,0,0,0,0,0,0,0,0,0,0,1,0,1,1
BQmO,0,0,82.0,0.0,False,False,False,False,False,False,0,0,0,0,0,0,0,0,1,1,0,1,0,0,0,0,1,0,1,0,,0.6,,,,,,,,,,,,,76.0,195.0,1,0,34.8,0,0,1,1,1,1,1,1,1,1,1,0,0,1,1,1,1
BQnO,0,0,61.0,0.0,True,False,True,False,False,True,0,0,0,0,0,0,0,1,1,1,0,0,1,0,1,0,0,0,0,0,,1.3,103.0,0.84,91.7061,91.0,5.7,16.1,,3213.0,4.3,140.0,,16.0,56.0,93.0,0,1,26.44,0,0,0,0,0,0,0,0,0,0,0,0,0,1,0,1,1
BgnO,1,0,52.0,0.0,True,False,False,False,False,True,0,1,0,0,0,0,0,1,1,0,0,1,0,0,0,0,1,0,1,0,,,,,,,7.0,,,,,,,,78.0,130.0,1,0,29.28,0,1,1,1,1,1,0,1,1,1,1,0,0,1,1,1,1
BwnO,0,0,87.0,7.0,False,False,False,False,False,False,0,0,0,0,0,0,0,1,1,1,0,1,1,0,1,0,1,0,0,0,,3.1,92.0,0.87,90.4462,94.0,6.5,14.5,,4789.0,3.9,136.0,109.0,32.0,56.0,93.0,0,0,39.54,0,0,0,0,0,0,0,0,0,0,0,0,0,1,0,0,1
BQoO,0,1,73.0,0.0,False,False,False,False,False,False,0,1,1,0,1,0,0,1,1,1,0,0,1,0,1,1,1,0,1,0,,0.8,104.0,1.02,75.8263,98.0,4.5,14.3,,1144.0,4.0,141.0,,23.0,81.0,113.0,0,1,35.44,0,0,0,0,0,0,0,0,0,0,0,0,0,1,0,1,1
BwoO,1,0,78.0,2.0,False,False,False,False,False,False,0,0,0,0,0,0,0,1,0,0,0,0,0,1,0,0,0,0,0,0,,,,,,,,,,,,,,,74.0,124.0,1,0,31.32,0,1,1,1,1,1,1,1,1,1,1,0,0,1,1,1,1
BApO,0,0,75.0,0.0,False,False,False,False,False,False,0,0,0,0,0,0,0,1,1,1,0,0,1,0,0,0,1,0,0,0,,0.8,101.0,1.0,73.8726,116.0,5.7,16.0,,4008.0,4.0,139.0,16.0,14.0,77.0,190.0,0,1,37.81,0,0,0,0,0,0,0,0,0,0,0,0,0,1,0,0,1
BwrO,0,0,72.0,2.0,True,False,False,True,True,False,0,1,1,0,1,0,0,1,1,0,0,0,0,0,0,0,1,0,1,0,4.0,1.3,103.0,1.17,59.1083,85.0,5.7,13.6,6.4,3187.0,4.6,140.0,,19.0,69.0,111.0,0,1,23.75,0,0,0,0,0,0,0,0,0,0,0,0,0,0,0,1,0
BAtO,1,0,65.0,0.0,False,False,False,True,False,False,0,0,1,0,0,0,0,0,0,1,0,0,0,0,0,0,0,0,0,0,4.4,0.4,104.0,1.13,,110.0,5.4,15.3,6.8,,4.3,138.0,,16.0,82.0,133.0,0,0,39.57,0,0,0,0,1,0,0,0,0,0,0,0,0,0,1,1,0
BwtO,0,1,88.0,0.0,True,False,False,False,False,False,0,0,0,0,0,0,0,1,1,0,0,1,1,0,0,0,1,1,0,0,,0.6,105.0,0.76,73.4116,169.0,5.1,10.2,,,4.4,141.0,39.0,29.0,72.0,152.0,0,1,42.24,0,0,0,0,0,0,0,0,0,0,0,0,0,1,1,0,1
BAwO,1,0,76.0,2.0,False,False,False,False,False,False,0,1,0,0,0,0,0,0,1,0,1,0,0,0,0,0,1,0,0,0,4.8,0.5,102.0,0.97,78.4238,112.0,6.1,15.8,6.9,,4.8,138.0,,16.0,80.0,122.0,1,0,38.01,0,0,0,0,0,0,0,0,0,0,0,0,0,0,1,1,0
BQwO,0,0,48.0,0.0,False,False,False,False,False,False,0,0,0,0,0,0,1,1,1,0,0,1,1,0,0,0,1,0,0,0,,,,,,,,,,,,,,,,,0,0,31.41,0,1,1,1,1,1,1,1,1,1,1,1,1,1,1,1,1
BQxO,1,0,57.0,2.0,False,False,False,False,False,False,0,0,0,0,0,0,1,0,0,0,0,0,0,0,0,0,0,0,0,0,,,,,,,4.9,,,,,,,,78.0,151.0,0,0,37.97,0,1,1,1,1,1,0,1,1,1,1,0,0,1,1,1,1
BQyO,0,1,53.0,6.0,True,False,False,False,False,True,0,1,0,0,0,0,1,1,1,0,0,1,1,0,1,0,1,0,1,0,,1.2,92.0,0.93,,146.0,8.9,13.6,,2511.0,4.5,136.0,,30.0,46.0,96.0,1,0,23.09,0,0,0,0,1,0,0,0,0,0,0,0,0,1,0,1,1
BgyO,0,0,68.0,0.0,False,False,False,False,False,False,0,0,0,0,0,0,0,1,1,1,0,0,1,0,1,0,1,0,0,0,,1.7,102.0,1.77,41.6234,130.0,6.4,14.1,,12829.0,3.6,140.0,72.0,39.0,65.0,114.0,0,0,32.58,0,0,0,0,0,0,0,0,0,0,0,0,0,1,0,0,1
BgzO,0,0,69.0,0.0,True,False,True,False,False,False,0,0,0,0,0,0,0,1,0,1,1,1,1,1,1,0,1,0,0,0,,0.6,99.0,1.0,77.0186,95.0,9.0,14.4,,3101.0,3.8,138.0,,20.0,79.0,133.0,0,0,,1,0,0,0,0,0,0,0,0,0,0,0,0,1,0,1,1
BwzO,0,0,40.0,5.0,False,False,False,True,False,False,0,1,0,0,0,0,0,0,0,0,0,0,0,0,0,0,1,0,0,0,,,101.0,0.77,,115.0,6.5,13.1,4.3,64.0,4.4,138.0,,11.0,78.0,122.0,1,0,30.66,0,1,0,0,1,0,0,0,0,0,0,0,0,0,0,1,1
BQ0O,1,0,70.0,0.0,False,False,False,False,False,True,0,0,0,1,0,0,0,1,1,0,0,0,1,0,0,0,0,0,1,0,,,,,,,,,,,,,,,64.0,110.0,0,0,39.95,0,1,1,1,1,1,1,1,1,1,1,0,0,1,1,1,1
BA1O,1,1,58.0,0.0,False,False,False,True,False,True,0,0,0,0,0,1,1,0,0,0,0,1,0,0,0,0,1,0,0,0,,0.3,102.0,1.11,82.0,327.0,8.8,14.5,,,4.5,136.0,,22.0,70.0,123.0,0,0,,1,0,0,0,0,0,0,0,0,0,0,0,0,1,1,1,1
BA2O,1,0,79.0,0.0,False,False,False,False,False,False,0,0,0,0,0,0,1,1,0,0,0,0,0,0,0,0,1,0,0,0,,,,,,,,,,,,,,,65.0,125.0,0,0,48.25,0,1,1,1,1,1,1,1,1,1,1,0,0,1,1,1,1
BQ2O,1,0,76.0,2.0,True,False,False,False,False,True,0,0,0,0,0,0,0,1,1,0,0,0,0,0,0,0,1,0,0,0,,,,,,,,,,,,,,,78.0,146.0,1,0,35.6,0,1,1,1,1,1,1,1,1,1,1,0,0,1,1,1,1
Bw2O,0,0,63.0,1.0,False,False,False,False,False,False,0,1,0,0,0,0,1,1,1,1,0,1,1,1,0,1,1,0,1,0,,0.3,101.0,1.05,77.0,134.0,6.7,10.6,,992.0,4.7,142.0,,16.0,75.0,134.0,0,0,29.63,0,0,0,0,0,0,0,0,0,0,0,0,0,1,0,1,1
BA3O,1,0,75.0,0.0,True,False,False,False,False,False,0,1,0,1,0,0,1,1,1,1,0,1,1,0,1,0,1,0,1,0,4.5,0.6,106.0,0.92,79.7755,100.0,5.7,12.8,5.2,2960.0,4.3,143.0,,20.0,54.0,128.0,0,0,22.93,0,0,0,0,0,0,0,0,0,0,0,0,0,0,0,1,0
Bg3O,0,1,68.0,0.0,False,False,False,False,False,True,0,0,0,1,0,0,0,1,1,0,0,0,1,0,1,0,1,0,0,0,,0.6,95.0,0.8,74.7481,159.0,5.7,9.9,,1776.0,4.3,139.0,32.0,17.0,89.0,164.0,0,0,,1,0,0,0,0,0,0,0,0,0,0,0,0,1,0,0,1
Bg4O,0,0,47.0,0.0,False,False,False,False,False,False,0,0,1,0,0,0,0,1,1,1,0,0,0,0,1,0,1,0,1,0,4.5,0.6,98.0,0.89,60.4251,166.0,,14.4,7.3,2178.0,4.8,136.0,,19.0,90.0,180.0,0,0,26.14,0,0,0,0,0,0,1,0,0,0,0,0,0,0,0,1,0
BQ6O,0,0,74.0,1.0,False,False,False,False,False,False,0,0,0,1,0,0,0,1,1,0,1,1,1,1,0,0,1,1,0,0,4.2,1.7,99.0,1.7,39.2774,120.0,,,,,5.4,138.0,,33.0,64.0,122.0,0,0,30.08,0,0,0,0,0,0,1,1,0,0,0,0,0,1,1,1,0
Bw6O,0,0,66.0,0.0,True,False,False,False,False,False,0,0,0,0,0,0,0,1,1,0,0,0,0,0,1,0,0,0,1,0,,1.0,95.0,0.89,89.4157,99.0,,15.9,9.83,45.0,4.5,130.0,8.0,13.0,76.0,125.0,0,1,,1,0,0,0,0,0,1,0,0,0,0,0,0,0,0,0,1
BQ7O,0,0,44.0,0.0,False,False,False,False,False,False,0,1,0,0,0,0,0,1,1,1,0,0,1,0,0,0,1,0,0,0,,,99.0,0.85,65.9306,86.0,,12.3,,,5.0,138.0,,17.0,85.0,128.0,1,0,35.08,0,1,0,0,0,0,1,0,0,0,0,0,0,1,1,1,1
Bg8O,0,0,48.0,0.0,True,False,False,False,True,False,1,0,0,0,0,0,0,0,0,0,0,0,0,0,1,0,0,0,0,0,,,,,,,,,,,,,,,84.0,149.0,0,0,23.63,0,1,1,1,1,1,1,1,1,1,1,0,0,1,1,1,1
Bw8O,1,0,56.0,0.0,False,False,False,False,False,False,0,1,0,0,0,0,1,1,1,1,0,1,1,0,1,0,1,0,0,0,,,99.0,0.69,,,7.2,13.0,4.9,,4.0,138.0,,16.0,90.0,178.0,0,1,22.15,0,1,0,0,1,1,0,0,0,0,0,0,0,0,1,1,1
Bg_O,0,0,68.0,0.0,False,False,False,False,False,False,0,0,1,0,0,1,0,0,1,0,0,1,0,0,0,0,1,0,0,0,4.7,1.4,104.0,1.31,55.0874,102.0,5.6,14.5,,,4.7,140.0,15.0,12.0,91.0,136.0,0,1,23.27,0,0,0,0,0,0,0,0,0,0,0,0,0,1,1,0,0
Bw_O,0,0,62.0,1.0,False,False,False,False,False,False,0,0,0,0,0,0,1,0,0,0,0,0,0,0,0,0,0,0,0,0,,,,,,,10.5,,,,,,,,76.0,124.0,0,1,19.89,0,1,1,1,1,1,0,1,1,1,1,0,0,1,1,1,1
BQ#O,1,0,71.0,0.0,False,False,False,False,False,False,0,1,0,0,0,0,1,0,1,1,1,1,1,1,0,0,1,1,0,0,4.1,0.5,102.0,1.27,,,7.5,11.4,15.5,3135.0,4.7,139.0,,22.0,72.0,118.0,0,0,29.49,0,0,0,0,1,1,0,0,0,0,0,0,0,0,0,1,0
Bg#O,0,0,69.0,4.0,False,False,False,False,False,True,0,0,0,0,0,0,0,0,0,0,0,0,0,1,0,0,0,1,0,0,,,,,,,,,,,,,,,82.0,125.0,0,0,32.28,0,1,1,1,1,1,1,1,1,1,1,0,0,1,1,1,1
BAAP,0,0,80.0,0.0,True,False,False,False,False,False,0,1,0,0,1,0,1,1,1,0,0,1,1,0,1,0,1,0,0,0,,0.4,99.0,1.27,,232.0,13.2,14.2,,,4.7,133.0,15.0,21.0,82.0,127.0,0,0,30.35,0,0,0,0,1,0,0,0,0,0,0,0,0,1,1,0,1
BgBP,0,0,67.0,0.0,False,False,False,False,False,False,0,0,0,0,0,1,0,1,1,1,0,0,0,0,1,0,1,0,0,0,4.2,0.3,98.0,0.99,93.0,82.0,5.5,10.7,7.5,948.0,5.0,136.0,,19.0,80.0,118.0,0,1,27.73,0,0,0,0,0,0,0,0,0,0,0,0,0,0,0,1,0
BwBP,1,0,55.0,0.0,False,False,False,False,False,False,0,1,0,0,1,0,1,1,1,1,0,1,1,0,0,0,1,1,0,0,,,101.0,2.05,34.4506,125.0,7.3,9.3,,,4.3,134.0,,67.0,60.0,117.0,0,0,34.36,0,1,0,0,0,0,0,0,0,0,0,0,0,1,1,1,1
BACP,1,0,78.0,2.0,True,False,False,False,False,False,0,1,1,0,0,0,1,1,1,0,0,1,0,1,0,0,1,1,0,0,,0.5,96.0,0.57,149.5307,254.0,6.0,14.3,,137.0,3.7,136.0,24.0,15.0,103.0,180.0,0,0,26.87,0,0,0,0,0,0,0,0,0,0,0,0,0,1,0,0,1
BgCP,0,0,63.0,4.0,False,False,False,True,False,False,0,1,0,0,0,0,1,1,0,0,0,0,0,0,0,0,1,0,0,0,,0.5,98.0,0.71,80.4703,182.0,7.0,15.7,,,3.6,138.0,8.0,11.0,96.0,196.0,1,0,37.96,0,0,0,0,0,0,0,0,0,0,0,0,0,1,1,0,1
BQDP,0,0,73.0,0.0,True,False,False,False,False,True,0,0,1,0,0,0,0,1,1,0,0,0,0,0,0,0,0,0,0,0,,,,,,,,,,,,,,,,,0,1,27.63,0,1,1,1,1,1,1,1,1,1,1,1,1,1,1,1,1
BwDP,0,1,43.0,0.0,False,False,False,False,False,True,0,1,0,0,0,0,1,1,1,1,0,1,1,1,0,1,1,1,0,0,,0.5,102.0,0.94,,186.0,10.7,14.5,,2153.0,3.6,137.0,,14.0,93.0,143.0,0,1,32.17,0,0,0,0,1,0,0,0,0,0,0,0,0,1,0,1,1
BAEP,0,0,58.0,0.0,False,False,False,False,False,False,0,1,1,0,1,0,0,1,1,1,0,0,1,0,1,1,1,0,0,0,4.0,0.8,103.0,1.35,61.0249,107.0,6.4,13.6,7.7,1625.0,4.1,140.0,16.0,18.0,82.0,124.0,1,0,22.65,0,0,0,0,0,0,0,0,0,0,0,0,0,0,0,0,0
BwFP,0,0,54.0,0.0,False,False,False,False,False,False,0,0,0,0,0,0,0,1,1,0,0,0,1,0,1,0,1,0,0,0,,1.2,98.0,1.33,53.3122,85.0,5.8,12.3,,5840.0,3.7,136.0,18.0,23.0,73.0,126.0,1,0,32.55,0,0,0,0,0,0,0,0,0,0,0,0,0,1,0,0,1
BgGP,0,0,82.0,4.0,True,False,False,False,False,False,0,0,0,0,0,0,0,0,0,1,1,0,0,0,0,0,1,0,0,0,,2.1,101.0,1.11,46.7162,135.0,,14.3,,2801.0,3.9,137.0,31.0,23.0,58.0,135.0,0,0,27.68,0,0,0,0,0,0,1,0,0,0,0,0,0,1,0,0,1
BgHP,0,0,79.0,0.0,False,False,False,False,False,False,0,1,0,0,1,0,0,1,1,1,1,0,1,0,0,1,1,0,1,0,,0.3,101.0,1.53,46.0,122.0,5.7,11.5,,305.0,4.1,138.0,,38.0,73.0,126.0,1,0,36.8,0,0,0,0,0,0,0,0,0,0,0,0,0,1,0,1,1
BwHP,0,0,61.0,2.0,False,False,False,False,False,False,0,0,0,0,0,0,1,0,1,0,0,1,1,1,0,0,1,0,0,0,,1.3,97.0,1.57,43.5226,143.0,,12.9,,456.0,3.8,136.0,,20.0,66.0,114.0,0,0,36.71,0,0,0,0,0,0,1,0,0,0,0,0,0,1,0,1,1
BQIP,0,0,66.0,1.0,False,False,False,False,False,False,0,0,0,0,0,0,0,0,0,0,0,0,0,0,0,0,0,0,0,0,4.0,0.4,95.0,1.0,54.9738,113.0,,,,,4.5,138.0,,23.0,73.0,109.0,1,0,39.15,0,0,0,0,0,0,1,1,0,0,0,0,0,1,1,1,0
BgKP,0,0,59.0,0.0,False,False,False,False,False,False,0,1,0,0,0,0,0,1,1,1,1,1,0,0,1,0,1,0,1,0,,0.3,89.0,0.43,189.9297,117.0,5.6,14.0,,4099.0,4.0,125.0,,8.0,68.0,146.0,0,1,14.24,0,0,0,0,0,0,0,0,0,0,0,0,0,1,0,1,1
BwLP,0,0,83.0,1.0,False,False,False,False,False,False,0,1,0,1,0,0,1,1,1,1,0,1,1,1,1,1,1,0,1,0,,0.3,99.0,0.75,74.165,326.0,7.9,9.1,,4523.0,5.1,142.0,,19.0,73.0,119.0,0,0,25.32,0,0,0,0,0,0,0,0,0,0,0,0,0,1,0,1,1
BAMP,1,0,66.0,3.0,False,False,False,False,False,False,0,0,0,0,0,0,0,1,0,0,0,0,1,0,0,0,1,0,0,0,4.2,0.6,106.0,0.64,91.2162,101.0,5.6,13.8,7.0,,4.4,140.0,,17.0,64.0,136.0,0,0,37.45,0,0,0,0,0,0,0,0,0,0,0,0,0,0,1,1,0
BgMP,1,0,78.0,0.0,False,False,False,False,False,False,0,0,0,0,0,0,1,1,1,0,0,1,0,1,0,1,0,1,0,0,4.3,0.4,104.0,0.62,98.8658,219.0,9.7,13.5,,,4.1,140.0,,12.0,79.0,126.0,0,0,35.4841,0,0,0,0,0,0,0,0,0,0,0,0,0,1,1,1,0
BwNP,0,0,64.0,0.0,False,False,False,True,True,False,0,1,0,0,0,0,1,1,1,1,0,1,0,1,0,0,1,0,1,0,,0.4,98.0,0.81,98.5744,131.0,6.4,15.5,,50.0,4.7,133.0,,28.0,79.0,130.0,1,0,26.72,0,0,0,0,0,0,0,0,0,0,0,0,0,1,0,1,1
BAOP,1,0,74.0,0.0,True,False,False,False,False,False,0,1,0,0,0,0,1,1,1,0,0,0,1,1,0,0,1,0,0,0,,,,,,,,,,,,,,,73.0,155.0,0,0,49.93,0,1,1,1,1,1,1,1,1,1,1,0,0,1,1,1,1
BQOP,1,0,79.0,4.0,True,False,False,False,False,False,0,0,0,0,0,0,0,0,0,1,0,0,0,0,0,0,0,0,0,0,4.5,0.4,103.0,0.74,79.523,88.0,5.6,13.5,5.9,,4.5,141.0,,17.0,80.0,150.0,1,0,45.35,0,0,0,0,0,0,0,0,0,0,0,0,0,0,1,1,0
BgOP,0,0,85.0,0.0,True,False,False,True,True,False,0,0,0,0,0,0,0,0,1,0,0,1,0,0,0,0,1,0,0,0,,0.2,91.0,0.93,63.3088,142.0,,13.1,,766.0,4.1,125.0,7.0,9.0,48.0,84.0,0,1,21.48,0,0,0,0,0,0,1,0,0,0,0,0,0,1,0,0,1
BAQP,0,0,72.0,0.0,True,False,False,False,False,False,0,1,0,0,0,0,0,1,1,1,0,1,1,0,1,1,1,0,1,0,4.4,0.5,87.0,0.49,123.1171,112.0,5.5,9.2,5.71,317.0,4.5,125.0,,17.0,55.0,105.0,0,1,29.76,0,0,0,0,0,0,0,0,0,0,0,0,0,0,0,1,0
BwQP,0,0,84.0,0.0,True,False,False,False,False,False,0,0,0,0,0,0,1,0,0,1,1,0,1,1,0,1,1,1,0,0,,,,,,,,,,,,,,,80.0,120.0,0,0,24.59,0,1,1,1,1,1,1,1,1,1,1,0,0,1,1,1,1
BwRP,1,0,61.0,3.0,True,False,False,False,False,False,0,0,0,0,0,0,0,0,0,0,0,0,0,0,0,0,0,0,0,0,,,,,,,,,,,,,,,75.0,148.0,0,0,32.49,0,1,1,1,1,1,1,1,1,1,1,0,0,1,1,1,1
BQSP,0,0,61.0,4.0,False,False,False,False,False,False,0,1,0,0,0,0,0,1,0,0,0,0,1,0,0,0,0,0,0,0,,,,,,,,,,,,,,,78.0,118.0,1,0,38.13,0,1,1,1,1,1,1,1,1,1,1,0,0,1,1,1,1
BwSP,0,0,60.0,3.0,True,False,True,False,False,False,0,1,0,0,0,0,0,0,1,0,0,0,0,0,0,0,1,0,0,0,,,,,,,,,,,,,,,,,0,1,,1,1,1,1,1,1,1,1,1,1,1,1,1,1,1,1,1
BAUP,0,0,67.0,5.0,False,False,False,False,False,False,0,1,0,1,0,0,0,0,1,0,0,0,0,0,0,0,0,0,0,0,4.6,0.3,96.0,1.48,46.336,99.0,,12.7,10.0,,3.4,139.0,,26.0,70.0,117.0,1,0,28.47,0,0,0,0,0,0,1,0,0,0,0,0,0,0,1,1,0
BgUP,0,0,69.0,0.0,False,False,False,False,False,False,0,1,0,0,0,1,1,1,1,1,0,1,0,1,0,1,1,0,0,0,3.6,0.6,99.0,0.89,96.1827,111.0,9.6,15.3,,,4.5,135.0,,17.0,94.0,148.0,0,1,30.55,0,0,0,0,0,0,0,0,0,0,0,0,0,1,1,1,0
BwUP,0,0,71.0,1.0,False,False,False,False,False,False,0,1,0,0,1,0,1,1,1,1,1,1,0,1,0,1,1,0,0,0,,0.5,104.0,1.31,53.7859,98.0,8.8,14.7,,372.0,4.2,141.0,,24.0,73.0,126.0,0,1,,1,0,0,0,0,0,0,0,0,0,0,0,0,1,0,1,1
BgWP,1,0,84.0,2.0,True,False,False,False,False,False,0,1,0,1,0,0,0,1,1,0,0,0,1,0,0,0,1,0,1,0,4.5,0.6,102.0,0.84,67.6286,86.0,5.6,16.4,9.7,,4.9,142.0,,13.0,76.0,143.0,0,0,31.7668,0,0,0,0,0,0,0,0,0,0,0,0,0,0,1,1,0
BQXP,0,0,72.0,4.0,True,False,False,False,False,False,0,1,0,0,0,0,0,1,1,1,0,0,0,0,1,0,1,0,1,0,,0.6,102.0,1.13,61.6756,121.0,6.7,16.1,,,4.0,139.0,87.0,18.0,78.0,134.0,0,0,28.86,0,0,0,0,0,0,0,0,0,0,0,0,0,1,1,0,1
BgXP,0,0,85.0,1.0,True,False,False,False,False,False,0,0,0,0,0,0,0,1,1,1,0,0,1,0,1,0,1,0,0,0,,0.3,100.0,0.85,69.9624,102.0,5.6,12.9,,1761.0,4.3,138.0,,24.0,61.0,101.0,0,1,28.6,0,0,0,0,0,0,0,0,0,0,0,0,0,1,0,1,1
BAYP,0,0,87.0,0.0,False,False,False,False,True,False,0,0,0,0,0,0,0,1,1,1,0,0,1,0,1,0,1,0,0,0,,0.5,101.0,1.17,91.985,100.0,4.8,16.1,,1479.0,3.2,140.0,25.0,15.0,96.0,148.0,0,1,26.45,0,0,0,0,0,0,0,0,0,0,0,0,0,1,0,0,1
BQYP,0,0,87.0,0.0,True,False,False,False,False,False,0,0,0,0,0,0,1,0,0,0,0,0,0,1,0,0,0,0,1,0,,,,,,,,,,,,,,,72.0,132.0,1,0,26.28,0,1,1,1,1,1,1,1,1,1,1,0,0,1,1,1,1
BAZP,1,0,73.0,4.0,True,True,False,False,False,False,0,0,0,0,0,0,0,0,0,0,0,0,0,0,0,0,0,0,0,0,,0.4,99.0,0.61,96.1428,206.0,7.9,17.3,,,4.4,140.0,8.0,20.0,103.0,180.0,1,0,31.5963,0,0,0,0,0,0,0,0,0,0,0,0,0,1,1,0,1
BAaP,0,1,74.0,1.0,True,False,False,False,False,False,0,0,0,1,0,0,1,1,1,1,0,1,1,1,0,0,1,0,0,0,,0.4,105.0,1.0,70.5193,127.0,6.3,13.4,,1502.0,4.0,143.0,,24.0,64.0,117.0,1,0,26.43,0,0,0,0,0,0,0,0,0,0,0,0,0,1,0,1,1
BAbP,0,0,75.0,0.0,False,False,False,False,False,False,0,0,0,0,0,0,0,0,1,0,0,0,1,0,1,0,1,0,0,0,,,102.0,0.64,90.4634,109.0,,13.5,6.4,,5.0,141.0,,15.0,74.0,120.0,0,0,28.71,0,1,0,0,0,0,1,0,0,0,0,0,0,0,1,1,1
BgbP,0,1,83.0,1.0,True,False,False,False,False,False,0,0,0,0,0,0,0,1,1,0,0,0,0,0,1,0,0,0,0,0,,,106.0,0.67,,88.0,5.5,13.5,8.7,,4.0,138.0,,16.0,67.0,112.0,0,0,33.08,0,1,0,0,1,0,0,0,0,0,0,0,0,0,1,1,1
BQcP,1,0,73.0,2.0,False,False,True,False,False,True,0,1,0,0,0,0,0,1,1,1,0,1,0,0,1,0,0,0,1,0,,0.5,102.0,0.94,62.2909,137.0,,13.1,,,3.5,139.0,,18.0,65.0,133.0,0,1,37.41,0,0,0,0,0,0,1,0,0,0,0,0,0,1,1,1,1
BwdP,0,0,68.0,2.0,False,False,False,False,False,False,0,1,0,1,0,0,0,1,1,0,0,0,0,0,1,0,0,0,0,0,4.1,0.6,103.0,0.53,111.278,84.0,5.1,12.5,4.4,,4.3,141.0,,19.0,83.0,118.0,0,1,23.67,0,0,0,0,0,0,0,0,0,0,0,0,0,0,1,1,0
BQfP,1,0,69.0,2.0,False,False,False,False,False,False,0,0,0,0,0,0,0,0,1,1,0,0,0,0,0,0,1,0,0,0,,,,,,,,,,,,,,,88.0,142.0,1,0,35.14,0,1,1,1,1,1,1,1,1,1,1,0,0,1,1,1,1
BAgP,1,0,56.0,5.0,False,False,False,True,False,False,0,1,0,0,0,0,1,1,1,1,0,0,0,0,0,0,1,0,0,0,4.3,0.4,103.0,0.64,94.6554,142.0,9.4,,,,4.8,140.0,,24.0,82.0,136.0,1,0,46.09,0,0,0,0,0,0,0,1,0,0,0,0,0,1,1,1,0
BAjP,0,0,53.0,0.0,False,True,False,False,False,False,0,1,0,0,0,0,0,1,1,1,0,0,0,0,1,0,1,0,1,0,,0.4,101.0,0.89,87.1921,96.0,5.3,13.2,,329.0,4.1,138.0,,21.0,87.0,136.0,0,0,26.05,0,0,0,0,0,0,0,0,0,0,0,0,0,1,0,1,1
BgjP,0,1,82.0,0.0,False,False,False,False,False,False,0,1,0,1,0,0,0,0,1,1,1,1,0,1,0,0,0,0,0,0,4.6,1.1,94.0,1.02,74.2492,197.0,12.8,14.5,15.6,,3.9,132.0,38.0,16.0,86.0,143.0,1,0,19.67,0,0,0,0,0,0,0,0,0,0,0,0,0,0,1,0,0
BAkP,0,0,83.0,1.0,False,False,False,True,False,False,0,0,0,0,0,0,0,1,1,0,0,0,1,0,1,0,0,0,0,0,4.1,0.4,105.0,0.95,84.2627,114.0,,15.4,5.8,159.0,4.3,138.0,,16.0,76.0,113.0,1,0,38.35,0,0,0,0,0,0,1,0,0,0,0,0,0,0,0,1,0
BgkP,0,1,88.0,5.0,False,False,False,False,False,False,0,1,0,0,0,0,0,1,1,0,0,1,1,1,1,0,1,0,0,0,4.5,0.7,93.0,1.04,69.4347,102.0,6.0,11.7,12.94,4829.0,4.1,131.0,,20.0,69.0,117.0,0,0,,1,0,0,0,0,0,0,0,0,0,0,0,0,0,0,1,0
BglP,0,0,71.0,4.0,True,False,False,False,False,False,0,0,0,1,0,0,0,1,1,1,0,1,1,0,0,0,0,0,0,0,,1.5,101.0,0.53,156.5198,129.0,5.8,10.5,,72.0,4.4,138.0,28.0,12.0,72.0,130.0,0,0,41.53,0,0,0,0,0,0,0,0,0,0,0,0,0,1,0,0,1
BwlP,1,0,71.0,1.0,True,False,False,False,False,False,0,0,0,0,0,0,1,1,1,1,1,1,0,1,0,0,1,0,1,0,4.0,0.4,102.0,1.63,,,6.8,,,,4.2,138.0,,33.0,77.0,122.0,1,0,32.68,0,0,0,0,1,1,0,1,0,0,0,0,0,1,1,1,0
BAmP,1,0,43.0,3.0,False,False,True,False,False,False,0,1,0,0,1,0,1,1,1,1,0,1,1,1,0,1,1,1,0,0,,0.2,108.0,2.11,34.7873,181.0,10.7,11.0,,,3.7,142.0,35.0,22.0,76.0,146.0,0,0,30.42,0,0,0,0,0,0,0,0,0,0,0,0,0,1,1,0,1
BgmP,0,0,66.0,0.0,False,False,True,False,False,True,0,0,0,0,0,0,0,1,1,1,0,0,1,0,0,0,0,0,0,0,3.9,1.5,105.0,1.32,53.0202,102.0,,12.7,10.1,4100.0,4.1,139.0,52.0,36.0,51.0,107.0,1,0,33.24,0,0,0,0,0,0,1,0,0,0,0,0,0,0,0,0,0
BAnP,1,0,75.0,1.0,True,False,False,False,False,False,0,0,0,0,0,0,0,0,1,0,0,0,0,0,1,0,0,0,1,0,,,,,,,,14.3,5.5,,,,,,80.0,136.0,1,0,43.04,0,1,1,1,1,1,1,0,1,1,1,0,0,0,1,1,1
BwnP,0,0,55.0,0.0,True,False,False,False,False,False,0,0,0,1,1,0,1,0,1,0,0,1,1,1,0,0,1,0,1,0,,0.5,95.0,1.17,60.9393,264.0,5.8,12.4,,1436.0,4.3,133.0,14.0,18.0,68.0,106.0,0,0,18.84,0,0,0,0,0,0,0,0,0,0,0,0,0,1,0,0,1
BQoP,0,0,64.0,0.0,False,True,False,False,False,False,0,1,1,0,1,0,0,1,1,1,0,0,1,0,1,1,1,0,1,0,,0.5,106.0,1.64,39.938,99.0,,10.4,,4272.0,4.7,140.0,,43.0,63.0,101.0,0,1,22.92,0,0,0,0,0,0,1,0,0,0,0,0,0,1,0,1,1
BwpP,0,0,52.0,6.0,False,False,False,False,False,False,0,1,0,0,0,0,0,1,0,1,0,0,0,0,0,0,1,0,0,0,4.1,0.4,107.0,1.3,53.9627,,6.7,,,,4.4,142.0,,25.0,66.0,100.0,1,0,23.4,0,0,0,0,0,1,0,1,0,0,0,0,0,1,1,1,0
BgqP,0,0,87.0,0.0,True,False,False,False,False,False,0,0,0,1,1,0,0,1,1,0,0,0,1,0,1,0,1,0,1,0,,0.8,103.0,1.23,56.6188,138.0,5.4,14.2,,7276.0,5.2,138.0,116.0,30.0,61.0,105.0,0,1,26.4,0,0,0,0,0,0,0,0,0,0,0,0,0,1,0,0,1
BwqP,1,0,73.0,6.0,False,False,False,False,False,False,0,1,0,0,0,0,1,1,1,0,0,1,0,1,1,0,1,1,0,0,,0.2,100.0,0.98,76.7612,155.0,7.9,17.0,,191.0,5.0,133.0,,26.0,82.0,125.0,0,1,33.79,0,0,0,0,0,0,0,0,0,0,0,0,0,1,0,1,1
BQsP,0,0,80.0,0.0,False,False,False,False,False,False,0,1,0,0,1,0,1,0,1,0,0,0,0,0,1,0,1,0,0,0,,,,,,,,,,,,,,,84.0,129.0,0,0,29.12,0,1,1,1,1,1,1,1,1,1,1,0,0,1,1,1,1
BwsP,0,1,76.0,0.0,False,False,False,False,False,False,1,1,0,0,1,0,1,1,1,1,0,1,1,0,0,1,1,0,1,0,,0.3,98.0,1.56,44.4808,271.0,10.4,9.1,,7504.0,5.2,136.0,35.0,44.0,58.0,124.0,0,1,26.33,0,0,0,0,0,0,0,0,0,0,0,0,0,1,0,0,1
BAtP,0,0,67.0,1.0,True,False,False,True,True,False,0,0,0,0,0,0,0,1,1,0,0,0,0,1,1,0,1,0,0,0,,,,,,,,,,,,,,,76.0,136.0,0,1,,1,1,1,1,1,1,1,1,1,1,1,0,0,1,1,1,1
BQuP,0,1,78.0,2.0,False,False,False,False,False,False,0,1,0,0,0,0,1,1,1,1,1,1,1,0,0,0,1,0,1,0,,0.4,95.0,0.6,129.3091,113.0,6.7,13.3,,5556.0,4.3,139.0,,14.0,61.0,112.0,0,1,26.25,0,0,0,0,0,0,0,0,0,0,0,0,0,1,0,1,1
BwvP,0,0,85.0,0.0,True,False,False,False,False,False,0,1,0,0,0,0,1,1,1,0,0,1,1,1,1,0,1,0,0,0,,0.7,96.0,0.98,80.3183,219.0,10.2,14.3,,3069.0,3.3,137.0,33.0,17.0,92.0,149.0,0,1,34.88,0,0,0,0,0,0,0,0,0,0,0,0,0,1,0,0,1
BQwP,1,0,45.0,0.0,True,False,False,False,False,False,0,0,0,0,0,1,0,1,1,1,0,1,0,0,0,1,1,0,0,0,4.1,0.5,101.0,0.61,87.0,261.0,8.5,14.2,10.5,,3.7,138.0,,19.0,72.0,165.0,1,0,31.25,0,0,0,0,0,0,0,0,0,0,0,0,0,0,1,1,0
BQxP,0,1,53.0,0.0,False,False,True,False,False,False,1,1,0,1,0,0,1,1,1,1,0,1,1,1,1,0,1,0,0,0,4.2,0.3,99.0,1.1,67.1815,148.0,8.1,12.5,5.9,1855.0,4.9,135.0,,29.0,73.0,113.0,0,1,35.44,0,0,0,0,0,0,0,0,0,0,0,0,0,0,0,1,0
BwxP,0,0,83.0,1.0,True,False,False,False,False,False,0,0,0,0,0,0,0,1,1,0,0,0,0,0,0,0,0,0,1,0,4.6,0.9,102.0,1.24,64.8998,104.0,,13.6,,933.0,4.7,140.0,,17.0,72.0,111.0,0,0,27.4,0,0,0,0,0,0,1,0,0,0,0,0,0,1,0,1,0
BgyP,1,0,50.0,6.0,False,False,False,False,False,False,0,0,0,0,0,0,0,0,0,0,0,0,0,0,0,0,0,0,0,0,,,,,,,,,,,,,,,,,1,0,,1,1,1,1,1,1,1,1,1,1,1,1,1,1,1,1,1
BgzP,1,0,64.0,0.0,True,False,True,False,False,False,0,0,0,0,0,0,0,1,1,1,0,1,0,1,0,0,1,0,1,0,,,,,,,,,,,,,,,,,0,1,,1,1,1,1,1,1,1,1,1,1,1,1,1,1,1,1,1
Bg1P,1,0,56.0,1.0,False,False,False,False,False,False,1,1,0,0,0,0,1,0,1,1,0,1,1,0,0,0,1,0,0,0,,0.2,103.0,0.6,100.3307,255.0,8.6,11.5,,92.0,3.9,136.0,,8.0,62.0,112.0,1,0,30.55,0,0,0,0,0,0,0,0,0,0,0,0,0,1,0,1,1
Bw1P,0,1,59.0,0.0,False,False,False,False,False,False,0,0,0,0,0,1,0,1,1,1,0,1,0,0,1,0,1,0,0,0,,0.7,103.0,0.64,,96.0,5.8,10.2,,,4.4,137.0,,10.0,72.0,102.0,0,0,34.41,0,0,0,0,1,0,0,0,0,0,0,0,0,1,1,1,1
Bw4P,0,0,78.0,0.0,False,False,False,True,False,True,0,0,0,1,0,0,0,1,1,1,0,0,0,0,1,0,1,0,0,0,3.3,0.3,106.0,1.14,61.9657,,,13.5,18.01,3341.0,4.2,135.0,,34.0,82.0,140.0,0,1,19.7,0,0,0,0,0,1,1,0,0,0,0,0,0,0,0,1,0
BQ5P,0,0,43.0,0.0,False,False,False,False,False,False,0,1,0,1,0,0,1,1,0,1,0,0,0,1,0,1,1,0,1,0,4.3,1.0,100.0,1.12,66.4332,183.0,7.5,16.2,7.7,720.0,4.2,139.0,,18.0,96.0,144.0,0,0,38.24,0,0,0,0,0,0,0,0,0,0,0,0,0,0,0,1,0
Bg6P,0,0,62.0,0.0,False,False,False,False,False,False,0,0,0,0,0,0,0,1,0,0,0,0,0,0,1,0,1,0,1,0,,0.4,99.0,0.76,80.5549,109.0,5.8,13.3,,258.0,3.8,134.0,7.0,19.0,84.0,154.0,1,0,34.57,0,0,0,0,0,0,0,0,0,0,0,0,0,1,0,0,1
Bw7P,0,0,67.0,0.0,False,False,False,False,False,False,0,1,0,0,0,0,1,0,0,0,0,1,0,1,0,0,1,0,0,0,3.9,0.3,102.0,1.08,63.0,267.0,7.6,12.2,10.0,2664.0,4.4,141.0,,27.0,66.0,100.0,0,0,32.83,0,0,0,0,0,0,0,0,0,0,0,0,0,0,0,1,0
Bw8P,0,1,83.0,4.0,True,False,False,False,False,False,0,0,0,0,1,0,0,1,1,0,0,0,1,0,1,0,0,0,1,0,4.0,0.9,102.0,1.75,40.3766,99.0,6.2,14.0,,4570.0,4.1,142.0,,36.0,82.0,107.0,0,1,,1,0,0,0,0,0,0,0,0,0,0,0,0,1,0,1,0
BQ9P,1,0,56.0,7.0,True,False,False,False,False,True,0,0,0,1,0,0,1,0,0,0,0,0,0,0,0,0,1,0,0,0,3.9,0.3,103.0,0.78,75.0832,102.0,5.5,11.9,8.9,,4.0,139.0,,15.0,82.0,120.0,0,0,35.95,0,0,0,0,0,0,0,0,0,0,0,0,0,0,1,1,0
Bg9P,0,1,87.0,6.0,False,False,False,False,False,False,0,0,0,0,0,0,1,0,1,0,0,1,1,1,0,0,1,0,0,0,,0.4,99.0,0.94,103.8148,251.0,,14.2,,2344.0,4.7,133.0,27.0,20.0,89.0,121.0,0,1,29.13,0,0,0,0,0,0,1,0,0,0,0,0,0,1,0,0,1
Bg_P,0,1,86.0,3.0,True,True,False,False,False,False,0,0,0,1,0,1,1,1,1,1,0,1,1,0,1,0,1,0,1,0,3.4,0.4,84.0,0.88,72.0,293.0,5.8,8.1,8.2,8557.0,3.9,137.0,,20.0,59.0,119.0,0,1,34.76,0,0,0,0,0,0,0,0,0,0,0,0,0,0,0,1,0
BA#P,0,1,65.0,3.0,False,False,False,False,False,False,0,0,0,0,0,0,0,1,1,0,0,0,0,0,1,1,1,0,0,0,,0.3,104.0,0.82,67.077,114.0,5.4,12.7,,,4.6,138.0,10.0,17.0,83.0,182.0,0,0,24.8,0,0,0,0,0,0,0,0,0,0,0,0,0,1,1,0,1
BQ#P,0,0,75.0,0.0,True,False,False,False,False,False,0,0,0,0,0,0,1,1,1,0,1,0,0,1,0,0,1,0,0,0,,,104.0,0.69,88.6613,130.0,5.9,12.8,,,3.5,142.0,,17.0,,,0,0,31.17,0,1,0,0,0,0,0,0,0,0,0,1,1,1,1,1,1
Bg#P,0,0,52.0,1.0,False,True,False,False,False,False,0,0,0,0,0,0,0,1,1,0,0,0,1,0,0,0,0,0,0,0,,,,,,,,,,,,,,,90.0,110.0,0,0,21.43,0,1,1,1,1,1,1,1,1,1,1,0,0,1,1,1,1
Bw#P,0,1,83.0,0.0,False,False,False,False,False,False,0,0,0,0,1,0,0,1,1,1,0,0,1,0,0,1,1,0,1,0,,,111.0,1.47,47.7816,99.0,6.1,16.4,,420.0,4.1,142.0,49.0,37.0,92.0,174.0,0,0,34.12,0,1,0,0,0,0,0,0,0,0,0,0,0,1,0,0,1
BQAQ,1,0,83.0,6.0,True,False,False,False,False,False,0,1,0,0,0,0,0,1,1,0,0,0,0,0,0,0,1,0,0,0,4.5,0.3,0.105,0.81,96.2455,97.0,,,,,0.004,0.14,,,66.0,118.0,0,0,29.83,0,0,0,0,0,0,1,1,0,0,1,0,0,1,1,1,0
BQCQ,1,0,48.0,2.0,True,False,False,False,False,True,0,0,0,0,0,0,0,0,0,0,0,0,1,0,0,0,0,0,0,0,,,,,,,,,,,,,,,71.0,119.0,0,1,37.93,0,1,1,1,1,1,1,1,1,1,1,0,0,1,1,1,1
BgCQ,0,1,88.0,0.0,False,False,False,False,False,False,0,0,0,0,0,0,1,1,1,0,1,1,1,0,1,1,1,0,1,0,,0.8,96.0,1.02,76.0,129.0,6.2,8.8,,23650.0,4.3,138.0,,35.0,54.0,90.0,0,0,36.31,0,0,0,0,0,0,0,0,0,0,0,0,0,1,0,1,1
BgDQ,0,1,85.0,0.0,True,False,False,True,False,True,0,0,0,0,0,0,0,0,1,0,0,0,0,0,0,0,1,0,0,0,,,,,,,,,,,,,,,74.0,121.0,1,0,30.16,0,1,1,1,1,1,1,1,1,1,1,0,0,1,1,1,1
BwDQ,0,0,79.0,3.0,True,False,False,False,False,False,0,0,0,0,0,0,1,1,1,1,1,0,0,1,0,1,1,0,0,1,,,,,,,,,,,,,,,,,0,1,25.93,0,1,1,1,1,1,1,1,1,1,1,1,1,1,1,1,1
BAFQ,0,0,43.0,2.0,False,True,False,False,False,False,0,0,0,0,0,0,0,1,1,0,1,0,0,1,0,0,1,0,0,0,4.2,0.7,103.0,1.0,73.8726,,6.3,15.2,5.06,,4.2,141.0,,22.0,68.0,132.0,0,1,27.5,0,0,0,0,0,1,0,0,0,0,0,0,0,0,1,1,0
BwFQ,0,0,85.0,0.0,False,False,False,False,False,True,0,1,0,1,0,0,1,1,1,1,0,1,1,0,1,1,1,0,1,0,,0.5,97.0,1.02,75.0,220.0,5.3,11.6,,,3.9,137.0,,16.0,65.0,132.0,1,0,23.39,0,0,0,0,0,0,0,0,0,0,0,0,0,1,1,1,1
BwGQ,0,1,59.0,3.0,True,False,False,False,False,False,0,1,0,0,0,0,1,0,0,0,0,1,0,0,0,0,0,0,1,0,,,97.0,0.92,82.5668,423.0,,15.2,,,4.4,130.0,,15.0,86.0,152.0,0,1,29.41,0,1,0,0,0,0,1,0,0,0,0,0,0,1,1,1,1
BwHQ,0,0,40.0,2.0,False,False,False,False,False,False,0,1,0,0,0,0,1,1,1,0,0,0,1,1,0,0,1,1,0,0,,,106.0,1.74,38.1372,141.0,,12.3,,,4.2,141.0,,33.0,58.0,117.0,0,1,27.75,0,1,0,0,0,0,1,0,0,0,0,0,0,1,1,1,1
BAKQ,1,0,75.0,2.0,False,False,False,False,False,False,0,0,0,1,0,0,0,1,1,1,0,0,1,0,0,0,1,0,0,0,4.1,0.2,95.0,1.38,53.696,130.0,6.6,,,,4.2,140.0,,12.0,70.0,140.0,0,0,46.02,0,0,0,0,0,0,0,1,0,0,0,0,0,1,1,1,0
BQLQ,0,1,42.0,2.0,False,False,False,False,False,False,0,0,0,0,0,0,0,1,1,1,0,0,0,0,0,0,1,0,1,0,,0.3,100.0,0.73,104.462,85.0,5.8,10.1,,698.0,3.6,140.0,24.0,16.0,70.0,133.0,0,1,20.86,0,0,0,0,0,0,0,0,0,0,0,0,0,1,0,0,1
BgMQ,0,0,72.0,2.0,False,False,False,False,False,False,0,0,0,0,0,0,0,1,1,0,0,0,0,0,0,0,1,0,0,0,4.3,0.3,107.0,1.24,76.0663,100.0,6.0,14.4,6.9,456.0,4.2,141.0,14.0,18.0,93.0,161.0,0,0,44.98,0,0,0,0,0,0,0,0,0,0,0,0,0,0,0,0,0
BwMQ,1,0,76.0,1.0,True,False,False,False,False,False,0,0,0,0,0,0,0,0,1,0,0,0,0,0,1,0,0,0,1,0,,,,,,,,,,,,,,,63.0,149.0,0,1,43.01,0,1,1,1,1,1,1,1,1,1,1,0,0,1,1,1,1
BgNQ,0,0,87.0,4.0,True,False,False,False,False,False,0,0,0,0,0,0,0,1,1,0,0,0,1,0,1,0,0,0,0,0,,,,,,,,,,,,,,,74.0,129.0,0,0,40.6669,0,1,1,1,1,1,1,1,1,1,1,0,0,1,1,1,1
BAOQ,0,0,88.0,3.0,False,False,False,False,False,False,0,1,0,0,0,1,0,1,1,1,0,0,0,0,1,0,1,0,0,0,4.0,0.6,106.0,0.73,77.5108,92.0,5.1,14.4,5.1,,5.0,139.0,,17.0,76.0,120.0,0,0,27.29,0,0,0,0,0,0,0,0,0,0,0,0,0,0,1,1,0
BwOQ,0,0,82.0,0.0,False,False,False,False,False,False,0,0,0,0,0,0,0,1,1,0,0,0,1,0,0,0,1,0,1,0,,0.8,98.0,0.9,86.0751,101.0,,13.7,,990.0,3.3,137.0,,12.0,92.0,152.0,1,0,42.66,0,0,0,0,0,0,1,0,0,0,0,0,0,1,0,1,1
BAPQ,0,0,64.0,0.0,False,False,False,False,False,False,0,1,0,0,0,0,0,0,1,1,1,0,1,0,0,0,1,0,1,0,,0.5,97.0,0.46,128.8001,89.0,,10.1,,17106.0,4.4,134.0,99.0,19.0,55.0,103.0,0,0,18.57,0,0,0,0,0,0,1,0,0,0,0,0,0,1,0,0,1
BQQQ,0,1,75.0,0.0,True,False,False,False,False,False,0,1,0,0,1,0,1,1,1,1,0,1,1,0,0,0,1,0,0,0,,0.3,105.0,1.41,48.8691,121.0,8.1,11.0,,,4.2,140.0,,30.0,71.0,109.0,0,1,27.7,0,0,0,0,0,0,0,0,0,0,0,0,0,1,1,1,1
BwQQ,0,0,78.0,1.0,False,False,False,False,False,False,0,0,0,0,0,0,1,0,0,0,0,0,0,0,0,0,0,0,0,0,,0.9,98.0,0.23,311.577,211.0,,10.2,,,4.5,136.0,,25.0,66.0,130.0,1,0,23.1303,0,0,0,0,0,0,1,0,0,0,0,0,0,1,1,1,1
BARQ,0,0,65.0,0.0,True,False,False,False,False,False,0,1,0,0,0,0,1,1,1,1,0,1,1,1,1,0,1,0,0,0,,0.7,96.0,0.76,90.6171,178.0,12.2,14.6,7.53,1304.0,3.5,136.0,27.0,14.0,74.0,137.0,0,1,23.58,0,0,0,0,0,0,0,0,0,0,0,0,0,0,0,0,1
BgRQ,1,0,53.0,2.0,False,False,True,False,False,False,0,0,0,1,0,0,1,0,0,0,0,0,0,0,0,0,1,0,0,0,4.2,0.4,103.0,1.04,70.8101,122.0,6.3,14.3,9.4,,4.6,140.0,,33.0,60.0,118.0,0,0,,1,0,0,0,0,0,0,0,0,0,0,0,0,0,1,1,0
BASQ,0,1,77.0,2.0,True,False,False,False,False,False,0,0,0,0,0,0,0,1,1,0,0,0,1,0,1,0,0,0,0,0,,0.4,100.0,0.24,568.2472,77.0,,12.9,,3902.0,3.8,137.0,96.0,14.0,58.0,89.0,0,1,16.73,0,0,0,0,0,0,1,0,0,0,0,0,0,1,0,0,1
BQSQ,0,1,81.0,1.0,False,False,False,False,False,False,0,0,0,1,1,0,0,1,1,1,0,0,0,0,0,0,1,0,0,0,3.7,0.5,109.0,1.14,65.09,95.0,5.2,13.5,7.0,,4.3,141.0,,19.0,81.0,145.0,0,0,24.82,0,0,0,0,0,0,0,0,0,0,0,0,0,0,1,1,0
BgSQ,0,0,64.0,1.0,False,False,False,False,False,False,0,1,0,0,0,0,0,1,1,1,1,0,0,0,1,0,1,0,1,0,,0.3,104.0,0.93,81.2908,87.0,4.9,12.4,,99.0,4.4,142.0,43.0,20.0,84.0,121.0,0,0,30.0157,0,0,0,0,0,0,0,0,0,0,0,0,0,1,0,0,1
BgTQ,0,1,72.0,0.0,False,False,True,False,False,False,0,0,0,0,1,0,0,1,1,1,0,0,1,0,1,0,1,0,1,0,,2.1,101.0,1.56,42.7169,107.0,5.9,13.9,,1457.0,4.5,139.0,31.0,41.0,56.0,104.0,0,1,29.4,0,0,0,0,0,0,0,0,0,0,0,0,0,1,0,0,1
BQUQ,1,0,76.0,7.0,True,False,True,False,False,False,0,0,0,0,0,0,0,0,0,0,0,0,0,0,0,0,0,0,0,0,,,,,,,,,,,,,,,82.0,124.0,1,0,39.78,0,1,1,1,1,1,1,1,1,1,1,0,0,1,1,1,1
BgUQ,0,1,73.0,0.0,True,False,False,True,False,False,0,1,0,0,0,0,1,0,1,1,0,1,1,1,0,0,1,0,0,0,3.4,0.4,103.0,1.06,50.5361,179.0,5.0,8.9,,14795.0,4.3,136.0,102.0,27.0,72.0,111.0,0,1,13.41,0,0,0,0,0,0,0,0,0,0,0,0,0,1,0,0,0
BQWQ,0,0,85.0,1.0,False,False,False,False,False,False,0,0,0,0,0,0,0,1,1,0,0,0,1,0,0,1,1,0,0,0,,0.9,99.0,0.95,101.3003,118.0,6.6,14.0,,1957.0,4.3,137.0,36.0,19.0,69.0,135.0,0,1,47.07,0,0,0,0,0,0,0,0,0,0,0,0,0,1,0,0,1
BAXQ,0,1,64.0,6.0,True,False,False,False,False,False,0,0,0,1,0,0,0,1,1,0,0,0,0,0,1,0,0,0,0,0,,,,,,,,,,,,,,,74.0,128.0,0,1,28.04,0,1,1,1,1,1,1,1,1,1,1,0,0,1,1,1,1
BwXQ,0,0,54.0,0.0,True,False,False,False,False,False,0,0,0,0,0,1,0,1,1,0,0,0,0,0,0,1,1,0,1,0,,,,,,,,,,,,,,,72.0,124.0,1,0,36.25,0,1,1,1,1,1,1,1,1,1,1,0,0,1,1,1,1
BgYQ,0,0,85.0,0.0,False,False,False,False,False,False,0,0,0,0,0,0,0,0,1,1,0,1,1,0,1,0,1,0,1,0,,0.7,94.0,0.54,110.6637,115.0,6.1,7.7,,1770.0,4.2,129.0,67.0,28.0,42.0,104.0,1,0,41.1,0,0,0,0,0,0,0,0,0,0,0,0,0,1,0,0,1
BgZQ,0,1,59.0,0.0,False,False,False,False,True,False,0,1,0,0,0,0,0,1,1,1,0,0,0,0,0,1,1,0,0,0,,0.5,103.0,0.89,77.1484,121.0,5.8,13.8,,,3.4,140.0,5932.0,17.0,91.0,160.0,0,0,26.7,0,0,0,0,0,0,0,0,0,0,0,0,0,1,1,0,1
BwbQ,0,1,75.0,3.0,True,False,True,False,False,False,0,1,0,0,0,0,1,0,0,0,0,0,1,1,0,0,1,1,0,0,,0.2,103.0,0.91,79.1831,133.0,6.8,11.7,,,4.9,140.0,,18.0,56.0,144.0,1,0,27.81,0,0,0,0,0,0,0,0,0,0,0,0,0,1,1,1,1
BAcQ,0,1,52.0,0.0,True,False,False,False,False,False,0,1,0,1,0,0,0,1,1,1,0,1,1,1,1,0,1,0,0,0,,0.3,94.0,0.93,57.5758,346.0,6.2,13.1,,1925.0,4.7,136.0,37.0,17.0,59.0,117.0,0,0,21.0105,0,0,0,0,0,0,0,0,0,0,0,0,0,1,0,0,1
BgdQ,0,1,74.0,0.0,False,False,False,False,False,True,0,1,1,0,1,0,1,0,1,1,0,1,1,0,1,0,1,0,1,0,,0.3,101.0,1.11,58.2355,116.0,8.5,7.9,,23013.0,3.4,140.0,,17.0,67.0,146.0,1,0,44.44,0,0,0,0,0,0,0,0,0,0,0,0,0,1,0,1,1
BQeQ,0,1,69.0,0.0,True,False,False,False,False,False,0,1,0,0,1,0,1,1,1,1,1,1,1,1,0,0,1,0,0,0,,,99.0,1.18,60.8528,284.0,,16.3,,,4.2,137.0,,25.0,84.0,147.0,1,0,35.29,0,1,0,0,0,0,1,0,0,0,0,0,0,1,1,1,1
BggQ,1,0,88.0,0.0,False,False,False,False,False,False,0,0,0,0,0,0,0,0,0,0,0,0,1,0,0,0,0,0,1,0,,,,,,,,,,,,,,,80.0,126.0,0,0,,1,1,1,1,1,1,1,1,1,1,1,0,0,1,1,1,1
BAhQ,0,0,59.0,0.0,False,False,False,False,False,False,0,1,0,0,0,0,0,1,1,1,0,0,0,0,0,0,1,0,0,0,,0.4,106.0,0.75,80.2283,126.0,6.4,11.6,,419.0,3.8,144.0,731.0,15.0,66.0,133.0,1,0,45.75,0,0,0,0,0,0,0,0,0,0,0,0,0,1,0,0,1
BQhQ,0,0,79.0,4.0,False,False,False,False,False,False,0,0,0,0,0,0,0,1,1,0,0,0,1,0,1,1,0,0,0,0,,0.6,100.0,1.12,46.0174,84.0,,11.8,,16961.0,3.9,141.0,89.0,25.0,63.0,136.0,1,0,22.23,0,0,0,0,0,0,1,0,0,0,0,0,0,1,0,0,1
BAiQ,0,0,86.0,0.0,False,False,False,False,False,False,0,1,0,0,0,0,0,1,1,1,0,0,1,0,1,0,0,0,1,0,,0.5,99.0,0.82,102.0648,107.0,,13.6,,440.0,3.6,136.0,68.0,20.0,85.0,150.0,0,0,33.82,0,0,0,0,0,0,1,0,0,0,0,0,0,1,0,0,1
BQiQ,0,0,65.0,1.0,False,False,False,False,False,False,0,0,0,0,0,0,0,1,1,0,0,0,0,0,1,0,0,0,0,0,,,,,,,,11.4,,,,,,,83.0,164.0,0,0,23.34,0,1,1,1,1,1,1,0,1,1,1,0,0,1,1,1,1
BQlQ,0,0,82.0,1.0,False,False,False,False,False,False,0,1,0,1,1,0,1,0,1,1,0,0,1,0,0,0,1,0,0,0,4.3,1.1,100.0,1.37,50.934,110.0,6.2,14.2,,194.0,4.7,138.0,,32.0,67.0,125.0,0,1,24.38,0,0,0,0,0,0,0,0,0,0,0,0,0,1,0,1,0
BwmQ,1,0,62.0,2.0,False,False,False,False,False,False,0,0,0,1,0,0,0,1,0,0,0,0,0,0,0,0,0,0,0,0,,,,,,,,,,,,,,,76.0,145.0,0,0,36.53,0,1,1,1,1,1,1,1,1,1,1,0,0,1,1,1,1
BAnQ,0,0,75.0,0.0,False,True,False,False,False,False,0,0,0,0,0,0,0,1,1,1,1,0,1,0,1,0,1,0,0,0,,1.8,102.0,1.1,65.9881,99.0,,15.0,,2336.0,3.5,141.0,23.0,22.0,64.0,98.0,0,1,27.71,0,0,0,0,0,0,1,0,0,0,0,0,0,1,0,0,1
BgnQ,1,0,62.0,3.0,False,False,True,False,False,False,0,1,0,0,0,0,1,1,1,0,0,0,1,0,1,0,1,0,0,0,,,,,,,,,,,,,,,62.0,100.0,0,1,36.96,0,1,1,1,1,1,1,1,1,1,1,0,0,1,1,1,1
BwnQ,0,1,84.0,0.0,False,False,False,False,False,False,0,1,0,0,0,0,0,1,1,1,0,0,1,0,1,0,1,0,0,0,,0.9,100.0,0.72,77.7424,160.0,5.6,14.6,,87.0,3.9,140.0,53.0,17.0,61.0,92.0,0,1,29.17,0,0,0,0,0,0,0,0,0,0,0,0,0,1,0,0,1
BApQ,1,0,66.0,4.0,False,False,False,False,False,False,0,0,0,0,0,0,0,0,0,0,0,0,0,0,0,0,0,0,0,0,,,,,,,,,,,,,,,,,0,1,36.97,0,1,1,1,1,1,1,1,1,1,1,1,1,1,1,1,1
BgpQ,0,1,73.0,0.0,False,False,False,False,False,False,0,0,0,0,0,0,0,1,0,0,1,1,0,1,0,0,1,0,0,0,,2.3,99.0,0.87,,317.0,,13.7,,,4.5,135.0,,16.0,79.0,147.0,0,0,23.88,0,0,0,0,1,0,1,0,0,0,0,0,0,1,1,1,1
BwpQ,1,1,51.0,1.0,False,False,True,False,False,False,0,1,1,0,0,0,0,1,1,1,0,0,0,0,1,0,1,0,0,0,4.2,0.7,104.0,0.92,86.0595,96.0,5.5,16.8,8.9,,4.3,141.0,,20.0,70.0,118.0,0,1,35.28,0,0,0,0,0,0,0,0,0,0,0,0,0,0,1,1,0
BgqQ,0,0,53.0,4.0,False,False,True,False,False,False,0,0,0,0,0,1,0,1,1,1,0,0,0,0,1,1,1,0,0,0,,0.7,99.0,0.66,121.515,87.0,5.1,13.4,,,4.0,134.0,17.0,6.0,114.0,181.0,0,1,19.22,0,0,0,0,0,0,0,0,0,0,0,0,0,1,1,0,1
BwsQ,1,0,80.0,2.0,True,False,False,False,False,False,0,0,0,0,0,0,1,1,1,1,1,1,0,1,0,0,1,0,0,0,,,,,,,10.7,,,,,,,,86.0,134.0,1,0,32.0,0,1,1,1,1,1,0,1,1,1,1,0,0,1,1,1,1
BgtQ,0,0,74.0,2.0,False,False,False,False,False,False,0,1,0,1,0,0,0,0,1,0,0,1,1,0,0,1,1,0,0,0,,1.0,103.0,0.93,78.5803,108.0,6.2,11.4,,299.0,4.0,139.0,,12.0,69.0,112.0,0,0,46.27,0,0,0,0,0,0,0,0,0,0,0,0,0,1,0,1,1
BQuQ,0,0,,,True,False,False,False,False,False,0,0,0,0,0,0,0,1,1,0,0,0,1,0,0,0,1,0,0,0,4.2,0.6,103.0,1.69,39.24,,5.1,11.7,7.59,1257.0,4.6,139.0,,45.0,,,0,1,,1,0,0,0,0,1,0,0,0,0,0,1,1,0,0,1,0
BQvQ,1,0,25.0,6.0,False,False,False,True,False,False,0,1,0,0,0,0,1,0,0,0,0,0,0,0,0,0,0,0,0,0,,,95.0,2.35,36.3738,329.0,,13.0,,1636.0,5.4,133.0,,47.0,75.0,105.0,0,0,43.94,0,1,0,0,0,0,1,0,0,0,0,0,0,1,0,1,1
BgvQ,0,0,81.0,0.0,False,False,False,False,False,False,0,1,0,1,0,0,0,1,1,1,0,0,1,0,0,0,1,0,0,0,4.4,0.5,97.0,0.79,71.5388,93.0,5.7,11.6,8.2,,4.3,135.0,,10.0,79.0,151.0,1,0,27.29,0,0,0,0,0,0,0,0,0,0,0,0,0,0,1,1,0
BAwQ,0,0,60.0,2.0,False,False,False,False,False,False,0,1,0,0,1,0,0,1,1,1,0,0,1,0,1,1,1,0,0,0,,0.7,102.0,1.25,70.0,113.0,5.4,12.6,,30078.0,4.2,135.0,,24.0,101.0,136.0,0,1,23.84,0,0,0,0,0,0,0,0,0,0,0,0,0,1,0,1,1
BQwQ,1,1,84.0,2.0,False,False,False,False,False,False,0,0,0,0,0,0,0,0,1,0,0,0,0,0,0,0,0,0,0,0,4.4,0.4,107.0,0.67,86.7653,84.0,,13.6,6.1,,4.8,141.0,,25.0,80.0,132.0,0,0,34.95,0,0,0,0,0,0,1,0,0,0,0,0,0,0,1,1,0
BwwQ,0,1,81.0,0.0,False,False,False,True,True,False,0,1,0,0,0,1,0,0,1,0,0,0,1,0,1,1,0,0,0,0,,,104.0,0.62,122.4301,115.0,,12.9,,18649.0,3.7,144.0,41.0,19.0,80.0,164.0,0,1,24.22,0,1,0,0,0,0,1,0,0,0,0,0,0,1,0,0,1
BQyQ,0,0,63.0,1.0,False,False,False,False,False,False,0,0,0,0,0,0,0,1,1,0,1,0,1,0,1,1,1,0,0,0,,,,,,,,,,,,,,,55.0,174.0,0,1,30.18,0,1,1,1,1,1,1,1,1,1,1,0,0,1,1,1,1
BgzQ,0,1,84.0,0.0,True,False,False,False,True,False,0,1,0,0,0,0,1,1,1,0,0,1,1,0,1,0,0,0,1,0,,0.3,92.0,1.78,39.8804,368.0,11.4,9.0,,10823.0,4.3,129.0,,66.0,53.0,97.0,0,1,28.36,0,0,0,0,0,0,0,0,0,0,0,0,0,1,0,1,1
BA0Q,0,0,80.0,6.0,True,False,False,False,False,False,0,1,0,0,0,0,0,1,1,1,0,0,1,0,1,1,1,0,0,0,,0.7,104.0,1.34,69.251,83.0,5.8,13.0,,384.0,3.9,137.0,,27.0,87.0,131.0,0,1,36.4,0,0,0,0,0,0,0,0,0,0,0,0,0,1,0,1,1
BQ0Q,0,0,78.0,4.0,False,False,False,False,False,False,0,0,0,0,0,0,0,1,0,0,0,0,0,0,0,0,0,0,0,0,,,91.0,0.96,,,,10.8,5.8,249.0,5.2,129.0,,20.0,78.0,147.0,1,0,38.45,0,1,0,0,1,1,1,0,0,0,0,0,0,0,0,1,1
Bg0Q,0,0,79.0,0.0,True,False,False,False,False,False,0,0,0,0,0,0,1,0,1,0,0,1,0,0,0,0,0,0,0,0,4.3,0.6,101.0,0.91,,102.0,6.7,16.7,5.6,,5.0,140.0,,9.0,87.0,160.0,0,0,26.73,0,0,0,0,1,0,0,0,0,0,0,0,0,0,1,1,0
BQ1Q,1,0,72.0,0.0,False,False,False,False,True,False,0,1,0,0,1,0,1,1,1,1,1,1,1,1,1,1,1,1,1,0,,,106.0,1.3,54.8969,185.0,9.0,14.3,,3944.0,4.4,138.0,,20.0,78.0,115.0,0,1,30.0234,0,1,0,0,0,0,0,0,0,0,0,0,0,1,0,1,1
Bg2Q,1,0,60.0,7.0,True,False,False,True,True,False,0,0,0,0,0,0,0,0,0,0,0,0,0,0,0,0,0,0,0,0,,,,,,,,,,,,,,,,,0,0,25.85,0,1,1,1,1,1,1,1,1,1,1,1,1,1,1,1,1
BA3Q,1,0,76.0,3.0,False,False,False,False,False,False,0,0,0,0,0,0,0,1,1,0,0,0,1,0,0,0,1,0,0,0,4.0,0.6,104.0,1.26,42.2294,156.0,,14.2,6.4,,5.0,143.0,,26.0,84.0,160.0,1,0,33.83,0,0,0,0,0,0,1,0,0,0,0,0,0,0,1,1,0
Bw3Q,0,0,77.0,0.0,False,False,False,False,False,False,0,0,0,0,0,0,1,1,1,0,0,1,0,0,0,0,0,0,1,0,,0.9,98.0,0.83,94.5055,114.0,9.4,14.0,,1132.0,3.6,140.0,,27.0,81.0,146.0,0,0,29.98,0,0,0,0,0,0,0,0,0,0,0,0,0,1,0,1,1
BA4Q,0,0,65.0,0.0,False,False,False,False,False,False,0,0,1,0,0,0,0,0,0,1,1,0,0,0,1,0,1,0,0,0,3.9,0.4,106.0,0.5,117.8305,101.0,5.0,14.7,8.3,86.0,4.1,142.0,,16.0,74.0,126.0,1,0,35.55,0,0,0,0,0,0,0,0,0,0,0,0,0,0,0,1,0
Bg5Q,0,1,71.0,0.0,False,False,False,False,False,False,0,1,0,0,1,0,1,1,1,1,0,1,1,0,1,0,1,0,1,0,,0.9,100.0,1.24,56.8319,126.0,8.2,11.5,,425.0,3.8,135.0,,21.0,65.0,99.0,0,1,32.77,0,0,0,0,0,0,0,0,0,0,0,0,0,1,0,1,1
Bw5Q,1,1,73.0,1.0,False,False,False,False,False,False,0,1,0,0,0,0,1,0,1,0,1,1,0,0,0,0,1,0,0,0,,0.4,95.0,0.77,86.3323,176.0,12.2,12.6,,1229.0,3.7,136.0,6.0,13.0,80.0,124.0,0,0,23.27,0,0,0,0,0,0,0,0,0,0,0,0,0,1,0,0,1
BA6Q,0,0,74.0,2.0,False,False,False,False,False,False,0,1,0,0,0,0,0,1,1,0,0,0,0,0,1,0,1,0,0,0,,,,,,,,,,,,,,,81.0,117.0,0,0,45.77,0,1,1,1,1,1,1,1,1,1,1,0,0,1,1,1,1
BQ7Q,0,0,69.0,4.0,False,False,False,False,False,False,0,1,0,0,0,0,0,1,1,0,0,0,1,0,1,0,1,0,0,0,4.5,0.6,100.0,0.81,71.4141,85.0,5.4,11.8,9.1,917.0,4.2,135.0,,20.0,63.0,102.0,0,1,,1,0,0,0,0,0,0,0,0,0,0,0,0,0,0,1,0
Bg7Q,0,0,86.0,2.0,False,False,False,False,False,False,0,1,0,0,0,0,1,1,1,1,1,1,0,1,0,1,1,1,1,0,4.4,0.4,106.0,1.24,74.9923,143.0,6.5,12.7,,,4.2,141.0,30.0,27.0,79.0,184.0,0,0,28.34,0,0,0,0,0,0,0,0,0,0,0,0,0,1,1,0,0
Bw7Q,0,1,84.0,1.0,False,False,False,False,False,False,0,1,0,1,0,0,0,0,1,1,0,0,1,0,0,0,1,0,0,0,4.4,0.6,104.0,1.06,69.8985,137.0,,15.9,10.3,,4.9,144.0,,16.0,88.0,149.0,1,0,43.93,0,0,0,0,0,0,1,0,0,0,0,0,0,0,1,1,0
BA8Q,0,0,80.0,0.0,False,False,False,True,False,True,1,1,0,0,0,0,1,0,1,1,0,1,1,1,1,0,1,0,1,0,,0.7,101.0,1.23,58.3447,282.0,12.5,11.9,,16013.0,4.1,138.0,,47.0,56.0,100.0,1,0,29.94,0,0,0,0,0,0,0,0,0,0,0,0,0,1,0,1,1
Bw8Q,0,0,70.0,4.0,True,False,False,False,False,False,0,1,0,0,0,0,0,1,0,0,0,0,0,0,0,0,1,0,0,0,,,,,,,,,,,,,,,68.0,120.0,0,0,25.09,0,1,1,1,1,1,1,1,1,1,1,0,0,1,1,1,1
Bg9Q,0,0,69.0,0.0,True,False,False,False,False,False,0,0,0,0,0,0,0,1,1,0,0,0,0,0,1,0,0,0,0,0,,0.3,108.0,0.79,,98.0,,11.9,,466.0,4.1,141.0,21.0,14.0,72.0,132.0,0,1,32.51,0,0,0,0,1,0,1,0,0,0,0,0,0,1,0,0,1
Bg_Q,0,1,79.0,1.0,False,False,False,False,False,False,0,1,1,0,0,0,0,1,1,1,0,0,1,0,1,0,1,0,1,0,,0.7,97.0,0.88,86.6438,97.0,5.7,8.4,,742.0,4.1,139.0,,20.0,57.0,93.0,0,1,31.57,0,0,0,0,0,0,0,0,0,0,0,0,0,1,0,1,1
BA#Q,0,1,81.0,6.0,False,False,False,False,False,False,0,0,0,0,0,0,0,0,0,0,0,0,0,0,0,0,1,0,0,0,,0.5,106.0,1.07,70.7369,89.0,5.1,14.1,,,4.9,143.0,,16.0,71.0,100.0,0,0,22.885,0,0,0,0,0,0,0,0,0,0,0,0,0,1,1,1,1
BQ#Q,0,0,58.0,0.0,False,False,False,False,False,True,0,0,0,0,0,0,0,1,1,1,0,0,1,0,1,1,0,0,0,0,4.2,1.4,106.0,1.02,82.0,90.0,5.3,13.2,7.8,7975.0,4.4,139.0,,24.0,63.0,129.0,0,0,27.3,0,0,0,0,0,0,0,0,0,0,0,0,0,0,0,1,0
Bg#Q,0,1,21.0,0.0,False,False,False,False,False,False,0,1,0,0,0,0,0,1,1,1,0,0,1,0,0,0,1,0,1,0,,0.6,107.0,0.56,103.6403,101.0,5.7,11.6,,1030.0,3.5,141.0,1209.0,11.0,62.0,131.0,0,0,43.74,0,0,0,0,0,0,0,0,0,0,0,0,0,1,0,0,1
BQAR,0,0,38.0,0.0,False,False,False,True,True,False,0,1,0,0,0,0,0,1,0,0,0,0,0,0,0,0,0,0,0,0,,,104.0,1.16,61.2137,117.0,,16.1,,,4.4,142.0,,15.0,65.0,118.0,0,1,32.41,0,1,0,0,0,0,1,0,0,0,0,0,0,1,1,1,1
BgAR,0,0,57.0,1.0,False,False,False,False,False,False,0,1,0,1,0,0,1,1,1,0,1,1,1,1,0,0,1,1,1,0,,0.5,99.0,0.91,,160.0,9.1,15.1,,540.0,4.1,143.0,,42.0,60.0,114.0,1,0,30.92,0,0,0,0,1,0,0,0,0,0,0,0,0,1,0,1,1
BwAR,0,1,50.0,0.0,False,False,False,False,False,False,0,0,0,0,0,0,0,1,1,0,0,0,1,0,1,0,0,0,1,0,,0.9,101.0,1.11,69.0334,92.0,5.6,13.0,,6460.0,4.4,138.0,,38.0,64.0,97.0,0,1,25.09,0,0,0,0,0,0,0,0,0,0,0,0,0,1,0,1,1
BQDR,0,0,72.0,0.0,True,False,False,False,False,False,0,1,1,0,0,0,0,1,1,1,0,0,0,0,1,0,1,0,0,0,4.9,0.2,102.0,1.48,46.9895,97.0,5.5,11.2,6.0,,3.7,138.0,13.0,30.0,57.0,102.0,0,1,24.3,0,0,0,0,0,0,0,0,0,0,0,0,0,0,1,0,0
BwDR,0,1,73.0,0.0,True,False,False,False,False,False,0,0,0,0,0,1,0,1,0,0,0,0,0,0,1,1,1,0,0,0,,,99.0,1.42,47.3833,88.0,5.0,11.5,,,3.9,134.0,,27.0,72.0,151.0,0,1,22.4998,0,1,0,0,0,0,0,0,0,0,0,0,0,1,1,1,1
BAFR,0,0,72.0,0.0,True,False,True,False,False,False,0,0,0,0,0,0,0,0,0,0,0,0,1,0,0,0,1,0,0,0,,,,,,,,,,,,,,,71.0,113.0,0,0,24.8,0,1,1,1,1,1,1,1,1,1,1,0,0,1,1,1,1
BAGR,0,0,57.0,3.0,False,False,True,False,False,False,0,0,0,0,0,0,0,1,1,1,0,0,0,0,1,0,1,0,0,0,,0.2,102.0,0.56,104.6979,96.0,5.8,13.3,,603.0,4.8,138.0,11.0,9.0,73.0,114.0,0,0,31.72,0,0,0,0,0,0,0,0,0,0,0,0,0,1,0,0,1
BQGR,1,0,80.0,1.0,False,False,False,True,False,False,0,1,1,0,0,0,1,1,1,1,0,0,1,1,1,1,1,0,1,0,4.3,0.5,100.0,1.35,56.8975,338.0,8.9,15.4,8.7,849.0,4.4,137.0,65.0,26.0,96.0,170.0,0,0,49.69,0,0,0,0,0,0,0,0,0,0,0,0,0,0,0,0,0
BwHR,0,0,87.0,5.0,True,False,False,False,False,False,0,0,0,0,0,0,0,0,0,0,0,0,0,0,0,0,1,0,0,0,,,,,,,,,,,,,,,,,1,0,,1,1,1,1,1,1,1,1,1,1,1,1,1,1,1,1,1
BwJR,0,0,63.0,3.0,False,False,False,False,True,False,0,0,0,0,0,0,0,1,1,0,0,0,0,0,1,0,1,0,0,0,3.7,1.4,109.0,1.44,,,5.7,14.8,4.65,1936.0,4.5,140.0,,25.0,96.0,145.0,0,1,23.67,0,0,0,0,1,1,0,0,0,0,0,0,0,0,0,1,0
BgKR,1,1,72.0,3.0,False,False,True,False,False,False,0,0,0,1,0,0,1,1,1,1,0,0,1,0,1,0,0,0,0,0,4.0,0.6,98.0,0.96,77.2132,125.0,6.5,13.7,8.3,2354.0,4.0,139.0,33.0,19.0,60.0,124.0,1,0,49.3792,0,0,0,0,0,0,0,0,0,0,0,0,0,0,0,0,0
BwKR,1,0,69.0,4.0,False,False,False,False,False,False,0,1,0,0,0,0,1,1,1,1,0,1,0,0,0,0,0,0,0,0,,0.6,108.0,0.92,84.0,107.0,6.2,13.7,,,3.9,141.0,,20.0,62.0,164.0,1,0,37.83,0,0,0,0,0,0,0,0,0,0,0,0,0,1,1,1,1
BwLR,0,0,55.0,0.0,False,False,False,False,False,False,0,0,0,0,1,0,0,1,1,0,0,0,1,0,0,0,1,0,0,0,,,96.0,1.96,41.3039,100.0,,13.6,,,4.0,139.0,,36.0,73.0,116.0,0,0,36.25,0,1,0,0,0,0,1,0,0,0,0,0,0,1,1,1,1
BAMR,0,0,88.0,0.0,False,False,False,False,False,False,0,0,0,0,0,0,0,1,1,1,0,0,0,0,0,0,0,0,1,0,,0.7,106.0,0.73,76.5147,97.0,,9.0,,16867.0,3.9,141.0,52.0,12.0,68.0,122.0,1,0,28.61,0,0,0,0,0,0,1,0,0,0,0,0,0,1,0,0,1
BQMR,1,0,78.0,6.0,False,False,False,False,False,False,0,0,0,0,0,0,0,1,1,1,0,0,0,0,0,1,0,0,0,0,,,,,,,,,,,,,,,80.0,132.0,1,0,34.57,0,1,1,1,1,1,1,1,1,1,1,0,0,1,1,1,1
BQNR,1,0,60.0,4.0,False,False,True,False,False,False,0,0,0,0,0,0,1,1,1,0,0,0,0,0,0,0,1,0,1,0,,,,,,,,,,,,,,,65.0,101.0,0,0,25.82,0,1,1,1,1,1,1,1,1,1,1,0,0,1,1,1,1
BwNR,0,0,84.0,0.0,False,False,False,False,False,False,0,1,0,0,0,0,0,0,1,1,0,0,0,0,0,0,1,0,0,0,,0.7,103.0,1.1,63.929,157.0,,12.0,,,4.2,140.0,,24.0,72.0,114.0,0,1,31.63,0,0,0,0,0,0,1,0,0,0,0,0,0,1,1,1,1
BAQR,0,0,66.0,0.0,True,False,False,True,False,False,0,0,0,0,0,1,1,0,0,1,0,1,1,1,0,0,1,1,0,0,,,89.0,1.76,29.7825,182.0,,13.4,,,4.1,135.0,,34.0,86.0,111.0,0,0,29.05,0,1,0,0,0,0,1,0,0,0,0,0,0,1,1,1,1
BgRR,1,0,59.0,0.0,False,False,False,False,False,False,0,0,0,0,0,0,0,0,1,1,0,1,0,1,0,0,1,1,0,0,,,106.0,1.5,33.9452,238.0,,14.6,,6170.0,4.4,142.0,,42.0,72.0,128.0,0,0,31.66,0,1,0,0,0,0,1,0,0,0,0,0,0,1,0,1,1
BwTR,1,0,74.0,6.0,True,False,False,False,False,True,0,1,0,0,0,0,1,1,1,0,0,1,0,1,0,0,1,0,0,0,4.0,0.3,96.0,0.68,,303.0,8.1,12.6,,,3.4,138.0,,14.0,83.0,153.0,1,0,30.72,0,0,0,0,1,0,0,0,0,0,0,0,0,1,1,1,0
BQVR,0,0,42.0,5.0,False,False,False,False,False,False,0,1,1,0,0,0,1,0,0,0,0,1,0,1,0,0,1,0,0,0,,0.2,108.0,0.84,69.8845,267.0,12.9,11.7,,,4.5,141.0,12.0,15.0,80.0,125.0,1,0,24.6094,0,0,0,0,0,0,0,0,0,0,0,0,0,1,1,0,1
BgVR,0,1,72.0,0.0,True,False,False,False,False,False,1,1,0,1,0,0,0,1,0,1,0,0,1,0,0,0,1,0,1,0,4.8,0.5,108.0,0.85,89.3722,81.0,5.7,9.8,8.7,3268.0,4.5,136.0,76.0,17.0,58.0,125.0,0,0,30.97,0,0,0,0,0,0,0,0,0,0,0,0,0,0,0,0,0
BwVR,0,1,74.0,4.0,True,False,False,False,False,True,0,0,0,1,0,0,0,1,1,1,0,0,1,0,0,0,0,0,0,0,,,105.0,0.91,60.104,100.0,,14.3,,703.0,4.7,142.0,,20.0,84.0,124.0,1,0,41.33,0,1,0,0,0,0,1,0,0,0,0,0,0,1,0,1,1
BwWR,0,1,69.0,0.0,False,False,False,False,False,False,0,0,0,0,0,0,0,1,1,0,0,0,1,0,0,0,0,0,0,0,,0.6,99.0,1.14,62.9673,95.0,5.6,13.4,,1009.0,3.8,140.0,40.0,27.0,47.0,81.0,0,1,33.46,0,0,0,0,0,0,0,0,0,0,0,0,0,1,0,0,1
BQXR,0,0,79.0,0.0,False,False,False,False,False,False,0,1,0,1,0,0,0,1,0,1,0,0,0,0,1,0,0,0,1,0,,0.9,102.0,1.26,75.0086,112.0,5.3,14.9,,70.0,4.5,140.0,11.0,16.0,70.0,125.0,1,0,22.34,0,0,0,0,0,0,0,0,0,0,0,0,0,1,0,0,1
BQYR,1,0,78.0,1.0,True,False,True,False,False,False,0,0,0,0,0,0,0,1,1,1,1,0,0,0,0,0,1,0,1,0,,,97.0,1.03,79.1962,208.0,,13.8,8.6,,4.1,139.0,,17.0,70.0,106.0,0,0,41.14,0,1,0,0,0,0,1,0,0,0,0,0,0,0,1,1,1
BgYR,1,0,35.0,2.0,False,False,False,True,False,True,0,0,0,0,0,0,0,0,0,0,0,0,0,0,0,0,1,0,0,0,,,,,,,,,,,,,,,74.0,118.0,1,0,30.62,0,1,1,1,1,1,1,1,1,1,1,0,0,1,1,1,1
BwYR,1,0,79.0,1.0,True,False,False,False,False,False,0,0,0,0,0,0,0,0,0,0,0,0,0,0,0,0,0,0,0,0,,,,,,,,,,,,,,,80.0,120.0,1,0,34.78,0,1,1,1,1,1,1,1,1,1,1,0,0,1,1,1,1
BAZR,1,0,85.0,2.0,True,False,False,False,False,False,0,0,0,0,0,0,0,1,1,0,1,0,0,0,0,0,1,0,0,0,4.1,0.3,99.0,1.03,,112.0,6.2,,,,4.8,141.0,,34.0,89.0,136.0,0,0,,1,0,0,0,1,0,0,1,0,0,0,0,0,1,1,1,0
BQZR,1,0,56.0,4.0,False,False,False,False,False,False,0,0,0,0,0,0,0,0,0,0,0,0,0,0,0,0,0,0,0,0,,,,,,,,,,,,,,,80.0,126.0,0,0,36.8,0,1,1,1,1,1,1,1,1,1,1,0,0,1,1,1,1
BAaR,0,1,77.0,0.0,False,False,True,False,False,False,0,1,0,0,0,0,0,1,1,1,0,1,0,1,0,0,0,0,0,0,,0.5,104.0,1.18,59.2466,199.0,8.2,13.7,,1596.0,4.1,140.0,265.0,19.0,58.0,82.0,0,1,27.55,0,0,0,0,0,0,0,0,0,0,0,0,0,1,0,0,1
BgbR,1,0,65.0,3.0,True,False,False,False,True,False,0,0,0,0,0,0,0,1,1,0,0,0,0,0,0,0,1,0,0,0,3.6,0.3,102.0,0.91,68.126,81.0,5.6,13.6,4.9,,4.4,138.0,,10.0,72.0,106.0,0,1,42.01,0,0,0,0,0,0,0,0,0,0,0,0,0,0,1,1,0
BQcR,0,0,77.0,4.0,True,False,False,False,False,False,0,0,0,0,0,0,0,0,0,0,0,0,0,0,0,0,0,0,0,0,,,,,,,,,,,,,,,72.0,121.0,0,0,32.27,0,1,1,1,1,1,1,1,1,1,1,0,0,1,1,1,1
BAdR,0,0,79.0,1.0,True,False,False,False,False,False,0,1,0,0,0,0,0,1,1,1,0,0,0,0,1,0,1,0,0,0,,0.4,104.0,1.06,74.8858,106.0,5.1,17.5,,126.0,4.4,140.0,,16.0,81.0,127.0,0,1,30.13,0,0,0,0,0,0,0,0,0,0,0,0,0,1,0,1,1
BgdR,1,0,65.0,2.0,False,False,False,False,False,False,0,1,0,1,0,0,1,1,0,1,0,0,0,1,1,0,0,0,1,0,,0.4,100.0,0.88,,138.0,6.8,16.0,11.8,,4.3,142.0,,,62.0,118.0,1,0,41.14,0,0,0,0,1,0,0,0,0,0,1,0,0,0,1,1,1
BwdR,0,1,63.0,0.0,False,False,False,False,False,False,0,1,0,0,1,0,0,0,1,1,1,0,0,0,1,0,1,0,0,0,,0.3,103.0,1.44,38.0,99.0,5.4,14.9,,,4.3,136.0,,29.0,52.0,96.0,0,0,27.73,0,0,0,0,0,0,0,0,0,0,0,0,0,1,1,1,1
BQeR,0,0,61.0,5.0,True,False,False,False,False,False,0,0,0,0,0,0,1,0,1,1,1,0,0,0,0,1,1,0,0,0,,0.5,106.0,0.88,83.7548,133.0,,13.6,,,4.1,140.0,,12.0,75.0,119.0,0,1,23.32,0,0,0,0,0,0,1,0,0,0,0,0,0,1,1,1,1
BQfR,0,0,68.0,6.0,False,False,True,False,False,False,0,0,0,0,0,0,0,0,1,0,0,0,0,1,0,0,0,0,1,0,,,,,,,,,,,,,,,86.0,148.0,1,0,39.58,0,1,1,1,1,1,1,1,1,1,1,0,0,1,1,1,1
BggR,0,1,72.0,0.0,False,False,False,False,False,False,0,1,0,0,0,0,0,0,1,1,0,1,1,0,1,0,1,0,1,0,4.0,0.6,103.0,0.8,73.4164,98.0,6.2,8.6,,1228.0,4.4,139.0,27.0,9.0,69.0,113.0,1,0,30.56,0,0,0,0,0,0,0,0,0,0,0,0,0,1,0,0,0
BQhR,1,0,77.0,1.0,False,False,False,False,False,False,0,0,0,0,0,0,0,0,1,0,0,1,1,0,0,1,1,0,0,0,,0.5,103.0,1.55,44.4212,143.0,6.6,12.2,,13264.0,3.9,139.0,,38.0,67.0,137.0,1,0,27.0198,0,0,0,0,0,0,0,0,0,0,0,0,0,1,0,1,1
BghR,0,0,74.0,2.0,True,False,False,False,False,False,0,0,0,0,0,0,1,0,1,0,0,0,0,0,0,0,0,0,0,0,3.9,0.5,106.0,0.7,80.514,164.0,6.7,11.3,,930.0,4.3,142.0,,13.0,67.0,119.0,1,0,36.21,0,0,0,0,0,0,0,0,0,0,0,0,0,1,0,1,0
BAiR,0,0,70.0,1.0,False,False,False,False,False,False,1,0,0,0,0,0,0,1,1,1,0,0,1,0,1,0,1,0,1,0,,1.1,97.0,1.19,42.8086,97.0,,15.6,,23462.0,4.2,143.0,39.0,24.0,79.0,119.0,0,0,25.52,0,0,0,0,0,0,1,0,0,0,0,0,0,1,0,0,1
BQiR,0,1,83.0,1.0,True,False,False,False,False,False,0,0,0,1,0,1,1,1,0,0,1,1,1,1,0,0,1,1,0,0,,0.4,103.0,0.62,93.0,166.0,7.1,14.9,,10985.0,4.5,138.0,,25.0,73.0,121.0,1,0,20.28,0,0,0,0,0,0,0,0,0,0,0,0,0,1,0,1,1
BgiR,0,0,77.0,0.0,False,False,False,False,False,True,1,1,0,0,0,0,1,1,1,0,0,0,0,1,0,1,0,0,0,0,,0.5,106.0,0.82,82.8226,102.0,,13.0,,,5.0,144.0,,14.0,73.0,162.0,0,0,,1,0,0,0,0,0,1,0,0,0,0,0,0,1,1,1,1
BwjR,1,1,76.0,2.0,True,False,False,False,False,False,0,0,0,0,0,0,1,1,0,0,0,1,0,0,0,0,0,0,0,0,4.2,0.3,101.0,0.86,65.2343,99.0,7.9,12.3,8.3,,4.3,138.0,,13.0,72.0,148.0,0,1,30.18,0,0,0,0,0,0,0,0,0,0,0,0,0,0,1,1,0
BAlR,0,1,75.0,2.0,False,False,False,False,False,False,0,0,0,0,0,0,0,0,1,0,0,0,0,0,0,0,1,0,0,0,,,,,,,,,,,,,,,70.0,130.0,0,1,29.21,0,1,1,1,1,1,1,1,1,1,1,0,0,1,1,1,1
BAoR,0,0,81.0,0.0,True,False,False,False,False,False,0,0,0,0,0,0,0,1,1,1,0,0,0,0,1,0,1,0,0,0,,1.5,106.0,0.88,85.6151,104.0,,13.1,,4020.0,4.2,141.0,25.0,15.0,90.0,119.0,0,1,29.97,0,0,0,0,0,0,1,0,0,0,0,0,0,1,0,0,1
BgoR,0,0,77.0,0.0,False,False,False,False,False,False,0,0,0,0,0,0,0,1,1,0,0,0,1,0,1,0,0,0,0,0,,0.4,100.0,1.18,63.6273,107.0,,12.7,,5614.0,4.8,132.0,25.0,20.0,95.0,128.0,0,1,25.39,0,0,0,0,0,0,1,0,0,0,0,0,0,1,0,0,1
BApR,0,1,69.0,0.0,False,False,False,False,False,False,0,0,0,0,0,0,0,0,1,1,0,0,1,0,0,0,0,0,1,0,,0.5,102.0,0.63,144.9283,105.0,,8.3,,2825.0,4.5,135.0,,8.0,74.0,133.0,0,0,31.95,0,0,0,0,0,0,1,0,0,0,0,0,0,1,0,1,1
BwpR,1,0,87.0,7.0,False,False,False,False,False,False,0,0,0,1,0,0,1,1,1,0,1,0,0,1,0,0,1,0,0,0,,,,,,,,,,,,,,,75.0,140.0,0,0,39.45,0,1,1,1,1,1,1,1,1,1,1,0,0,1,1,1,1
BQqR,0,1,65.0,5.0,False,False,False,False,False,False,0,1,0,0,0,0,0,0,1,0,1,0,1,0,1,0,1,0,0,0,,,,,,,,,,,,,,,70.0,112.0,0,1,27.09,0,1,1,1,1,1,1,1,1,1,1,0,0,1,1,1,1
BQrR,0,0,66.0,0.0,False,False,False,False,False,False,0,0,0,0,0,0,0,0,1,1,0,1,1,1,0,0,0,1,0,0,,0.5,102.0,0.72,111.3555,119.0,6.9,14.5,,2689.0,5.1,136.0,17.0,13.0,66.0,131.0,1,0,45.33,0,0,0,0,0,0,0,0,0,0,0,0,0,1,0,0,1
BAsR,0,0,72.0,0.0,False,False,False,True,False,True,0,1,0,0,0,0,0,0,1,1,0,0,0,0,1,0,1,0,1,0,4.3,0.5,100.0,0.8,95.0241,156.0,5.7,15.1,5.3,2258.0,4.6,137.0,6733.0,12.0,55.0,103.0,0,0,27.11,0,0,0,0,0,0,0,0,0,0,0,0,0,0,0,0,0
BguR,1,0,80.0,2.0,True,False,False,False,False,False,0,0,0,0,0,0,0,1,1,0,0,0,1,0,0,0,1,0,0,0,,,,,,,,,,,,,,,80.0,138.0,0,1,,1,1,1,1,1,1,1,1,1,1,1,0,0,1,1,1,1
BwuR,0,0,39.0,0.0,False,False,False,False,False,False,0,1,0,0,0,0,0,1,1,1,0,0,0,0,1,0,1,0,1,0,3.8,1.0,100.0,0.81,99.3048,127.0,6.7,14.0,11.84,6659.0,4.3,137.0,124.0,11.0,77.0,115.0,0,1,37.3423,0,0,0,0,0,0,0,0,0,0,0,0,0,0,0,0,0
BAvR,0,0,60.0,6.0,True,False,False,False,False,False,0,0,0,1,0,0,1,1,0,1,0,0,0,1,0,0,0,0,0,0,4.2,0.7,101.0,0.81,95.9383,353.0,13.8,15.9,8.3,,4.3,135.0,,10.0,,,1,0,39.3874,0,0,0,0,0,0,0,0,0,0,0,1,1,0,1,1,0
BQwR,0,1,82.0,0.0,False,False,False,False,False,False,1,0,0,1,0,0,1,1,1,0,0,0,0,0,0,0,1,0,0,0,,,102.0,1.19,59.7589,135.0,7.6,14.3,,,4.2,142.0,,21.0,68.0,109.0,0,1,27.85,0,1,0,0,0,0,0,0,0,0,0,0,0,1,1,1,1
BwwR,1,0,71.0,3.0,False,False,False,False,False,False,0,0,0,0,0,0,0,1,1,1,0,0,1,0,1,1,1,0,0,0,4.5,1.1,102.0,1.11,59.9774,111.0,,16.1,7.8,,4.2,147.0,,16.0,76.0,124.0,0,0,40.05,0,0,0,0,0,0,1,0,0,0,0,0,0,0,1,1,0
BQyR,1,1,82.0,0.0,True,False,False,False,False,True,0,0,0,0,0,0,1,1,1,0,0,1,1,0,0,0,1,0,0,0,,,,,,,,,,,,,,,,,0,1,31.68,0,1,1,1,1,1,1,1,1,1,1,1,1,1,1,1,1
BgzR,0,0,61.0,0.0,False,False,False,False,False,False,0,1,0,0,0,0,0,1,1,1,0,0,0,0,1,0,1,0,0,0,,,101.0,1.01,71.2579,96.0,,14.3,,,4.3,139.0,,27.0,59.0,114.0,0,1,23.95,0,1,0,0,0,0,1,0,0,0,0,0,0,1,1,1,1
BwzR,1,1,57.0,0.0,False,False,False,False,False,False,0,1,0,0,0,0,1,1,1,0,0,1,1,1,1,0,1,0,0,0,,0.7,97.0,0.78,100.5298,167.0,9.5,12.3,,507.0,3.7,135.0,,18.0,70.0,115.0,0,1,,1,0,0,0,0,0,0,0,0,0,0,0,0,1,0,1,1
Bw0R,1,0,71.0,0.0,True,False,False,False,False,False,0,1,0,0,0,0,1,1,1,0,1,1,1,1,0,0,1,0,1,0,,0.2,97.0,0.63,124.8373,151.0,7.6,11.6,,,4.3,136.0,,13.0,79.0,146.0,1,0,31.24,0,0,0,0,0,0,0,0,0,0,0,0,0,1,1,1,1
BA2R,0,0,60.0,1.0,True,False,False,False,False,False,0,0,0,0,0,0,0,1,1,1,0,0,0,0,1,0,1,0,0,0,4.6,0.4,104.0,0.98,69.2493,118.0,5.5,13.9,,,4.8,141.0,,13.0,86.0,145.0,0,0,22.67,0,0,0,0,0,0,0,0,0,0,0,0,0,1,1,1,0
BA3R,1,0,71.0,5.0,False,False,False,False,False,False,0,1,0,1,0,0,0,1,1,0,0,0,0,0,1,1,1,0,0,0,,0.4,98.0,1.07,69.3598,206.0,,16.7,,,4.7,135.0,18.0,27.0,79.0,125.0,0,1,39.61,0,0,0,0,0,0,1,0,0,0,0,0,0,1,1,0,1
BQ3R,0,0,77.0,1.0,False,False,False,False,False,True,0,1,0,1,0,0,1,1,1,0,0,1,0,1,0,0,1,0,0,0,,0.2,104.0,1.03,63.0,173.0,7.2,9.6,,359.0,4.9,138.0,,14.0,54.0,94.0,0,0,44.75,0,0,0,0,0,0,0,0,0,0,0,0,0,1,0,1,1
Bw3R,0,0,65.0,2.0,False,False,False,False,False,False,0,0,0,0,0,0,0,0,0,0,0,0,0,0,1,0,1,0,0,0,,,,,,,,,,,,,,,60.0,110.0,0,0,30.81,0,1,1,1,1,1,1,1,1,1,1,0,0,1,1,1,1
BQ4R,1,0,69.0,3.0,False,False,False,False,False,True,0,1,0,0,1,0,1,1,0,1,0,1,0,0,0,1,0,0,0,0,,0.5,98.0,0.99,95.1227,202.0,7.2,12.2,,,3.4,137.0,,21.0,81.0,156.0,0,1,35.57,0,0,0,0,0,0,0,0,0,0,0,0,0,1,1,1,1
BQ5R,1,0,79.0,2.0,True,False,False,False,False,False,0,0,0,0,0,0,0,1,1,1,0,0,1,1,0,0,1,0,0,0,,,97.0,0.91,86.8217,127.0,,,,,4.2,139.0,,12.0,96.0,118.0,1,0,,1,1,0,0,0,0,1,1,0,0,0,0,0,1,1,1,1
Bw5R,0,0,67.0,0.0,False,False,False,False,False,False,0,1,0,1,0,0,1,1,1,1,1,1,1,1,0,0,1,0,1,0,,0.4,101.0,0.77,73.0793,174.0,9.1,12.6,,499.0,3.4,142.0,,24.0,70.0,107.0,0,1,20.63,0,0,0,0,0,0,0,0,0,0,0,0,0,1,0,1,1
BA7R,0,1,73.0,0.0,False,False,False,False,False,False,0,0,0,0,0,0,0,1,0,1,0,0,1,0,1,0,1,0,0,0,4.3,0.7,0.101,1.01,53.1493,92.0,6.2,,,,0.0047,0.14,,,70.0,110.0,0,1,26.87,0,0,0,0,0,0,0,1,0,0,1,0,0,1,1,1,0
BQ7R,1,0,62.0,0.0,True,False,False,False,False,False,0,0,0,0,0,1,1,1,1,1,0,1,0,1,0,0,1,0,0,0,4.1,0.3,103.0,0.8,,125.0,9.0,12.2,5.3,32.0,4.7,140.0,,21.0,68.0,135.0,1,0,40.981,0,0,0,0,1,0,0,0,0,0,0,0,0,0,0,1,0
BA8R,0,0,22.0,1.0,False,False,True,False,False,False,0,0,0,0,0,0,1,0,0,0,0,1,0,1,0,0,0,0,0,1,,,,,,,5.8,,,,,,,,79.0,118.0,0,1,31.61,0,1,1,1,1,1,0,1,1,1,1,0,0,1,1,1,1
BA9R,0,0,56.0,2.0,True,False,False,False,False,False,0,1,0,0,1,0,0,1,1,0,0,0,1,0,1,1,1,0,0,0,4.1,1.0,100.0,1.03,69.6636,98.0,,13.2,4.1,,4.6,137.0,,16.0,58.0,112.0,0,1,22.11,0,0,0,0,0,0,1,0,0,0,0,0,0,0,1,1,0
BQ9R,0,0,83.0,1.0,False,False,False,False,False,False,0,1,0,0,0,0,0,1,1,0,0,0,1,0,1,0,1,0,1,0,,0.9,102.0,1.0,78.1646,99.0,5.7,15.1,,4229.0,4.0,138.0,,17.0,86.0,129.0,1,0,45.77,0,0,0,0,0,0,0,0,0,0,0,0,0,1,0,1,1
Bw9R,0,0,72.0,0.0,True,False,False,False,False,False,0,0,0,0,0,0,0,1,1,0,0,0,0,0,0,0,0,0,0,0,4.4,0.5,107.0,0.87,95.772,96.0,5.3,14.9,9.8,,3.9,139.0,,11.0,76.0,110.0,0,1,27.5,0,0,0,0,0,0,0,0,0,0,0,0,0,0,1,1,0
BA_R,0,0,71.0,0.0,False,False,False,False,False,False,0,0,0,1,1,0,0,1,1,1,0,0,0,0,1,0,0,0,0,0,4.1,0.6,101.0,1.49,,91.0,5.3,15.9,7.4,,4.9,136.0,,30.0,78.0,128.0,1,0,24.68,0,0,0,0,1,0,0,0,0,0,0,0,0,0,1,1,0
BA#R,0,0,82.0,0.0,True,False,False,False,False,False,0,0,0,0,0,0,0,1,1,0,0,0,1,0,0,0,1,0,0,0,,,,,,,,,,,,,,,56.0,120.0,1,0,29.78,0,1,1,1,1,1,1,1,1,1,1,0,0,1,1,1,1
BQAS,0,0,83.0,0.0,False,False,True,False,False,True,0,1,0,0,0,1,1,1,1,1,0,1,1,1,1,0,1,0,1,0,,0.7,106.0,1.22,,153.0,7.1,14.4,,,4.3,142.0,27.0,17.0,70.0,112.0,0,1,31.21,0,0,0,0,1,0,0,0,0,0,0,0,0,1,1,0,1
BwAS,0,0,84.0,0.0,False,False,False,False,False,False,0,0,0,0,0,0,0,1,1,0,1,0,1,0,1,0,1,0,0,0,,0.8,91.0,0.61,93.6696,99.0,5.4,12.2,,3850.0,4.2,131.0,11.0,23.0,80.0,146.0,1,0,20.28,0,0,0,0,0,0,0,0,0,0,0,0,0,1,0,0,1
BABS,1,0,60.0,1.0,True,False,True,False,False,False,0,0,0,0,0,0,1,1,0,0,1,1,0,1,0,0,1,1,0,0,4.7,0.6,103.0,1.21,63.7373,122.0,7.1,12.6,,24.0,4.6,141.0,,16.0,88.0,137.0,0,0,36.84,0,0,0,0,0,0,0,0,0,0,0,0,0,1,0,1,0
BQBS,0,0,88.0,0.0,False,True,False,False,False,False,0,0,0,0,0,0,1,1,1,1,0,1,1,1,1,0,1,1,1,0,,,,,,,,,,,,,,,58.0,101.0,0,0,40.34,0,1,1,1,1,1,1,1,1,1,1,0,0,1,1,1,1
BgBS,0,0,62.0,0.0,False,False,False,False,False,False,0,0,0,1,0,0,0,1,1,1,0,0,1,0,0,1,0,0,0,0,,0.4,97.0,1.01,93.6539,91.0,,14.9,,6420.0,4.4,139.0,,16.0,116.0,188.0,0,1,24.74,0,0,0,0,0,0,1,0,0,0,0,0,0,1,0,1,1
BwBS,0,1,63.0,1.0,True,False,False,False,False,False,0,1,0,1,0,0,1,1,1,1,0,1,1,0,1,0,1,0,0,0,,0.5,100.0,0.75,107.0,82.0,6.0,9.8,,4608.0,4.8,134.0,,14.0,71.0,130.0,0,1,27.87,0,0,0,0,0,0,0,0,0,0,0,0,0,1,0,1,1
BQCS,0,0,79.0,3.0,False,False,False,False,False,False,0,0,0,0,0,0,0,1,1,1,0,0,1,0,1,1,1,0,0,0,4.0,0.9,106.0,1.36,56.6672,,,15.4,7.26,6441.0,3.5,141.0,,24.0,100.0,152.0,0,1,38.02,0,0,0,0,0,1,1,0,0,0,0,0,0,0,0,1,0
BgCS,0,0,77.0,0.0,True,False,False,False,False,False,0,1,0,0,0,0,0,1,1,1,0,0,0,0,1,0,1,0,0,0,,1.0,102.0,1.21,57.5548,134.0,5.7,11.0,,114.0,3.9,137.0,2345.0,21.0,64.0,140.0,0,1,24.98,0,0,0,0,0,0,0,0,0,0,0,0,0,1,0,0,1
BwCS,0,0,73.0,0.0,False,False,False,False,False,False,0,0,0,0,0,0,0,1,1,0,0,0,1,0,1,0,0,0,0,0,4.5,0.3,100.0,0.53,,,5.8,13.9,5.7,,4.3,138.0,,16.0,81.0,115.0,0,1,35.14,0,0,0,0,1,1,0,0,0,0,0,0,0,0,1,1,0
BQDS,0,0,78.0,0.0,False,True,False,False,False,False,0,1,0,0,0,0,0,1,1,1,0,1,0,0,0,0,1,0,0,0,,0.5,103.0,0.98,91.0,153.0,7.5,15.8,,66.0,4.2,141.0,,15.0,99.0,148.0,0,0,27.68,0,0,0,0,0,0,0,0,0,0,0,0,0,1,0,1,1
BwDS,0,1,72.0,0.0,False,False,False,True,False,True,0,1,0,1,0,0,0,0,1,0,0,0,1,0,0,0,1,0,0,0,,0.8,98.0,0.41,,71.0,,8.3,,9168.0,4.4,138.0,25.0,10.0,85.0,140.0,0,0,24.22,0,0,0,0,1,0,1,0,0,0,0,0,0,1,0,0,1
BQES,0,0,65.0,1.0,True,False,False,False,False,True,0,0,0,0,0,0,1,1,1,1,0,0,1,1,1,0,0,0,0,0,4.0,1.2,101.0,1.48,47.8522,163.0,,,,,3.9,137.0,,31.0,72.0,128.0,1,0,27.21,0,0,0,0,0,0,1,1,0,0,0,0,0,1,1,1,0
BwES,0,0,65.0,0.0,True,False,False,False,False,False,0,0,0,0,0,0,0,1,1,1,0,0,0,0,1,0,1,0,0,0,,0.4,103.0,1.05,62.9805,85.0,,12.9,,,4.1,138.0,21.0,21.0,77.0,157.0,0,1,20.73,0,0,0,0,0,0,1,0,0,0,0,0,0,1,1,0,1
BgFS,0,0,67.0,5.0,False,False,False,True,True,False,0,1,0,0,1,0,0,1,1,0,0,0,1,0,1,0,1,0,0,0,4.5,0.5,103.0,1.81,36.2535,109.0,5.7,14.2,,616.0,5.2,140.0,,33.0,82.0,112.0,0,1,35.08,0,0,0,0,0,0,0,0,0,0,0,0,0,1,0,1,0
BAGS,0,0,60.0,0.0,True,False,False,False,False,False,0,0,0,0,0,1,0,1,1,1,0,0,1,0,1,1,0,0,0,0,,0.4,104.0,0.57,88.0,107.0,,10.3,,1428.0,3.4,142.0,,8.0,81.0,140.0,1,0,,1,0,0,0,0,0,1,0,0,0,0,0,0,1,0,1,1
BQHS,0,0,73.0,0.0,False,False,False,False,False,False,0,0,0,0,0,0,1,0,1,0,0,1,0,1,0,1,0,0,0,1,,,102.0,0.95,85.0,303.0,,8.3,,200.0,3.4,140.0,,17.0,73.0,125.0,0,0,29.1365,0,1,0,0,0,0,1,0,0,0,0,0,0,1,0,1,1
BgHS,0,0,55.0,0.0,False,False,False,False,True,False,0,0,0,1,0,0,0,1,0,0,0,0,1,0,0,1,0,0,1,0,,1.0,100.0,0.64,93.1298,125.0,4.7,13.1,,716.0,5.2,139.0,16.0,20.0,60.0,149.0,1,0,47.87,0,0,0,0,0,0,0,0,0,0,0,0,0,1,0,0,1
BwHS,1,0,72.0,1.0,False,False,False,False,False,False,0,1,0,0,0,0,0,1,1,1,1,0,1,0,1,0,1,0,0,0,,0.5,103.0,0.91,61.8502,106.0,5.7,11.0,,2149.0,5.0,142.0,24.0,16.0,97.0,166.0,0,0,48.41,0,0,0,0,0,0,0,0,0,0,0,0,0,1,0,0,1
BgIS,1,0,59.0,1.0,False,False,False,False,False,False,0,0,0,0,0,0,1,1,0,0,1,1,0,0,0,0,1,0,0,0,,,,,,,8.4,11.6,6.7,,,,,,80.0,150.0,0,0,45.45,0,1,1,1,1,1,0,0,1,1,1,0,0,0,1,1,1
